hour,event,charter_id,count,gross_tokens,resolution_fee,price_tokens,internal_tokens,wallet_tokens,fresh_tokens,elapsed_days,timestamp_utc
0.0,retire,935,1.0,24153.81872706161,0.02076114154954585,,,,,0.0,2026-09-16T05:40:47+00:00
0.0,retire,725,1.0,24277.518727061608,0.022123182206784636,,,,,0.0,2026-09-16T05:40:47+00:00
0.0,retire,592,1.0,15307.518727061612,0.02333342956184014,,,,,0.0,2026-09-16T05:40:47+00:00
0.0,retire,9,1.0,12651.00872706161,0.02453879524879477,,,,,0.0,2026-09-16T05:40:47+00:00
0.0,retire,747,1.0,12640.30872706161,0.02592856169394156,,,,,0.0,2026-09-16T05:40:47+00:00
1.0,retire,133,1.0,6720.058661901677,0.026742872897668996,,,,,0.041666666666666664,2026-09-16T06:40:47+00:00
2.0,retire,133,1.0,6744.506831781532,0.027612817513129585,,,,,0.08333333333333333,2026-09-16T07:40:47+00:00
20.0,license,444,,,,26675.390038122758,1066.095691771978,25609.29434635078,0.0,0.8333333333333334,2026-09-17T01:40:47+00:00
20.0,license,968,,,,26675.390038122758,1243.1308325778855,25432.259205544873,0.0,0.8333333333333334,2026-09-17T01:40:47+00:00
20.0,license,942,,,,26675.390038122758,1243.1308325778855,25432.259205544873,0.0,0.8333333333333334,2026-09-17T01:40:47+00:00
20.0,license,940,,,,26675.390038122758,1243.1308325778855,25432.259205544873,0.0,0.8333333333333334,2026-09-17T01:40:47+00:00
20.0,license,926,,,,26675.390038122758,1243.1308325778855,25432.259205544873,0.0,0.8333333333333334,2026-09-17T01:40:47+00:00
20.0,license,917,,,,26675.390038122758,1243.1308325778855,25432.259205544873,0.0,0.8333333333333334,2026-09-17T01:40:47+00:00
20.0,license,921,,,,26675.390038122758,1243.1308325778855,25432.259205544873,0.0,0.8333333333333334,2026-09-17T01:40:47+00:00
20.0,license,954,,,,26675.390038122758,1243.1308325778855,25432.259205544873,0.0,0.8333333333333334,2026-09-17T01:40:47+00:00
20.0,license,890,,,,26675.390038122758,1243.1308325778855,25432.259205544873,0.0,0.8333333333333334,2026-09-17T01:40:47+00:00
20.0,license,887,,,,26675.390038122758,1243.1308325778855,25432.259205544873,0.0,0.8333333333333334,2026-09-17T01:40:47+00:00
20.0,license,60,,,,26675.390038122758,1243.1308325778855,25432.259205544873,0.0,0.8333333333333334,2026-09-17T01:40:47+00:00
20.0,license,846,,,,26675.390038122758,1243.1308325778855,25432.259205544873,0.0,0.8333333333333334,2026-09-17T01:40:47+00:00
20.0,license,870,,,,26675.390038122758,1243.1308325778855,25432.259205544873,0.0,0.8333333333333334,2026-09-17T01:40:47+00:00
20.0,license,66,,,,26675.390038122758,1243.1308325778855,25432.259205544873,0.0,0.8333333333333334,2026-09-17T01:40:47+00:00
20.0,license,900,,,,26675.390038122758,1243.1308325778855,25432.259205544873,0.0,0.8333333333333334,2026-09-17T01:40:47+00:00
20.0,license,948,,,,26675.390038122758,1243.1308325778855,25432.259205544873,0.0,0.8333333333333334,2026-09-17T01:40:47+00:00
20.0,license,715,,,,26675.390038122758,1243.1308325778855,25432.259205544873,0.0,0.8333333333333334,2026-09-17T01:40:47+00:00
20.0,license,694,,,,26675.390038122758,1243.1308325778855,25432.259205544873,0.0,0.8333333333333334,2026-09-17T01:40:47+00:00
20.0,license,683,,,,26675.390038122758,1243.1308325778855,25432.259205544873,0.0,0.8333333333333334,2026-09-17T01:40:47+00:00
20.0,license,676,,,,26675.390038122758,1243.1308325778855,25432.259205544873,0.0,0.8333333333333334,2026-09-17T01:40:47+00:00
20.0,license,146,,,,26675.390038122758,1243.1308325778855,25432.259205544873,0.0,0.8333333333333334,2026-09-17T01:40:47+00:00
20.0,license,730,,,,26675.390038122758,1243.1308325778855,25432.259205544873,0.0,0.8333333333333334,2026-09-17T01:40:47+00:00
20.0,license,750,,,,26675.390038122758,1243.1308325778855,25432.259205544873,0.0,0.8333333333333334,2026-09-17T01:40:47+00:00
20.0,license,789,,,,26675.390038122758,1243.1308325778855,25432.259205544873,0.0,0.8333333333333334,2026-09-17T01:40:47+00:00
20.0,license,110,,,,26675.390038122758,1243.1308325778855,25432.259205544873,0.0,0.8333333333333334,2026-09-17T01:40:47+00:00
20.0,license,112,,,,26675.390038122758,1243.1308325778855,25432.259205544873,0.0,0.8333333333333334,2026-09-17T01:40:47+00:00
20.0,license,778,,,,26675.390038122758,1243.1308325778855,25432.259205544873,0.0,0.8333333333333334,2026-09-17T01:40:47+00:00
20.0,license,795,,,,26675.390038122758,1243.1308325778855,25432.259205544873,0.0,0.8333333333333334,2026-09-17T01:40:47+00:00
20.0,license,805,,,,26675.390038122758,1243.1308325778855,25432.259205544873,0.0,0.8333333333333334,2026-09-17T01:40:47+00:00
20.0,license,784,,,,26675.390038122758,1243.1308325778855,25432.259205544873,0.0,0.8333333333333334,2026-09-17T01:40:47+00:00
20.0,license,838,,,,26675.390038122758,1243.1308325778855,25432.259205544873,0.0,0.8333333333333334,2026-09-17T01:40:47+00:00
20.0,license,379,,,,26675.390038122758,1243.1308325778855,25432.259205544873,0.0,0.8333333333333334,2026-09-17T01:40:47+00:00
20.0,license,225,,,,26675.390038122758,1243.1308325778855,25432.259205544873,0.0,0.8333333333333334,2026-09-17T01:40:47+00:00
20.0,license,475,,,,26675.390038122758,1243.1308325778855,25432.259205544873,0.0,0.8333333333333334,2026-09-17T01:40:47+00:00
20.0,license,626,,,,26675.390038122758,1243.1308325778855,25432.259205544873,0.0,0.8333333333333334,2026-09-17T01:40:47+00:00
20.0,license,556,,,,26675.390038122758,1243.1308325778855,25432.259205544873,0.0,0.8333333333333334,2026-09-17T01:40:47+00:00
20.0,license,207,,,,26675.390038122758,1243.1308325778855,25432.259205544873,0.0,0.8333333333333334,2026-09-17T01:40:47+00:00
20.0,license,595,,,,26675.390038122758,1243.1308325778855,25432.259205544873,0.0,0.8333333333333334,2026-09-17T01:40:47+00:00
20.0,license,373,,,,26675.390038122758,1243.1308325778855,25432.259205544873,0.0,0.8333333333333334,2026-09-17T01:40:47+00:00
20.0,license,565,,,,26675.390038122758,1243.1308325778855,25432.259205544873,0.0,0.8333333333333334,2026-09-17T01:40:47+00:00
20.0,license,342,,,,26675.390038122758,1243.1308325778855,25432.259205544873,0.0,0.8333333333333334,2026-09-17T01:40:47+00:00
20.0,license,309,,,,26675.390038122758,1243.1308325778855,25432.259205544873,0.0,0.8333333333333334,2026-09-17T01:40:47+00:00
20.0,license,275,,,,26675.390038122758,1243.1308325778855,25432.259205544873,0.0,0.8333333333333334,2026-09-17T01:40:47+00:00
20.0,license,987,,,,26675.390038122758,1243.1308325778855,25432.259205544873,0.0,0.8333333333333334,2026-09-17T01:40:47+00:00
20.0,license,332,,,,26675.390038122758,1243.1308325778855,25432.259205544873,0.0,0.8333333333333334,2026-09-17T01:40:47+00:00
20.0,license,648,,,,26675.390038122758,1243.1308325778855,25432.259205544873,0.0,0.8333333333333334,2026-09-17T01:40:47+00:00
20.0,license,630,,,,26675.390038122758,1243.1308325778855,25432.259205544873,0.0,0.8333333333333334,2026-09-17T01:40:47+00:00
20.0,license,647,,,,26675.390038122758,1243.1308325778855,25432.259205544873,0.0,0.8333333333333334,2026-09-17T01:40:47+00:00
20.0,license,179,,,,26675.390038122758,1243.1308325778855,25432.259205544873,0.0,0.8333333333333334,2026-09-17T01:40:47+00:00
20.0,license,4,,,,26675.390038122758,1243.1308325778855,24063.356412727146,1368.9027928188443,0.8333333333333334,2026-09-17T01:40:47+00:00
20.0,license,644,,,,26675.390038122758,1224.6287146094119,25450.761323513347,0.0,0.8333333333333334,2026-09-17T01:40:47+00:00
20.0,license,963,,,,26675.390038122758,1293.1308325778846,25382.259205544873,0.0,0.8333333333333334,2026-09-17T01:40:47+00:00
20.0,license,855,,,,26675.390038122758,1243.1308325778855,20864.13312902939,4568.126076512039,0.8333333333333334,2026-09-17T01:40:47+00:00
20.0,license,659,,,,26675.390038122758,1343.1308325778834,25332.259205544873,0.0,0.8333333333333334,2026-09-17T01:40:47+00:00
20.0,license,862,,,,26675.390038122758,1243.1308325778855,0.0,25432.25920554623,0.8333333333333334,2026-09-17T01:40:47+00:00
20.0,license,619,,,,26675.390038122758,1243.1308325778855,0.0,25432.25920554623,0.8333333333333334,2026-09-17T01:40:47+00:00
20.0,license,636,,,,26675.390038122758,1243.1308325778855,0.0,25432.259205549955,0.8333333333333334,2026-09-17T01:40:47+00:00
20.0,license,150,,,,26675.390038122758,1616.1417674021232,25059.248270720636,0.0,0.8333333333333334,2026-09-17T01:40:47+00:00
20.0,license,508,,,,26675.390038122758,2129.543914685118,24545.84612343764,0.0,0.8333333333333334,2026-09-17T01:40:47+00:00
20.0,license,680,,,,26675.390038122758,2485.7277574147174,24189.662280708042,0.0,0.8333333333333334,2026-09-17T01:40:47+00:00
20.0,license,623,,,,26675.390038122758,2487.8832552578483,24187.506782864908,0.0,0.8333333333333334,2026-09-17T01:40:47+00:00
20.0,license,823,,,,26675.390038122758,2488.39587308054,24186.99416504222,0.0,0.8333333333333334,2026-09-17T01:40:47+00:00
20.0,license,171,,,,26675.390038122758,2489.932830370341,24185.457207752417,0.0,0.8333333333333334,2026-09-17T01:40:47+00:00
20.0,license,709,,,,26675.390038122758,2490.7159847654057,2868.4521224395467,21316.221930917352,0.8333333333333334,2026-09-17T01:40:47+00:00
20.0,license,73,,,,26675.390038122758,2491.363595768529,24184.02644235423,0.0,0.8333333333333334,2026-09-17T01:40:47+00:00
20.0,license,700,,,,26675.390038122758,2656.9448844692906,24018.44515365347,0.0,0.8333333333333334,2026-09-17T01:40:47+00:00
20.0,license,51,,,,26675.390038122758,3727.040643310209,22948.349394812547,0.0,0.8333333333333334,2026-09-17T01:40:47+00:00
20.0,license,979,,,,26675.390038122758,3731.5296836336597,22943.860354489098,0.0,0.8333333333333334,2026-09-17T01:40:47+00:00
20.0,license,621,,,,26675.390038122758,3634.092095146463,23041.297942976293,0.0,0.8333333333333334,2026-09-17T01:40:47+00:00
20.0,license,658,,,,26675.390038122758,1243.1308325778855,25432.259205544873,0.0,0.8333333333333334,2026-09-17T01:40:47+00:00
20.0,license,736,,,,26675.390038122758,4966.535157068533,21708.854881054223,0.0,0.8333333333333334,2026-09-17T01:40:47+00:00
20.0,license,755,,,,26675.390038122758,4967.127682897858,2868.4521224437813,18839.810232780874,0.8333333333333334,2026-09-17T01:40:47+00:00
20.0,license,735,,,,26675.390038122758,4967.851612797913,21707.538425324845,0.0,0.8333333333333334,2026-09-17T01:40:47+00:00
20.0,license,745,,,,26675.390038122758,1243.1308325778855,25432.259205544873,0.0,0.8333333333333334,2026-09-17T01:40:47+00:00
20.0,license,525,,,,26675.390038122758,1243.1308325778855,25432.259205544873,0.0,0.8333333333333334,2026-09-17T01:40:47+00:00
20.0,license,954,,,,26675.390038122758,0.0,26675.390038122758,0.0,0.8333333333333334,2026-09-17T01:40:47+00:00
20.0,license,778,,,,26675.390038122758,0.0,26675.390038122758,0.0,0.8333333333333334,2026-09-17T01:40:47+00:00
20.0,license,784,,,,26675.390038122758,0.0,26675.390038122758,0.0,0.8333333333333334,2026-09-17T01:40:47+00:00
20.0,license,60,,,,26675.390038122758,0.0,26675.390038122758,0.0,0.8333333333333334,2026-09-17T01:40:47+00:00
20.0,license,715,,,,26675.390038122758,0.0,26675.390038122758,0.0,0.8333333333333334,2026-09-17T01:40:47+00:00
20.0,license,146,,,,26675.390038122758,0.0,26675.390038122758,0.0,0.8333333333333334,2026-09-17T01:40:47+00:00
20.0,license,112,,,,26675.390038122758,0.0,26675.390038122758,0.0,0.8333333333333334,2026-09-17T01:40:47+00:00
20.0,license,332,,,,26675.390038122758,0.0,26675.390038122758,0.0,0.8333333333333334,2026-09-17T01:40:47+00:00
20.0,license,987,,,,26675.390038122758,0.0,26675.390038122758,0.0,0.8333333333333334,2026-09-17T01:40:47+00:00
20.0,license,207,,,,26675.390038122758,0.0,26675.390038122758,0.0,0.8333333333333334,2026-09-17T01:40:47+00:00
20.0,license,379,,,,26675.390038122758,0.0,26675.390038122758,0.0,0.8333333333333334,2026-09-17T01:40:47+00:00
20.0,license,823,,,,26675.390038122758,0.0,26675.390038122758,0.0,0.8333333333333334,2026-09-17T01:40:47+00:00
20.0,license,979,,,,26675.390038122758,0.0,26675.390038122758,0.0,0.8333333333333334,2026-09-17T01:40:47+00:00
20.0,license,150,,,,26675.390038122758,0.0,22051.838027930324,4623.552010193467,0.8333333333333334,2026-09-17T01:40:47+00:00
20.0,license,621,,,,26675.390038122758,0.0,26675.390038122758,0.0,0.8333333333333334,2026-09-17T01:40:47+00:00
20.0,license,647,,,,26675.390038122758,0.0,3628.887198965007,23046.502839155495,0.8333333333333334,2026-09-17T01:40:47+00:00
20.0,license,626,,,,26675.390038122758,0.0,2868.4521224363307,23806.937915679067,0.8333333333333334,2026-09-17T01:40:47+00:00
20.0,license,595,,,,26675.390038122758,0.0,2868.452122440056,23806.937915682793,0.8333333333333334,2026-09-17T01:40:47+00:00
20.0,license,225,,,,26675.390038122758,0.0,2868.452122440056,23806.937915682793,0.8333333333333334,2026-09-17T01:40:47+00:00
20.0,license,630,,,,26675.390038122758,0.0,2868.452122440056,23806.937915675342,0.8333333333333334,2026-09-17T01:40:47+00:00
20.0,license,805,,,,26675.390038122758,0.0,2868.452122440056,23806.937915679067,0.8333333333333334,2026-09-17T01:40:47+00:00
20.0,license,676,,,,26675.390038122758,0.0,2868.452122440056,23806.937915682793,0.8333333333333334,2026-09-17T01:40:47+00:00
20.0,license,917,,,,26675.390038122758,0.0,2868.4521224363307,23806.937915682793,0.8333333333333334,2026-09-17T01:40:47+00:00
20.0,license,870,,,,26675.390038122758,0.0,2868.452122440056,23806.937915686518,0.8333333333333334,2026-09-17T01:40:47+00:00
20.0,license,275,,,,26675.390038122758,0.0,2868.4521224363307,23806.937915686518,0.8333333333333334,2026-09-17T01:40:47+00:00
