hours,elapsed_days,timestamp_utc,price_ETH,price_return,wallet_tokens,wallet_cash_ETH,branches,bank_pending,vault_ETH,hook_ETH,epoch_flow_ETH,branch_withdraw_sell_ETH,sell_pool_ETH,branch_withdraw_sell_ETH_tokens,branches_retired,game_prefund_ETH,buy_pool_ETH,external_capital_ETH,spec_sell_ETH,spec_sell_ETH_tokens,new_seller_activations,owner_spec_buy_ETH,owner_spec_sell_ETH,owner_spec_sell_ETH_tokens,spec_buy_ETH,licenses,license_internal_tokens,license_wallet_tokens,license_fresh_tokens,license_fresh_buy_ETH
0.0,0.0,2026-09-16T05:40:47+00:00,0.00010378905557457029,0.0,63642272.93315973,6801.443217341569,1199,1437620.306819074,111.7189937774005,2375.874075210391,2333.914639635399,0.0,0.0,0.0,0.0,0.0,0.0,0.0,0.0,0.0,0.0,0.0,0.0,0.0,0.0,0.0,0.0,0.0,0.0,0.0
0.25,0.010416666666666666,2026-09-16T05:55:47+00:00,0.0001091916579595543,0.05205368095003382,64658838.56546751,6700.600432933481,1194,1355881.7998504327,111.7189937774005,2378.766289519139,2434.2136232135595,8.650751811534088,16.769035445550344,86996.25436793744,5.0,118.83437437344963,117.06801902371053,2.348413478820339,6.870233412411439,65401.10167657695,13.0,0.6136661879411449,0.7449791582383067,7088.056368293715,0.0091217077016051,0.0,0.0,0.0,0.0,0.0
0.5,0.020833333333333332,2026-09-16T06:10:47+00:00,0.00010910918434920627,0.05125905371413242,64644950.49138933,6710.082351850382,1194,1363173.4665170992,111.7189937774005,2378.839861296636,2432.7243013932016,0.0,2.0624853917838664,0.0,0.0,0.0,0.5731635714260975,8.066168874041221,1.3321269808578338,12709.610005940258,7.0,0.12035,0.6684838491725168,6379.250731464344,0.4645107871694873,0.0,0.0,0.0,0.0,0.0
0.75,0.03125,2026-09-16T06:25:47+00:00,0.00010827907624220233,0.04326102249197228,64504640.56961727,6728.812864805912,1194,1370465.133183766,111.7189937774005,2379.387243565176,2417.6637642317,0.0,16.956383935205395,0.0,0.0,0.0,1.8958467737037243,4.21735806256814,10.544182234535338,100893.15604315336,12.0,0.0,5.903510182613895,56667.65097935283,1.9345375241874738,0.0,0.0,0.0,0.0,0.0
1.0,0.041666666666666664,2026-09-16T06:40:47+00:00,0.00010828498647088731,0.04331796711539382,64505408.32391926,6736.942695917353,1194,1377756.7998504327,111.7189937774005,2379.5118159289495,2417.7968362934457,0.0,2.4173982846668878,0.0,0.0,0.0,2.5504703464122884,8.387475536959096,2.3380259750846606,22498.678231139816,6.0,0.0,0.006850361042220357,65.8808319582139,2.6025207616451924,0.0,0.0,0.0,0.0,0.0
1.25,0.052083333333333336,2026-09-16T06:55:47+00:00,0.0001082901563678905,0.0433677786969191,64512452.74024491,6747.0155500351875,1193,1378328.4078551978,111.7189937774005,2379.7115941455218,2417.931359779511,0.679983830195365,3.908748634008589,6540.34498724156,1.0,0.0,4.043272120073757,10.4071558204727,2.7132925599155167,26109.957764490657,10.0,0.0,0.39820978487744924,3832.2809029101536,4.125787877626283,0.0,0.0,0.0,0.0,0.0
1.5,0.0625,2026-09-16T07:10:47+00:00,0.0001076343452468018,0.03704908625427028,64400613.91259881,6762.863405127502,1193,1385620.0745218643,111.7189937774005,2380.070201326824,2405.977787069413,0.0,11.953572710097887,0.0,0.0,0.0,0.0,4.252889563518769,8.421324017474324,81187.90716215364,9.0,0.0,3.173641511320625,30650.92048394764,0.0,0.0,0.0,0.0,0.0,0.0
1.75,0.07291666666666667,2026-09-16T07:25:47+00:00,0.0001071627172765192,0.032504985070656245,64319424.4859797,6815.494812128941,1193,1392911.741188531,111.7189937774005,2380.406207547729,2397.376189643327,0.0,10.148138562889926,0.0,0.0,0.0,1.5465411368042359,44.36581579625666,9.837251904365473,95417.49038605196,8.0,0.258103200820649,0.006442501637757231,62.58679036030321,1.3199999999999998,0.0,0.0,0.0,0.0,0.0
2.0,0.08333333333333333,2026-09-16T07:40:47+00:00,0.00010681745917840006,0.02917844841216355,64259673.78592251,6827.865686993973,1193,1400203.4078551973,111.7189937774005,2380.6514499244586,2391.0694966031206,0.0,7.418449190256524,0.0,0.0,0.0,1.1117561500505189,6.309424201555574,3.8156900131338167,37136.28581064151,10.0,0.0,3.3802057014150115,32883.13972843041,1.1344450510719581,0.0,0.0,0.0,0.0,0.0
2.25,0.09375,2026-09-16T07:55:47+00:00,0.00010644558861641376,0.025595502600318065,64201496.13627267,6876.400478517644,1192,1400750.5676900826,111.7189937774005,2380.9450617425896,2384.271064465991,0.672607365188428,8.57708956498982,6558.271995419493,1.0,0.0,1.7786574278601586,42.02997120467209,7.040553896519018,68780.15984827529,8.0,0.2990135925,0.6066156163326787,5932.939703463418,1.5159429665409783,0.0,0.0,0.0,0.0,0.0
2.5,0.10416666666666667,2026-09-16T08:10:47+00:00,0.00010634264691460662,0.02460366679222381,64183106.203853995,6884.4436167333115,1192,1408042.2343567493,111.7189937774005,2381.244741929435,2382.4305836902718,0.0,6.6902064498517575,0.0,0.0,0.0,4.849725674132505,6.502337626793197,5.553183603286349,54360.89011724625,9.0,0.21941054691246187,0.9363166530698572,9178.695871920649,4.729289120569685,0.0,0.0,0.0,0.0,0.0
2.75,0.11458333333333333,2026-09-16T08:25:47+00:00,0.00010650826363532636,0.02619937184804977,64210947.81268714,6882.589778537367,1192,1415333.9010234158,111.7189937774005,2381.685272756915,2385.575307978194,0.0,7.466107796993128,0.0,0.0,0.0,10.610832084915431,1.7314169194577944,6.593653491570034,64650.84084503853,7.0,0.34851359249999986,0.6484710715132996,6348.14247541709,10.478866085985134,0.0,0.0,0.0,0.0,0.0
3.0,0.125,2026-09-16T08:40:47+00:00,0.00010634682669146678,0.02464393863820047,64182797.63759134,6888.06040576049,1192,1422625.5676900826,111.7189937774005,2381.7948396708625,2382.6175416763413,0.0,3.37107088474022,0.0,0.0,0.0,0.41330458288742056,2.6224278352169756,3.261558454950082,31915.13827882946,11.0,0.12035,0.008380303247931806,82.05920569397071,0.3013893702932863,0.0,0.0,0.0,0.0,0.0
3.25,0.13541666666666666,2026-09-16T08:55:47+00:00,0.00010617190341274127,0.02295856557302378,64152143.19427205,6902.774919677925,1192,1429917.2343567493,111.7189937774005,2381.9563326725242,2379.4186676728546,0.0,4.498798010087739,0.0,0.0,0.0,1.2999240066013562,11.677132915611411,4.3628568481098275,42760.62741762535,3.0,0.0,0.0009772216752799068,9.580702257275401,1.3264530679605677,0.0,0.0,0.0,0.0,0.0
3.5,0.14583333333333334,2026-09-16T09:10:47+00:00,0.00010649985749285863,0.026118379276904413,64208489.695342004,6906.335456085919,1192,1437208.9010234163,111.7189937774005,2382.2207263112537,2385.5270715894626,0.0,2.7720179680877663,0.0,0.0,0.0,8.880421884695558,9.933333963331261,2.621156024622537,25625.312654134617,9.0,0.0,0.06770140442259617,661.2551164264196,9.061654984383221,0.0,0.0,0.0,0.0,0.0
3.75,0.15625,2026-09-16T09:25:47+00:00,0.00010645164953108278,0.02565389907223392,64199784.52802543,6911.509449415453,1192,1444500.5676900828,111.7189937774005,2382.4160955030247,2384.676491016126,0.0,4.220109704507195,0.0,0.0,0.0,3.369529131171096,4.51878194797016,3.9262964926941364,38386.63002719408,5.0,3.3778200318072407,0.1672099206778421,1635.0282067418882,0.060475,0.0,0.0,0.0,0.0,0.0
4.0,0.16666666666666666,2026-09-16T09:40:47+00:00,0.00010649950978274535,0.026115029115258315,64207645.93937715,6913.929835556514,1192,1451792.2343567498,111.7189937774005,2382.6391393392732,2385.604158066964,0.0,4.049182560874669,0.0,0.0,0.0,4.9768496117122485,3.5710970281467658,3.927707084048429,38365.8360228026,6.0,0.0,0.0,0.0,5.0784179711349475,0.0,0.0,0.0,0.0,0.0
4.25,0.17708333333333334,2026-09-16T09:55:47+00:00,0.00010648749262359006,0.025999244661023102,64205477.95475179,6916.537762894516,1192,1459083.9010234163,111.7189937774005,2382.687033721485,2385.3919849631866,0.0,1.0360315110037845,0.0,0.0,0.0,0.8238584072268152,2.4436486164367395,0.5898092612887105,5766.847437665647,7.0,0.0,0.41514130438496066,4059.65370402406,0.8406718441089952,0.0,0.0,0.0,0.0,0.0
4.5,0.1875,2026-09-16T10:10:47+00:00,0.00010675354600666321,0.02856264965204347,64251113.989451826,6922.861705977747,1192,1466375.567690083,111.7189937774005,2382.84345262039,2390.3292879594464,0.0,1.1041388866751731,0.0,0.0,0.0,6.0414418829351755,11.417664978397001,1.0654751942683514,10407.875011129168,7.0,1.98,0.005539525806566417,54.139384498028754,4.184736615239975,0.0,0.0,0.0,0.0,0.0
4.75,0.19791666666666666,2026-09-16T10:25:47+00:00,0.00010692451238710527,0.03020989829011622,64280285.11153721,6928.881045367306,1192,1473667.2343567498,111.7189937774005,2382.9784929460134,2393.5056718931414,0.0,1.3929522355492736,0.0,0.0,0.0,4.569336169244129,9.330763648876525,0.5559681114194973,5424.835939868177,9.0,3.0788064393072405,0.795195557063298,7751.257125916891,1.5837814884928914,0.0,0.0,0.0,0.0,0.0
5.0,0.20833333333333334,2026-09-16T10:40:47+00:00,0.00010672733370159511,0.028310095999608764,64245834.75446446,6976.824174620779,1192,1480958.9010234163,111.7189937774005,2383.251357668814,2389.9276035113758,0.0,6.861716517806599,0.0,0.0,0.0,3.2836481360410956,44.637925594507756,6.150084519309589,59927.97686195969,7.0,3.0788064393072405,0.5057805029628116,4929.681866083527,0.271854924,0.0,0.0,0.0,0.0,0.0
5.25,0.21875,2026-09-16T10:55:47+00:00,0.00010714434251181266,0.03232794554943874,64316947.86916347,7018.746902578821,1192,1488250.567690083,111.7189937774005,2383.5498154688944,2397.665562948062,0.0,2.7880456547536596,0.0,0.0,0.0,10.52600509143967,49.95914519480824,2.3562333013046333,22951.75589864851,3.0,0.47763392880933697,0.3481709838064171,3394.2983482648406,10.263187593067878,0.0,0.0,0.0,0.0,0.0
5.5,0.22916666666666666,2026-09-16T11:10:47+00:00,0.00010600732079468664,0.02137282402114704,64118347.76190738,7052.312394896244,1192,1495542.2343567498,111.7189937774005,2384.7156344715595,2376.9268106524014,0.0,31.523839443831093,0.0,0.0,0.0,10.7850871481707,13.992559024427905,30.264529671498586,296333.6122102896,3.0,0.0,0.3135945890175708,3051.1758491821274,11.005190967521123,0.0,0.0,0.0,0.0,0.0
5.75,0.23958333333333334,2026-09-16T11:25:47+00:00,0.00010591901810531156,0.020522034032874892,64102689.55627614,7061.271944781527,1192,1502833.9010234168,111.7189937774005,2384.8603593294747,2375.3223282398803,0.0,3.5206479556168233,0.0,0.0,0.0,1.9161655430959774,7.499792330677004,3.2677553271300437,32101.703876106505,8.0,0.0494999999999999,0.14727318981827464,1446.6392658615123,1.9057709623428343,0.0,0.0,0.0,0.0,0.0
6.0,0.25,2026-09-16T11:40:47+00:00,0.00010590004904630185,0.02033926852928003,64099333.82878225,7079.483827344966,1192,1510125.5676900833,111.7189937774005,2384.8858716990485,2374.97645372902,0.0,0.6461459999968611,0.0,0.0,0.0,0.3002714891364751,17.89152042215192,0.6267616199969552,6162.15208720542,5.0,0.016499063080068502,0.0,0.0,0.2899004156306204,0.0,0.0,0.0,0.0,0.0
6.25,0.2604166666666667,2026-09-16T11:55:47+00:00,0.00010616071869687678,0.022850801649336727,64144213.04449034,7080.171785128396,1192,1517417.23435675,111.7189937774005,2385.1494043159196,2379.849214026135,0.0,3.255197542337555,0.0,0.0,0.0,8.127957839452968,5.82425069741755,3.157541616067428,31051.353459139387,7.0,0.2772487613296293,0.0,0.0,8.016585768724418,0.0,0.0,0.0,0.0,0.0
6.5,0.2708333333333333,2026-09-16T12:10:47+00:00,0.00010621537813517763,0.023377441360992846,64153410.850524485,7080.547491030239,1192,1524708.9010234168,111.7189937774005,2385.3067999170344,2380.8906082746635,0.0,2.700805751471762,0.0,0.0,0.0,3.7422,1.5744957514865483,2.6197815789276095,25685.761919692766,7.0,0.0,0.0,0.0,3.8185714285714285,0.0,0.0,0.0,0.0,0.0
6.75,0.28125,2026-09-16T12:25:47+00:00,0.00010612443960157249,0.02250125520531654,64137497.47274365,7094.052264608381,1192,1532000.5676900833,111.7189937774005,2385.3677691475523,2379.2222933391754,0.0,1.8849421987333699,0.0,0.0,0.0,0.21662726324488998,11.897427873172246,1.5484102248592493,15187.937974835064,5.0,0.0,0.2799837079121198,2746.0582642639147,0.22104822780090813,0.0,0.0,0.0,0.0,0.0
7.0,0.2916666666666667,2026-09-16T12:40:47+00:00,0.0001062688386075604,0.023892529123250794,64162336.71856066,7131.500802256975,1192,1539292.23435675,111.7189937774005,2385.4942613164185,2381.9155971637333,0.0,1.4189524088592407,0.0,0.0,0.0,4.112256233417096,40.26833364201628,1.277329536776069,12530.17171067562,11.0,0.0,0.09905429981739416,970.6806982082187,4.196179830017446,0.0,0.0,0.0,0.0,0.0
7.25,0.3020833333333333,2026-09-16T12:55:47+00:00,0.00010636280217767742,0.024797861285652978,64178462.44324544,7138.501068940285,1192,1546583.901023417,111.7189937774005,2385.5821843633785,2383.6683349565883,0.0,1.0346119466380514,0.0,0.0,0.0,2.78734973949292,8.840927523127123,0.9330943928277792,9134.550173504913,5.0,0.30987593420328857,0.0704791954111306,689.777524719234,2.5343584938507115,0.0,0.0,0.0,0.0,0.0
7.5,0.3125,2026-09-16T13:10:47+00:00,0.00010633787694996838,0.024557708529940436,64173606.934664756,7143.473997657036,1192,1553875.5676900838,111.7189937774005,2385.867730214952,2383.265110434932,0.0,5.82792358247525,0.0,0.0,0.0,5.42469906081838,4.8552500466658985,3.4924340314126305,34206.064922961414,5.0,0.2990135925,2.160651843588362,21189.59356327299,5.236393612416715,0.0,0.0,0.0,0.0,0.0
7.75,0.3229166666666667,2026-09-16T13:25:47+00:00,0.00010624078802584888,0.02362226380908794,64156485.2781003,7158.551185048862,1192,1561167.2343567503,111.7189937774005,2386.018433824434,2381.502056785548,0.0,3.703453649383846,0.0,0.0,0.0,1.9404,13.464837351923945,3.5923500399023305,35179.08256652302,5.0,0.0,0.0,0.0,1.98,0.0,0.0,0.0,0.0,0.0
8.0,0.3333333333333333,2026-09-16T13:40:47+00:00,0.00010605001660446774,0.021784195042347188,64122424.4961589,7168.144142570174,1192,1568458.9010234168,111.7189937774005,2386.5011052446744,2378.07264892455,0.0,10.963687227860191,0.0,0.0,0.0,7.534279366862115,6.646221080554285,10.382579485051727,101765.39008596378,10.0,0.0494999999999999,0.252197125972657,2472.127642668171,7.638540170267463,0.0,0.0,0.0,0.0,0.0
8.25,0.34375,2026-09-16T13:55:47+00:00,0.00010604824976045441,0.021767171628813475,64121957.05257945,7173.151172839659,1192,1575750.5676900838,111.7189937774005,2386.5860903299285,2378.056940586188,0.0,1.6922985894111662,0.0,0.0,0.0,1.676590251048912,5.076307016378417,1.6356076420662522,16064.301853686624,5.0,0.0,0.005921989662579108,58.173665324589834,1.7108063786213386,0.0,0.0,0.0,0.0,0.0
8.5,0.3541666666666667,2026-09-16T14:10:47+00:00,0.00010529167791711964,0.014477656957478935,63988527.56619877,7190.648741547124,1192,1583042.2343567503,111.7189937774005,2387.1446035466947,2364.154410917575,0.0,16.708371372524198,0.0,0.0,0.0,2.805841703911615,4.153552255618563,10.859513695775641,106945.66099486778,12.0,0.0445413434760844,5.347606535572826,52808.01370882079,2.8185624360255632,0.0,0.0,0.0,0.0,0.0
8.75,0.3645833333333333,2026-09-16T14:25:47+00:00,0.0001053294274487766,0.01484137094878557,63995076.2819954,7191.641070804867,1192,1590333.901023417,111.7189937774005,2387.19206497837,2364.864308897981,0.0,0.6541344824531734,0.0,0.0,0.0,1.3640324628586387,1.749688669822773,0.6345104479795783,6275.522142131759,9.0,0.0,0.0,0.0,1.391869860059835,0.0,0.0,0.0,0.0,0.0
9.0,0.375,2026-09-16T14:40:47+00:00,0.00010526715570537505,0.014241387231265223,63983689.14712201,7201.602538647663,1192,1597625.5676900835,111.7189937774005,2387.4210806758683,2363.754520705969,0.0,4.992533347945027,0.0,0.0,0.0,3.882745155932768,9.08069534828194,4.735655288700296,46833.18181165365,8.0,0.0494999999999999,0.10710205880638113,1059.4796781636496,3.91248485299262,0.0,0.0,0.0,0.0,0.0
9.25,0.3854166666666667,2026-09-16T14:55:47+00:00,0.00010525911619147894,0.014163927099736018,63982151.38336814,7210.589845029037,1192,1604917.2343567505,111.7189937774005,2387.4859577308507,2363.6182648224462,0.0,1.3421990192923658,0.0,0.0,0.0,1.2059431357699215,8.91592755283316,1.1924291398468723,11793.961289973266,4.0,0.2990135925,0.10950390886672266,1082.8354804449264,0.9315406276733893,0.0,0.0,0.0,0.0,0.0
9.5,0.3958333333333333,2026-09-16T15:10:47+00:00,0.00010516109907277585,0.013219539291595028,63964179.54969731,7219.751177191869,1192,1612208.901023417,111.7189937774005,2387.858861105084,2361.8728946393944,0.0,8.104305878748164,0.0,0.0,0.0,6.35893569569655,7.788865354014103,7.861176702385719,77805.03428586708,8.0,0.0,0.0,0.0,6.488709893567908,0.0,0.0,0.0,0.0,0.0
9.75,0.40625,2026-09-16T15:25:47+00:00,0.00010523986823525443,0.01397847444176592,63977873.93803976,7226.534797412121,1192,1619500.5676900838,111.7189937774005,2387.954890696776,2363.3546079098164,0.0,1.3051565678088082,0.0,0.0,0.0,2.786869838230704,8.361363082367102,0.9656179140087168,9561.537925314226,7.0,1.98,0.30038395676582696,2974.936643888558,0.8637447328884738,0.0,0.0,0.0,0.0,0.0
10.0,0.4166666666666667,2026-09-16T15:40:47+00:00,0.00010504860669382363,0.01213568340400184,63943922.40189881,7234.5196389178145,1192,1626792.2343567503,111.7189937774005,2388.075182787323,2359.8261985163444,0.0,3.8148671377566643,0.0,0.0,0.0,0.2864577442845546,4.576724202767246,3.4946152590511974,34607.80516853265,6.0,0.0,0.20580586457276695,2039.788776053277,0.2923038206985252,0.0,0.0,0.0,0.0,0.0
10.25,0.4270833333333333,2026-09-16T15:55:47+00:00,0.00010531317185086492,0.014684749445470935,63990248.460966475,7242.51704984396,1192,1634083.901023417,111.7189937774005,2388.2304283978096,2364.7699331227436,0.0,1.0782592337882306,0.0,0.0,0.0,6.021993840187819,13.096391143032733,0.8676587747014403,8602.589842450707,5.0,0.0,0.17825268207314365,1763.2130236692242,6.14489167366104,0.0,0.0,0.0,0.0,0.0
10.5,0.4375,2026-09-16T16:10:47+00:00,0.00010530783445859395,0.014633324059225572,63989275.789969794,7255.498477693806,1192,1641375.5676900838,111.7189937774005,2388.2483848914176,2364.6744836481876,0.0,0.3948654499458826,0.0,0.0,0.0,0.29941597539,12.903934868898862,0.38301948644750616,3787.692210804427,7.0,0.2990135925,0.0,0.0,0.006512913,0.0,0.0,0.0,0.0,0.0
10.75,0.4479166666666667,2026-09-16T16:25:47+00:00,0.00010510803644773425,0.012708284759526567,63953763.703467384,7260.951991000957,1192,1648667.2343567503,111.7189937774005,2388.416457485168,2360.9985228005935,0.0,4.822476899329558,0.0,0.0,0.0,1.1465160517352728,1.945625053305393,4.677802592349672,46313.41914685324,8.0,0.0,0.0,0.0,1.1699143385053805,0.0,0.0,0.0,0.0,0.0
11.0,0.4583333333333333,2026-09-16T16:40:47+00:00,0.00010527106997822835,0.014279100965450597,63982161.647880435,7308.17025826806,1192,1655958.9010234168,111.7189937774005,2388.589382627323,2364.0603186461844,0.0,2.1909053117783515,0.0,0.0,0.0,5.252701157369315,50.45298825485115,2.115408306537979,20915.759415189004,9.0,0.0,0.009769845887021802,96.59593014490056,5.35989914017277,0.0,0.0,0.0,0.0,0.0
11.25,0.46875,2026-09-16T16:55:47+00:00,0.00010517548058891593,0.013358104153376127,63964909.32442406,7317.625402091468,1192,1663250.5676900835,111.7189937774005,2388.810230381901,2362.329854885781,0.0,5.081782888535599,0.0,0.0,0.0,3.3513191281322663,7.945527817580393,4.9293294018795315,48818.851833250184,8.0,0.0494999999999999,0.0,0.0,3.3702133960533334,0.0,0.0,0.0,0.0,0.0
11.5,0.4791666666666667,2026-09-16T17:10:47+00:00,0.00010541125840893754,0.015629806296885818,64006022.550359905,7328.144053428276,1192,1670542.23435675,111.7189937774005,2389.001497675094,2366.7433214244406,0.0,2.007542845275566,0.0,0.0,0.0,6.421009383935466,15.123385168661999,1.9384473741395412,19200.63837646989,6.0,0.0,0.008869185777757593,87.61693959258542,6.552050391770883,0.0,0.0,0.0,0.0,0.0
11.75,0.4895833333333333,2026-09-16T17:25:47+00:00,0.00010569215252335597,0.018336200654782475,64055007.27591247,7325.6296568663,1192,1677833.9010234168,111.7189937774005,2389.13081520518,2371.9750415206513,0.0,0.44730318946903935,0.0,0.0,0.0,5.679023285679831,2.8466410643213558,0.4119124475540686,4059.2701813904573,7.0,0.0,0.021971646230899748,216.47370233252923,5.79492172008146,0.0,0.0,0.0,0.0,0.0
12.0,0.5,2026-09-16T17:40:47+00:00,0.0001045796817336105,0.007617625525768057,63857675.43582021,7393.196972440373,1192,1685125.5676900833,111.7189937774005,2389.7469822806565,2351.436139004788,0.0,20.538902515863356,0.0,0.0,0.0,0.0,47.6445801336865,19.91806868429103,197285.83305020694,7.0,0.0,0.004666756096421523,46.007042054105845,0.0,0.0,0.0,0.0,0.0,0.0
12.25,0.5104166666666666,2026-09-16T17:55:47+00:00,0.0001048334612715189,0.010062772911525686,63902373.618305,7409.028223010372,1192,1692417.2343567498,111.7189937774005,2389.920696575656,2356.19444524791,0.0,1.519714255801773,0.0,0.0,0.0,6.278020498923679,20.76327110811987,1.4741228281277203,14646.688815317963,2.0,0.0,0.0,0.0,6.406143366248653,0.0,0.0,0.0,0.0,0.0
12.5,0.5208333333333334,2026-09-16T18:10:47+00:00,0.00010306663744977457,-0.006960446077830196,63583507.42869335,7448.004745862579,1192,1699708.9010234165,111.7189937774005,2390.9390112956994,2323.3944855480886,0.0,33.48072104533503,0.0,0.0,0.0,0.6807613455136183,7.194877872427698,32.2211420512233,322826.9557031788,8.0,0.0,0.25515736275167,2547.025358512785,0.6946544341975698,0.0,0.0,0.0,0.0,0.0
12.75,0.53125,2026-09-16T18:25:47+00:00,0.00010322996971215318,-0.005386751611930918,63612996.286244206,7445.511591968962,1192,1707000.5676900833,111.7189937774005,2391.0034136607937,2326.467614829522,0.0,0.03343587378412849,0.0,0.0,0.0,3.1065651552176288,0.6443777529130659,0.03243279757060463,327.3047837030441,2.0,0.0,0.0,0.0,3.1699644440996213,0.0,0.0,0.0,0.0,0.0
13.0,0.5416666666666666,2026-09-16T18:40:47+00:00,0.00010287518282918028,-0.008805097419288144,63547829.23200032,7508.164776667369,1192,1714292.2343567498,111.7189937774005,2391.417643099151,2319.905064983784,0.0,10.874409848257073,0.0,0.0,0.0,4.311860002518851,56.50486429102532,2.7843179906675513,28219.263098798627,8.0,0.0,7.7638595621418105,78483.689159521,4.399857145427399,0.0,0.0,0.0,0.0,0.0
13.25,0.5520833333333334,2026-09-16T18:55:47+00:00,0.00010273780598753743,-0.010128713294607072,63522282.025621526,7522.090391191821,1192,1721583.9010234163,111.7189937774005,2391.702479500077,2317.387506016329,0.0,6.66985530885313,0.0,0.0,3.003070837389153,4.152296341398088,11.692891957923793,6.4314964223622715,65110.02928836634,10.0,0.0494999999999999,0.03826322722526584,387.9998576545691,1.1844662456701212,0.0,0.0,0.0,0.0,0.0
13.5,0.5625,2026-09-16T19:10:47+00:00,0.0001027577196112273,-0.009936846979034186,63525884.97888562,7524.157788471259,1192,1728875.5676900828,111.7189937774005,2391.7144644213104,2317.763180139439,0.0,0.08566276001374717,0.0,0.0,0.0,0.4613368831241321,2.455056323779387,0.050491780517445475,511.7811037733036,7.0,0.0,0.03260109669588928,330.44518092206584,0.4707519215552369,0.0,0.0,0.0,0.0,0.0
13.75,0.5729166666666666,2026-09-16T19:25:47+00:00,0.00010253328419052809,-0.012099265930211267,63484677.81653632,7533.038122029918,1192,1736167.2343567496,111.7189937774005,2391.8568084117114,2313.5824335796297,0.0,4.516438092891348,0.0,0.0,0.0,0.3356915330818607,4.841930989250375,4.247839373469614,43097.10847975026,11.0,0.0,0.13310557663499367,1350.9041783138932,0.3425423806957763,0.0,0.0,0.0,0.0,0.0
14.0,0.5833333333333334,2026-09-16T19:40:47+00:00,0.00010239707953481825,-0.013411587879339826,63459590.374196306,7546.919544194235,1192,1743458.901023416,111.7189937774005,2391.9503375708828,2311.0444146280893,0.0,2.8829747979525564,0.0,0.0,0.0,0.3449558464122879,11.436932371947886,2.7964855540139797,28419.673848976832,7.0,0.0,0.0,0.0,0.35199576164519175,0.0,0.0,0.0,0.0,0.0
14.25,0.59375,2026-09-16T19:55:47+00:00,0.00010237963081913551,-0.013579704985581365,63456320.82142453,7549.190478525273,1192,1750750.5676900828,111.7189937774005,2391.9890438193097,2310.7244881759716,0.0,0.8973816295697361,0.0,0.0,0.0,0.5774551774520872,1.989714127347713,0.4670246906439524,4748.725715043468,2.0,0.0,0.40343549003869156,4102.989284765355,0.5892399769919257,0.0,0.0,0.0,0.0,0.0
14.5,0.6041666666666666,2026-09-16T20:10:47+00:00,0.00010225070940048,-0.014821853475533553,63432276.77190187,7601.61695214519,1192,1758042.2343567493,111.7189937774005,2392.203693191147,2308.345580529426,0.0,5.221346909520889,0.0,0.0,0.0,2.842439262975925,50.262215345208325,5.064706502235263,51545.14236944843,5.0,0.0,0.0,0.0,2.9004482275264554,0.0,0.0,0.0,0.0,0.0
14.75,0.6145833333333334,2026-09-16T20:25:47+00:00,0.0001044323407856018,0.006198006210484497,63824712.92718361,7560.093389649097,1192,1765333.9010234158,111.7189937774005,2393.242008730531,2349.388525240375,0.0,3.9815857161247545,0.0,0.0,0.0,45.02453042707411,0.5576977542391136,3.845706372311988,38315.07875445832,7.0,0.0,0.01643177232902417,163.68912796009795,45.94339839497359,0.0,0.0,0.0,0.0,0.0
15.0,0.625,2026-09-16T20:40:47+00:00,0.00010432832283858488,0.005195800858089017,63805986.26497703,7563.652063148007,1192,1772625.5676900824,111.7189937774005,2393.3381415989447,2347.46858495595,0.0,2.684393051295501,0.0,0.0,0.0,0.764452766870127,1.7348660828981066,2.6004697048083876,25938.66316124785,6.0,0.0,0.0033915549482480853,33.81940352561658,0.7800538437450276,0.0,0.0,0.0,0.0,0.0
15.25,0.6354166666666666,2026-09-16T20:55:47+00:00,0.00010425396774015229,0.004479394893886157,63792552.72941594,7608.441179630598,1192,1779917.2343567493,111.7189937774005,2393.4225691188076,2346.0986974310185,0.0,2.229488258391484,0.0,0.0,0.0,0.859600733460056,43.503656477522696,2.1623125477816982,21585.876061115272,11.0,0.0,0.0002910628580411867,2.906995254152872,0.8771436055714859,0.0,0.0,0.0,0.0,0.0
15.5,0.6458333333333334,2026-09-16T21:10:47+00:00,0.00010255398350003771,-0.011899829588922328,63483446.42793344,7643.971581866987,1192,1787208.9010234156,111.7189937774005,2394.4538829512944,2314.4891233361545,0.0,33.2566606828791,0.0,0.0,0.0,1.6470865880150138,4.9521419740124895,23.98288194828104,241974.3754276198,5.0,0.0,8.27607891411169,82815.49646517687,1.6807006000153202,0.0,0.0,0.0,0.0,0.0
15.75,0.65625,2026-09-16T21:25:47+00:00,0.00010264269983271363,-0.011045054177538316,63499431.683804296,7654.5935814400755,1192,1794500.5676900824,111.7189937774005,2394.5592864754276,2316.1743631573827,0.0,1.4087177576188878,0.0,0.0,0.0,3.0939575788470184,12.4126429184502,1.3664562248903216,13879.031923755028,5.0,0.0,0.0,0.0,3.15709957025206,0.0,0.0,0.0,0.0,0.0
16.0,0.6666666666666666,2026-09-16T21:40:47+00:00,0.00010258046548215451,-0.011644677617741905,63487961.16728641,7658.24252991094,1192,1801792.2343567489,111.7189937774005,2394.618504448879,2315.0188199256877,0.0,1.6426007816944548,0.0,0.0,0.0,0.48705754999999995,2.552623212619621,1.5933227582436211,16171.657059999949,7.0,0.0,0.0,0.0,0.4969975,0.0,0.0,0.0,0.0,0.0
16.25,0.6770833333333334,2026-09-16T21:55:47+00:00,0.00010256422319304218,-0.01180117089174293,63484535.167139255,7664.158346775355,1192,1809083.9010234156,111.7189937774005,2394.8551388611736,2314.7613215333836,0.0,4.79861724485454,0.0,0.0,0.0,4.5411188525499995,5.894952884407883,4.6546587275089015,47286.903043614024,4.0,0.0,0.0,0.0,4.6337947475,0.0,0.0,0.0,0.0,0.0
16.5,0.6875,2026-09-16T22:10:47+00:00,0.00010111681618479576,-0.025746832120026153,63215686.00279324,7694.201648862223,1192,1816375.5676900821,111.7189937774005,2395.74395872913,2287.6861977641047,0.0,28.59404748947736,0.0,0.0,0.0,1.5189237201986439,3.8569981855423694,27.73622606479304,283523.26826734515,4.0,0.0,0.0,0.0,1.5499221634680038,0.0,0.0,0.0,0.0,0.0
16.75,0.6979166666666666,2026-09-16T22:25:47+00:00,0.00010089782413402142,-0.027856804597972018,63174346.14024161,7700.051423472269,1192,1823667.2343567484,111.7189937774005,2395.9820182519293,2283.597911008112,0.0,6.377815130827457,0.0,0.0,0.0,2.2895283748345356,1.9995473768512704,4.624526618302229,47687.562205699935,6.0,0.0,1.5619540586004041,16114.69696401762,2.3362534437087095,0.0,0.0,0.0,0.0,0.0
17.0,0.7083333333333334,2026-09-16T22:40:47+00:00,0.00010106319088627114,-0.026263507970170075,63204995.658218496,7704.483778249093,1192,1830958.9010234152,111.7189937774005,2396.0927618005294,2286.742924936198,0.0,0.9236518029338185,0.0,0.0,0.0,4.068665731020141,7.688112253509212,0.7812606829703371,8051.804119404679,6.0,1.2111712735962756,0.11468156587546673,1182.0880395151298,2.9405284519344805,0.0,0.0,0.0,0.0,0.0
17.25,0.71875,2026-09-16T22:55:47+00:00,0.0001012296072083577,-0.02466009881334441,63235883.909760155,7709.909661993122,1192,1838250.567690082,111.7189937774005,2396.1602076728227,2289.8999324466304,0.0,0.0598543449295903,0.0,0.0,2.950157173308452,3.216861855362283,8.650337126756385,0.02190593463269124,225.3508899623067,3.0,0.0,0.036152779949011345,371.956002989861,0.3323549239999999,0.0,0.0,0.0,0.0,0.0
17.5,0.7291666666666666,2026-09-16T23:10:47+00:00,0.00010143391007554821,-0.022691655550617806,63273661.861225575,7714.18915566727,1192,1845542.2343567484,111.7189937774005,2396.265710186015,2293.777324851949,0.0,0.5231703405447661,0.0,0.0,0.0,4.400562745863861,8.262388592659477,0.3704089913708185,3806.007335306089,5.0,0.0,0.13706623895760459,1407.0333502872368,4.490370148840674,0.0,0.0,0.0,0.0,0.0
17.75,0.7395833333333334,2026-09-16T23:25:47+00:00,9.927974781248739e-05,-0.04344685224390599,62865122.02788284,7756.579608499848,1192,1852833.901023415,111.7189937774005,2397.5566015530508,2253.2190821564723,0.0,42.02911727946503,0.0,0.0,0.0,1.470874583988418,3.123101504138053,40.6728146673458,422054.0517701511,11.0,0.495,0.09542909373527436,983.4560741835263,1.005892432641243,0.0,0.0,0.0,0.0,0.0
18.0,0.75,2026-09-16T23:40:47+00:00,9.957233529069598e-05,-0.04062779317656173,62920334.543233834,7752.5738976838475,1192,1860125.5676900817,111.7189937774005,2397.9005890025264,2258.856205308128,0.0,4.541806426168023,0.0,0.0,0.0,10.178929577824082,1.9753997851311205,4.4055522333829815,46042.26581742277,7.0,0.0,0.0,0.0,10.38666283451437,0.0,0.0,0.0,0.0,0.0
18.25,0.7604166666666666,2026-09-16T23:55:47+00:00,9.999155370473042e-05,-0.0365886542547007,62999463.44307925,7752.041365473655,1192,1867417.234356748,111.7189937774005,2398.1704760046364,2266.87431903716,0.0,2.1078337547978663,0.0,0.0,2.906623035828075,10.125947483829616,7.755468520948837,2.0436375209552446,21272.608767403908,2.0,0.0,0.000961221198685962,10.028756948586357,7.425976437467451,0.0,0.0,0.0,0.0,0.0
18.5,0.7708333333333334,2026-09-17T00:10:47+00:00,9.985738479631206e-05,-0.037881361926772716,62973844.06648387,7804.457805164726,1192,1874708.9010234147,111.7189937774005,2398.2588835101396,2264.344859904693,0.0,2.777905628391636,0.0,0.0,0.0,0.24844649592450171,49.97538806410789,2.6945667591677194,28079.631864343522,4.0,0.0,1.7003721677610883e-06,0.017708640931047848,0.25351683257602214,0.0,0.0,0.0,0.0,0.0
18.75,0.78125,2026-09-17T00:25:47+00:00,0.00010012018144396329,-0.03534933534462115,63023352.678861015,7805.9390538362395,1192,1882000.5676900814,111.7189937774005,2398.398309282751,2269.3600906400607,0.0,0.7354785921647817,0.0,0.0,0.0,5.7507093275319665,6.635905179492893,0.6994752991883205,7277.801829967062,8.0,0.0,0.013938935211517673,145.04816887894447,5.868070742379558,0.0,0.0,0.0,0.0,0.0
19.0,0.7916666666666666,2026-09-17T00:40:47+00:00,0.00010018057708372174,-0.03476742774921893,63034688.59850126,7805.684363657203,1192,1889292.234356748,111.7189937774005,2398.4376251345893,2270.5132116832733,0.0,0.31309947241879854,0.0,0.0,0.0,1.466220515631593,0.9377467160143358,0.3037064882462346,3157.490323033244,3.0,0.0,0.0,0.0,1.4961433832975441,0.0,0.0,0.0,0.0,0.0
19.25,0.8020833333333334,2026-09-17T00:55:47+00:00,0.00010037261203262195,-0.032917184986751225,63070443.86872786,7804.474080582326,1192,1896583.9010234147,111.7189937774005,2398.6733726462417,2274.19950166201,0.0,3.184347405758672,0.0,0.0,9.374301193289303e-13,6.8706373844954785,2.711754415511366,3.0888169835859105,32079.796495116498,3.0,0.495,0.0,0.0,6.5158544739740405,0.0,0.0,0.0,0.0,0.0
19.5,0.8125,2026-09-17T01:10:47+00:00,0.00010036614990490066,-0.0329794471172381,63069191.67577123,7812.195152812767,1192,1903875.567690081,111.7189937774005,2398.690925124336,2274.080597836084,0.0,0.39634625609505747,0.0,0.0,0.0,0.27744243016983017,7.619720882612109,0.36413915125157026,3778.061621153586,7.0,0.0,0.020316717160635562,210.78595392526643,0.2831045205814594,0.0,0.0,0.0,0.0,0.0
19.75,0.8229166666666666,2026-09-17T01:25:47+00:00,0.0001003561735153255,-0.03307556890503094,63067239.05459231,7813.817421454571,1192,1911167.2343567477,111.7189937774005,2398.727684615447,2273.898951625252,0.0,0.8027778442424278,0.0,0.0,0.0,0.6211316334105565,1.4773819220816895,0.778694508915155,8080.618397026383,6.0,0.0,0.0,0.0,0.6338077891944456,0.0,0.0,0.0,0.0,0.0
20.0,0.8333333333333334,2026-09-17T01:40:47+00:00,0.0001004442210458489,-0.03222723735373223,63083177.456171885,7819.640905715576,1192,1918458.9010234142,111.7189937774005,2399.0500857480456,2275.6308483208268,0.0,5.6946391909477825,0.0,0.0,0.0,7.426535886522309,7.877782089176475,5.523544083538441,57181.33568523632,8.0,0.0,0.00025593168090836115,2.6486991954091295,7.578097843390113,0.0,0.0,0.0,0.0,0.0
20.25,0.84375,2026-09-17T01:55:47+00:00,0.00010721350936357139,0.032994363134374094,61747617.57437285,7696.823391120939,1292,1803877.4282560996,111.7189937774005,2401.9940353167613,2402.618570002503,0.0,6.990205338206579,0.0,0.0,98.3489059637481,133.97792701988388,7.1141566557565925,0.31234116511394405,3033.329994390252,8.0,0.0,6.4681580129464376,62707.11679152426,0.276804924,100.0,121873.13943396731,2181343.5296381344,364322.33474015817,38.086459540704794
20.5,0.8541666666666666,2026-09-17T02:10:47+00:00,0.00010706373507192095,0.031551298730123634,61721795.85859308,7744.875737003403,1292,1811169.0949227663,111.7189937774005,2402.0764420722935,2399.8798291514154,0.0,2.7435918510877855,0.0,0.0,0.0,0.004851,45.396011786907884,2.6612840955551507,25866.509427906592,4.0,0.0,0.0,0.0,0.00495,0.0,0.0,0.0,0.0,0.0
20.75,0.8645833333333334,2026-09-17T02:25:47+00:00,0.00010706578620294017,0.0315710612282778,61721967.35077685,7746.22932054905,1292,1818460.7615894328,111.7189937774005,2402.1732557226096,2399.936894863285,0.0,1.8974911553259517,0.0,0.0,0.0,1.9545568671955227,1.5074629078335982,1.7577227642996374,17089.39094230092,7.0,0.0,0.08284365636653547,805.7348482008813,1.9944457828525743,0.0,0.0,0.0,0.0,0.0
21.0,0.875,2026-09-17T02:40:47+00:00,0.0001071931299643902,0.032798009105826864,61743580.52512622,7750.9167785115515,1292,1825752.4282560996,111.7189937774005,2402.287927672205,2402.302443663907,0.0,1.317156570674797,0.0,0.0,0.0,3.682705371296985,7.167678712718319,1.2731826034433698,12385.06074738787,7.0,2.2790135925,0.004459270111183286,43.362709065218,1.4788490312724338,0.0,0.0,0.0,0.0,0.0
21.25,0.8854166666666666,2026-09-17T02:55:47+00:00,0.00010728001729208839,0.03363516218730722,61758277.802620135,7756.61954763649,1292,1833044.0949227663,111.7189937774005,2402.380916610038,2403.9186148514605,0.0,1.190399500503645,0.0,0.0,2.812290357986791e-12,2.8065706880570267,7.411929250326326,1.0451600291914336,10144.91873160872,5.0,0.0,0.10952748629710185,1063.8792355636167,2.863847640871705,0.0,0.0,0.0,0.0,0.0
21.5,0.8958333333333334,2026-09-17T03:10:47+00:00,0.0001072564384465156,0.03340798172553061,61754196.74994202,7763.4708738481895,1292,1840335.761589433,111.7189937774005,2402.4064218837893,2403.4902202333747,0.0,0.6794141829514047,0.0,0.0,0.0,0.2510195648653211,6.448436867363872,0.5604012816563135,5439.9969511044255,1.0,0.0,0.09863047580654892,957.4913120072551,0.25614241312787867,0.0,0.0,0.0,0.0,0.0
21.75,0.90625,2026-09-17T03:25:47+00:00,0.00010652016551044856,0.026314045549012954,61626702.50669068,7780.991142458622,1292,1847627.4282560996,111.7189937774005,2402.8713202321137,2390.022953868982,0.0,14.675014345067666,0.0,0.0,0.0,1.2077479806748423,4.517900594364567,14.206031038684785,138388.5762497482,7.0,0.0,0.02873287603085373,278.9670022423958,1.2323958986477983,0.0,0.0,0.0,0.0,0.0
22.0,0.9166666666666666,2026-09-17T03:40:47+00:00,0.0001065446910060518,0.02655034691496594,61630910.78956074,7801.40340102695,1292,1854919.0949227666,111.7189937774005,2402.8877642844377,2390.478678325798,0.0,0.1417142134155256,0.0,0.0,0.0,0.5974386702312633,20.88442707746916,0.13746278701305983,1343.70366933464,4.0,0.0,0.0,0.0,0.6096312961543504,0.0,0.0,0.0,0.0,0.0
22.25,0.9270833333333334,2026-09-17T03:55:47+00:00,0.00010628176846768324,0.02401710738491092,61584975.31630723,7812.87223460197,1292,1862210.761589433,111.7189937774005,2403.108871435362,2385.6697311616845,0.0,6.3332783641130845,0.0,0.0,0.0,1.5243312,6.880993561830982,5.713217640157191,55893.2414990795,7.0,0.0494999999999999,0.43006237303250144,4200.7065561793215,1.5059400000000003,0.0,0.0,0.0,0.0,0.0
22.5,0.9375,2026-09-17T04:10:47+00:00,0.00010609123526596506,0.022181333847292928,61551461.49356926,7821.32544041111,1292,1869502.4282560998,111.7189937774005,2403.3323409292398,2382.193678998052,0.0,5.840509054124141,0.0,0.0,0.0,2.3644568904915353,5.200623139385475,5.6652446714963265,55578.57895914744,4.0,1.98,4.9111004091173524e-05,0.48118262808930823,0.43271111274646445,0.0,0.0,0.0,0.0,0.0
22.75,0.9479166666666666,2026-09-17T04:25:47+00:00,0.0001058262514859415,0.019628234403843647,61505012.43120597,7838.807199568555,1292,1876794.0949227663,111.7189937774005,2403.4786992977183,2377.3212890840837,0.0,4.87609310504331,0.0,0.0,0.0,0.003703191075232922,12.75572761195616,4.634411229871371,45546.7420484155,6.0,0.0,0.09539908202063997,936.9387425893639,0.0037787664032989,0.0,0.0,0.0,0.0,0.0
23.0,0.9583333333333334,2026-09-17T04:40:47+00:00,0.00010580425014499347,0.01941625308436601,61501017.073707744,7849.736443245807,1292,1884085.761589433,111.7189937774005,2403.560294019452,2376.9303221691584,0.0,1.7769669149251968,0.0,0.0,0.0,1.3860000000000001,10.619871484060859,1.7023652684070478,16747.206275047505,2.0,0.0,0.021292639070393304,209.55422958148037,1.4142857142857144,0.0,0.0,0.0,0.0,0.0
23.25,0.96875,2026-09-17T04:55:47+00:00,0.00010586128267061976,0.01996575731976491,61510682.42482972,7854.8338297420305,1292,1891377.4282560998,111.7189937774005,2403.7141201830204,2378.0166207534703,0.0,2.6118151540708823,0.0,0.0,0.0,3.6981137383827765,6.337511244104006,2.5121991215857276,24741.74901251813,6.0,0.0,0.021261577863028833,209.538166515367,3.7735854473293644,0.0,0.0,0.0,0.0,0.0
23.5,0.9791666666666666,2026-09-17T05:10:47+00:00,0.00010578356528919687,0.019216956003550445,61497018.430302,7866.8406899443125,1292,1898669.0949227666,111.7189937774005,2403.7648010350945,2376.588214517628,0.0,1.5837117358423711,0.0,0.0,0.0,0.1553054999999999,10.629134818514226,1.5202482931167516,14960.514893047424,3.0,0.0,0.01595209065034851,156.91893876134762,0.1584749999999999,0.0,0.0,0.0,0.0,0.0
23.75,0.9895833333333334,2026-09-17T05:25:47+00:00,0.00010573398167272992,0.018739221466007594,61488256.07690079,7869.908689448195,1292,1905960.7615894333,111.7189937774005,2403.816675312558,2375.680516102342,0.0,1.3965740935268511,0.0,0.0,0.0,0.4888756782410878,2.2121753660606887,1.354676870721045,13340.312970023651,5.0,0.0,0.0,0.0,0.4988527328990692,0.0,0.0,0.0,0.0,0.0
24.0,1.0,2026-09-17T05:40:47+00:00,0.00010570639585216349,0.018473434091667018,61483373.82444838,7879.391840186556,1292,1913252.4282561,111.7189937774005,2403.848013730281,2375.175919909961,0.0,0.8259832634771556,0.0,0.0,0.0,0.3213870710960067,9.009892963702866,0.796922349554043,7849.028510212229,7.0,0.0,0.004281416018798154,42.16383229967061,0.3279459909142926,0.0,0.0,0.0,0.0,0.0
