charter_id,owner,ledger_used,wallet_used,new_tokens_needed
456,0xa4a5cc8c29353f333d031f7df7a717ef86caa7de,29528.135543909626,0.0,0.0
589,0xcfb7698154899ae6c5913989f4833d4912b45fb6,29528.135543909626,0.0,0.0
589,0xcfb7698154899ae6c5913989f4833d4912b45fb6,29528.135543909626,0.0,0.0
821,0xc02ad38d5df2724bf1cc7983244301e2185f9462,16818.040214687117,12710.09532922251,0.0
688,0x09f6ac34354fef95ebdd7824f3b36accb30f6b9c,15792.000787688552,13736.134756221074,0.0
667,0xe2fb7d06bbf1e83e899f15b90eaacaf90b0e0a5f,15790.080794929914,13738.054748979712,0.0
218,0xd01fe03aba9eb73ff92e2b64e22daf99458e4f54,15288.589213887051,14239.546330022575,0.0
431,0xaae99871b32a731ddeaeee18517e365ebe44f395,15288.549213887052,14239.586330022574,0.0
127,0x1cca082840abf3c851c2d261771fc8f43daefca0,15284.389213887052,14243.746330022574,0.0
728,0x7b8a6e7777793614f27799199e32e80f03d18dbe,15283.349213887052,14244.786330022574,0.0
634,0xe8e4eb3fe4a93b45ddc4589abdd8f8e006d0533d,14334.676583198638,15193.458960710988,0.0
9,0x1d7b4a9960f908ecc71405f74715fd7f05bf5581,13122.63921388705,16405.496330022575,0.0
786,0x735362a17532f349f2500425bad3cd891c3935d3,13117.799213887052,16410.336330022576,0.0
841,0xeb456428815f395e6f02d4982f5521116c89c620,7643.086602776999,21885.048941132627,0.0
804,0xefa988eabbb2b768ab95ce5a194a910b0050f377,4896.378874039668,24631.75666986996,0.0
654,0x5140087842da3cbc55ff69ba74b4239af219c4b6,4871.964890683564,24656.17065322606,0.0
888,0x187500818fd3ba83270d546921abf44ede7fdde6,4112.989573096845,25415.14597081278,0.0
979,0xfefbc45f6bd1b8baeb2549267f5e906f8a3b42f1,3678.4848275611357,25849.65071634849,0.0
716,0x2a194d883362c456c47502febf07b84803041024,3672.287168846067,25855.84837506356,0.0
621,0x9c58d138adf9cb3d048d96b102c6ab4fb1b98594,3528.002383001449,26000.133160908175,0.0
160,0xcab21d30dbbe7ef86618e1aea139f6c8a9b44c98,2080.0478501834386,27448.087693726186,0.0
508,0x78b1094269465e61b08fe6040db5cb754e85a159,2058.8174399217773,27469.318103987847,0.0
555,0xc2b2c36cf33d6cffb562c2ede97e1dcd721a2c1e,1784.3560629259775,27743.77948098365,0.0
686,0xa9076b5ba0aa393915cc4143653e7a01b96b5e12,1775.191868393355,27752.94367551627,0.0
618,0xc42dee9a2ca5f0d355657dc2e7da65d328aeef6b,1225.4492138871512,28302.686330022476,0.0
19,0x8738117428f539ce10eaa583354bb3a0158b628a,1225.4492138870512,28302.686330022574,0.0
27,0xd8b7350c83d334340d1cb8b03e6ad667ec2504ad,1225.4492138870512,28302.686330022574,0.0
46,0xfc3c962fad2c1cc77f1a0d46e7b8a2de79a21774,1225.4492138870512,28302.686330022574,0.0
60,0x00b1c364d7f1a23f4b54d48c25e2bddf23d4e27b,1225.4492138870512,28302.686330022574,0.0
112,0xe06ad0acb3956f98c9df77bd02cdfd4426b2208d,1225.4492138870512,28302.686330022574,0.0
125,0xa6c88571d0028f47adba983a7240bf12af94633e,1225.4492138870512,28302.686330022574,0.0
146,0x2bdf1a698d39a4358e2c162deacc038fadb8a9d5,1225.4492138870512,28302.686330022574,0.0
157,0x27ed385662b631074034889332cd38483ce59852,1225.4492138870512,28302.686330022574,0.0
167,0x602833282eea4ffe3f326f98eb11921cc03fd0c0,1225.4492138870512,28302.686330022574,0.0
179,0x2cad1eb8f08201306cfcdc7f3049c59fce76d908,1225.4492138870512,28302.686330022574,0.0
207,0x304856144a8cc390cd59c76f7df2dcd8174ba549,1225.4492138870512,28302.686330022574,0.0
210,0xeac0fbba47ea4d3fff69019527092568492f2450,1225.4492138870512,28302.686330022574,0.0
213,0xce6c2ae3b51aeff88d3bc32e3742db14df9fcb9a,1225.4492138870512,28302.686330022574,0.0
292,0x9b535d0e815a1118ac76a625a5ea11ce071b3590,1225.4492138870512,28302.686330022574,0.0
323,0xc11e4e2d66386679945d0509f6f0abe68f5e2db5,1225.4492138870512,28302.686330022574,0.0
331,0xfcc81831f4a866fc9555c3c918590739e12bfb70,1225.4492138870512,28302.686330022574,0.0
332,0xf24022ba0fea5926d30fba8fece6d7a852732989,1225.4492138870512,28302.686330022574,0.0
342,0x4a38e59616b6817a5be09f4c6aea3d90ca477c81,1225.4492138870512,28302.686330022574,0.0
379,0xd8576cd2b17b17ffa06846e415027e2de78501b7,1225.4492138870512,28302.686330022574,0.0
433,0x0f9a7a53b36daf1f52fe7a616ea4b25c532d2fd2,1225.4492138870512,28302.686330022574,0.0
452,0xabe0cdd036456fcc1b64d1ddb7aa3bdf7d5b98b1,1225.4492138870512,28302.686330022574,0.0
465,0x9eb42f017e793512e4734f8785de605c4cb3a24e,1225.4492138870512,28302.686330022574,0.0
556,0x02ff33e10a6f6590ce9e1efb56fdfa0ba6b82929,1225.4492138870512,28302.686330022574,0.0
647,0x4b8ba912055c9691b3249a2315216cc88ccf3f87,1225.4492138870512,28302.686330022574,0.0
656,0xabe0cdd036456fcc1b64d1ddb7aa3bdf7d5b98b1,1225.4492138870512,28302.686330022574,0.0
657,0x419b48a56e6df1f353a0fc05f760581618aec235,1225.4492138870512,28302.686330022574,0.0
674,0x12d080d5670d91261ad0ed24a7273376651ae9e0,1225.4492138870512,28302.686330022574,0.0
696,0xa6ebe798a17b351b0c04cd61654c7ca38860e253,1225.4492138870512,28302.686330022574,0.0
715,0x8293fdc6648dcd00b9194dfa0ab731b51e294f66,1225.4492138870512,28302.686330022574,0.0
721,0x6f97b7de6be7b7771e975e46bae96c35e332e172,1225.4492138870512,28302.686330022574,0.0
722,0x62ae025c2bfe6e5475c8dd37cc883b4369b31775,1225.4492138870512,28302.686330022574,0.0
727,0xad279d438249815e181f4f27d00db1d9521a066d,1225.4492138870512,28302.686330022574,0.0
731,0xfc3c962fad2c1cc77f1a0d46e7b8a2de79a21774,1225.4492138870512,28302.686330022574,0.0
738,0x456408c79e4bed7c58d04098438971255bfa98f0,1225.4492138870512,28302.686330022574,0.0
769,0xfe4b04ade5478f3b649614221cdcc43ee31fa27e,1225.4492138870512,28302.686330022574,0.0
778,0xe463e91b5ac588e24ac810d403795f08f86822d9,1225.4492138870512,28302.686330022574,0.0
784,0xe65a52b61436e4c60d2b3ef0b475b80800a8f0aa,1225.4492138870512,28302.686330022574,0.0
868,0x7029bfa9a85ebf4653945be520dc3b7f1181f4af,1225.4492138870512,28302.686330022574,0.0
902,0x419b48a56e6df1f353a0fc05f760581618aec235,1225.4492138870512,28302.686330022574,0.0
910,0xfc3c962fad2c1cc77f1a0d46e7b8a2de79a21774,1225.4492138870512,28302.686330022574,0.0
945,0x6f97b7de6be7b7771e975e46bae96c35e332e172,1225.4492138870512,28302.686330022574,0.0
954,0xe06ad0acb3956f98c9df77bd02cdfd4426b2208d,1225.4492138870512,28302.686330022574,0.0
955,0x26474f395c327415f42167c7ae53ab7413078dc9,1225.4492138870512,28302.686330022574,0.0
987,0xca16b6208efa84e543d48904f853265bc2705cc1,1225.4492138870512,28302.686330022574,0.0
826,0xcfb1495fc39a4bd101ada0f4c81754671f24843f,1189.3732108271906,28338.762333082435,0.0
644,0x8e871ecf331a27c762bbcff795279def31c8a25a,1189.2654772277408,28338.870066681884,0.0
9,0x1d7b4a9960f908ecc71405f74715fd7f05bf5581,0.0,29528.135543909626,0.0
9,0x1d7b4a9960f908ecc71405f74715fd7f05bf5581,0.0,29528.135543909626,0.0
19,0x8738117428f539ce10eaa583354bb3a0158b628a,0.0,29528.135543909626,0.0
19,0x8738117428f539ce10eaa583354bb3a0158b628a,0.0,29528.135543909626,0.0
46,0xfc3c962fad2c1cc77f1a0d46e7b8a2de79a21774,0.0,29528.135543909626,0.0
46,0xfc3c962fad2c1cc77f1a0d46e7b8a2de79a21774,0.0,29528.135543909626,0.0
60,0x00b1c364d7f1a23f4b54d48c25e2bddf23d4e27b,0.0,29528.135543909626,0.0
60,0x00b1c364d7f1a23f4b54d48c25e2bddf23d4e27b,0.0,29528.135543909626,0.0
112,0xe06ad0acb3956f98c9df77bd02cdfd4426b2208d,0.0,29528.135543909626,0.0
112,0xe06ad0acb3956f98c9df77bd02cdfd4426b2208d,0.0,29528.135543909626,0.0
127,0x1cca082840abf3c851c2d261771fc8f43daefca0,0.0,29528.135543909626,0.0
146,0x2bdf1a698d39a4358e2c162deacc038fadb8a9d5,0.0,29528.135543909626,0.0
146,0x2bdf1a698d39a4358e2c162deacc038fadb8a9d5,0.0,29528.135543909626,0.0
157,0x27ed385662b631074034889332cd38483ce59852,0.0,29528.135543909626,0.0
160,0xcab21d30dbbe7ef86618e1aea139f6c8a9b44c98,0.0,29528.135543909626,0.0
160,0xcab21d30dbbe7ef86618e1aea139f6c8a9b44c98,0.0,29528.135543909626,0.0
207,0x304856144a8cc390cd59c76f7df2dcd8174ba549,0.0,29528.135543909626,0.0
207,0x304856144a8cc390cd59c76f7df2dcd8174ba549,0.0,29528.135543909626,0.0
213,0xce6c2ae3b51aeff88d3bc32e3742db14df9fcb9a,0.0,29528.135543909626,0.0
218,0xd01fe03aba9eb73ff92e2b64e22daf99458e4f54,0.0,29528.135543909626,0.0
218,0xd01fe03aba9eb73ff92e2b64e22daf99458e4f54,0.0,29528.135543909626,0.0
331,0xfcc81831f4a866fc9555c3c918590739e12bfb70,0.0,29528.135543909626,0.0
332,0xf24022ba0fea5926d30fba8fece6d7a852732989,0.0,29528.135543909626,0.0
332,0xf24022ba0fea5926d30fba8fece6d7a852732989,0.0,29528.135543909626,0.0
379,0xd8576cd2b17b17ffa06846e415027e2de78501b7,0.0,29528.135543909626,0.0
431,0xaae99871b32a731ddeaeee18517e365ebe44f395,0.0,29528.135543909626,0.0
431,0xaae99871b32a731ddeaeee18517e365ebe44f395,0.0,29528.135543909626,0.0
433,0x0f9a7a53b36daf1f52fe7a616ea4b25c532d2fd2,0.0,29528.135543909626,0.0
433,0x0f9a7a53b36daf1f52fe7a616ea4b25c532d2fd2,0.0,29528.135543909626,0.0
