address,sold_tokens,sell_pool_ETH,remaining_tokens,currently_empty
0xa65ce1d604fa901c13aa29f2126a57d9032e412b,30000.0,3.8238941677088616,600000.0,False
0xd026f7a62fad79952d2f136ebd598a71b0053da1,79353.9720964937,8.59903743425798,337804.86535601655,False
0xaae01d26a2100224f724df95fafacd1d07c13593,49999.99999999999,5.897215846031573,150000.0,False
0x01f3bedb04d4090372f7b1ca0a4f0bb581faaf8f,24440.2528520159,2.4951514359353855,137652.89422977134,False
0xca8ab66188924815df38cac43165ae8c220f1a4b,104617.29525744577,11.934255345346921,101337.21790083355,False
0xf955dab8bdb1158dc0df449997a057ab9eb4f774,99488.33097153532,11.39550816025471,99488.33097153532,False
0xb9e98a981adc50aacc93625990b86a6524c3d3e7,103520.10014129551,12.123810162644926,92761.31294261571,False
0x669e5517086ffef7bdc404e42854922a12ee4910,1825.2782766065643,0.2090077118369713,89897.24818603485,False
0xa91392aea58fc1543b0d9b314b0cfab7e1dc7da6,9939.379864268,1.2361543338285912,85196.40176164394,False
0x5140087842da3cbc55ff69ba74b4239af219c4b6,19750.77,2.3963945997468628,56467.25179369697,False
0x368564edf8ec2d3cbe8ec3ad265a3207e663b93c,1000.0,0.1169346388450833,40000.17885991887,False
0x8cba145d686845b50475ab396bc0cd182a6c7e63,3733.5722819593,0.4123031660680652,38665.560087272745,False
0xf85157c010bb517daccc79ea8a17cefb1645bd2a,659.1303268807903,0.0771050247112547,35609.59723925981,False
0xfd9b4e8bcb71c6660c39d4c73ee20b4dddb3afd3,16532.432969618476,2.028154807457959,30979.330987245867,False
0x3590cb319069d2c5d696150c8e7d1d2901423abc,25073.34632973929,2.9916715962150167,25628.41095289854,False
0x2f85fb2a2d54f30ac38148166b75ce22c3c15b43,16000.0,1.945491232342707,24787.44450138905,False
0x96477abe876a3e5474e4913249da69e26e5e2728,7781.400677057527,0.9795320814439794,23344.202031172583,False
0x9f01a503120cc32c472751583f5bfffc371288b9,14615.82097819539,1.6581098418371345,21945.11441521388,False
0x07e9ddcbeb02b121df864ede32e79e6d11fcd4cc,4402.309751591326,0.499979277635557,20180.235378380377,False
0x5f1d998a2681d13e41b16276640535ae1f422bbe,776.6988007276835,0.0854828579989455,19101.116788004885,False
0xece2cddc345e8a3c021c5d2b2807284c31b3e3d1,2107.36067163484,0.2672522259166669,18966.24604471356,False
0xcb610336e847dde55c319ed8513ed8601a67f719,15000.0,1.7014683596468507,18782.173776585285,False
0xbd70e6ec12da7731b700b969a2f7e13d47d0b53c,1957.1395736706563,0.2481677323929202,17614.256163035912,False
0x7d483c2146c81e36e1fba54622513e3a6d9d56f4,1924.534881469871,0.2446318200150433,17320.813933228837,False
0x3d2fa04af6099a759fc3477fe601a9c7aadf0229,10250.0,1.0490681803010593,16653.64386723,False
0xee1338f0f9324b97580f1351ea0a30f474e4a67a,17050.951007956417,2.059129677505717,16549.49766767148,False
0x0ee9a9e0172f224bf5731a430bf1f8c2ea3cab95,11550.635013227595,1.3794774787614996,10892.750473330936,False
0x030da1759db64b75fecf70efb737de28996ef222,7514.9479327155,0.9277719966495941,9862.224535249003,False
0x42ba09cb0276dab9cce4afea93ea339b3553e67c,1059.5283355411652,0.11933450578509991,9332.17218545084,False
0xb69b196d919e120fcdfcb1d26d8b70320a378f1f,10627.699327906228,1.234523559288337,9003.998402788497,False
0xa0e72dc252da0f93de7350aa5bacf3e23c7f8626,15219.361810711343,1.741995122208716,8779.37203250664,False
0xbcd6f5f8c4e6f7561723485455393bfb001dc5a8,15013.59115386818,1.7153412125246368,8708.99568843159,False
0x725c287504f613c2c9601611800eb8dc5822c86f,15000.490884268796,1.7108037294441876,8704.628124717146,False
0x78bb77e0c8c9bf71d0d101bae9a55128348577e6,3084.9198927715,0.3624413369774415,8313.702655178207,False
0x5fd9571ff8160999f7d5b2c2596de3eebada7a94,13304.55330584338,1.5253533060979336,8140.878624065956,False
0x62703263b64699da4c9c84bd96649aa7feb9738e,12893.002536602602,1.4743844658581844,8004.141838005099,False
0x1e3a56c1a7be6587bdbfa285d48797c4e121f173,50000.0,5.5784646381661815,8000.000000000005,False
0x56311f46963d93eba214a95a5c55193d6bdaf4da,12676.304348356369,1.4545451771286944,7932.8032817774565,False
0xb19933d0833ba135673b437b05623fa20ef8b124,12551.020836707054,1.4327129705488384,7887.691668525616,False
0xf7f6d446980ae9b34f5be1822ad09885213dfc1b,12010.244377824793,1.368575782068423,7708.548949693649,False
0xab34e3836988273c0ffe6bf73cc5264a5098ee7a,11408.559653852668,1.3069364678570756,7508.881951863079,False
0x74f071928f3e7a0945c0c167af9a43942f649684,5630.542794677789,0.6479777158256677,7239.2693074428735,False
0x47b6acc9d98d5e711486bf859913f4c0115af871,1248.484036841474,0.1343835647897487,7000.000000000001,False
0xc6c3c017832d82e9eeaf3b1380e002a915c5974e,288.746119974,0.0327998605203652,6892.610727410858,False
0xb458f0c3c03f8878a2b22bd629a5147c51e07427,1045.25842924692,0.1273570388686904,6382.676451602681,False
0x7a5453e935423e571ec5c51ae151eb794a58b584,300.0,0.0340656788059203,6209.5465136125,False
0xf2f0ac184e4e379d6e8ec15846242d755ad1ddfd,1363.041543776046,0.1568268725789631,5452.170900318964,False
0xc103ad60e8a746a95a5854bd0c4a5439466f4504,8629.193590695186,0.9178831622683888,4014.1061697637642,False
0xaee989fda15dfa276bebf116b81d26ba233235ce,28622.715399213652,3.0229417905375837,3180.3017110237397,False
0x2dbf8d4cbd78ef2b1ada1893d59b7c0cbeaf32a8,3160.344136487271,0.3465362343637466,2957.505598059332,False
0x2002fb73bf0777d8026d2b1fa804f6316dac9e4c,18242.370062444756,2.1466453655211764,2606.052866063537,False
0x802ca05d5d4372a15a4b50c684ae535f71148e05,949.82679629,0.10491293027249,2604.990676100196,False
0x6524be37c49b085a067cee447932e6d2444c9b58,5748.329008633994,0.6767461064599162,2341.9497612860096,False
0x22addbee1cd55b6081b0f8aaa94198d6c1f6b2f5,1426.2095599353345,0.1721454678966752,2225.749481008034,False
0xe2d957c8eb362fab0145cc54485fd5893f5aa2d0,1303.719332374774,0.1635437293853377,1895.2886251102743,False
0xbfd9efa0b2a8dd476000d8965334c34b9f3a660d,1245.442152208138,0.1422213313297254,1834.229973796963,False
0x116cda031c0f1c23954052e595ffac12f804307d,901.24963689045,0.1023886327937624,1812.7972370111406,False
0x53426fb8d9f01b8419bdcd92b8266b3d733c490d,338.6581992286352,0.0374084973306374,1653.7831064600018,False
0x728aab1e0d9805298bb0ebd294d2ed42e2b00beb,373.3050638679,0.0412348224844653,1652.7837609308378,False
0xb19e4456e26181897aaf08e76f09691a27d8cf47,2782.69,0.31379507325330275,1169.5044983068308,False
0x699df9a4b9ecec3b17d2b62fe9b4cf9f8d7eda42,238.81001710828752,0.0274981421700543,955.2400684331501,False
0x55535c44a11bf074c042d98dcd9e97ea28e023a3,107.34139704120982,0.012705351641849,869.4653160337995,False
0x0e4acdbaa7674767d0d9b1d9fc8756b766d02289,722.965020848506,0.0861885262491286,691.4394809161724,False
0x788159b2fc582750cc665bd88482215d3fff1250,1567.4313368320913,0.1825123469094112,646.5085238502046,False
0xcabcb6269f25e6f388230b6ec5916b38e76357e7,94.01024889070884,0.0107983121234572,593.7489403623717,False
0x5ce35ecead5863401b161713e0358096ab87bd70,349.3389958216,0.0421680957868638,502.20325808593503,False
0x9e6589a52bc79ceed5946ba659723782f82672fd,500.0,0.060355799953792,501.59894396226275,False
0x5a2ec8fc323180c33638bc02cbaaf139ecf37d94,155.03879359978282,0.01620255931691927,465.11638079934846,False
0x300407454da9ba04f66d284d737aa4db2f06dab3,143.4143022636521,0.0154516907656449,430.2429067909562,False
0x2a412e58427027637aec6ae8e3faa44c55cd2ea5,143.01042784021334,0.0158762617788414,429.03128352064005,False
0x6d366faf50a0e0dab5708d744aafcff097f516b7,317.12272429324645,0.0360239788201827,382.62266941459325,False
0xb64e6db5defa8668512ae1e54f955fb1c67c8bb1,1097.3198084359105,0.11932895939096369,365.77326947863685,False
0xce9df13a38fca853b6c3ef850d5a172e80363864,1504.5415833179914,0.1648101699986613,325.3062882849711,False
0x3ef655dc725cabb11aa63b373147681151b41db1,237.58845892644067,0.024526416994971663,301.3408139503875,False
0xc151a66574ef8af5d301b3b2956566812d2b9719,431.4230704517499,0.0504660458967373,215.71153522587494,False
0x0b7576a64a0f4b4924d55ed328ede4979446521b,213.9356955071789,0.0235426275887294,213.935695507179,False
0xe80a9aa3ca442e7ca1e24d76a660c0ee5f683e52,231.5719370311089,0.0283664248852185,202.43354921979625,False
0x9948ed6f180e064a6d7668b0af3304d3044bf4ef,132.89806551122774,0.013662895930217325,129.72599020503984,False
0xc7389bb44f734881bc0a6ef34604df22c333ba72,11911.97481715098,1.3520014633535593,120.32297795102001,False
0x1b36374d5a26c45726632162188f7162dcf39639,69.02649678741469,0.00787935769891657,51.796394801141126,False
0x7874d25f0571edb77ec59390bee81487ef8a00a7,581.319441434363,0.0686506747431731,37.92896488719545,False
0x4b0648a448bc679a8bd2556cdc694b766133eac9,25.01484828804149,0.0030927835051546,29.222202469765133,False
0xc577382a3bd8eb4a66caa1b247d70d7f9c46d6f1,1705.4007554144,0.2032674410663493,12.407723988974617,False
0xdf284da4119b295f9a3f31ec58724134ea5268a4,123.28556017872,0.0131981341259483,4.158798619058813,False
0x8c855e11881791823c2ca99c1eaf8855e3dfb42c,6.280799099895466,0.0007690793408591,3.4373460798375297,False
0x6d35d4292160ec19702096bb2101f9388acbb840,60.3984080291246,0.0074918205876046,1.8113611218431027,False
0x1e26d603e9577b90ae45810c6ccd5fbb752bf69c,187.73930295945,0.0219972146226084,0.9053348889359718,False
0x545322d21d3e186639a1571aab35833855db1ce2,2.08671638979918,0.000226740299731,0.7353324440563778,False
0x3ea5d7708b69dcefbffeaed973fe1dcb73394f6a,98.33135466637816,0.011131457443927,0.19705682297871374,False
0xbb00bbb48887f38806fbcd22c05478e20cf7d043,1644.84,0.1854493726777971,0.009718803834889704,False
0x881475210e75b814d5b711090a064942b6f30605,8382.119999999999,0.8898271779300586,0.009292928760752696,False
0x00c47676ef9512e8e181edf9e7bb6a796201b76a,863.8125440450625,0.1056245460868335,0.007383827704074016,False
0x9275dd443b41103a04bf1348603be0d2e0abe853,2024.9502138356247,0.2556619438847558,0.006814921066028075,False
0x5349bca810cdccd4e1be37f22c7c85d3dd673b75,2909.7189,0.3653987738949666,0.005670923204598459,False
0xab9ea52e96bf3f654a51fd5c02e48b0f30731fed,22.7,0.0028835505327327,0.002740082835164391,False
0xa3f9c5a5cd542c55515e98c4cae4a334569cd0d9,950.4263,0.1178948599181024,7.7916444435857e-05,False
0x432fcd67815d5cc72808a7815a02373fdee7d740,1377.7117917357757,0.1517094418955203,3.043921417452e-06,False
0xd008a97c5e28514d6ad6f13d55aefc8ceabcacad,439.16790000000003,0.04662250250428161,2.8048487583e-06,False
0x1cda6af915399fd20d6b253b8cfdbd9feda73baf,11689.693565600051,1.4280406237899608,2.056883784884e-06,False
0xffdac5e7a7b5e65a05373a95247672ab48d51271,155.846293,0.0195729839530506,9.34347688837e-07,False
0x8c07088fd67d5803967f9ec7884f0ad8b3172d98,18033.67065936551,1.942104818719224,1.136986e-12,True
0xcb801f51d908dc4e4619b7041cea75b8fb507c2a,6522.5342,0.8119832592444893,9.04761e-13,True
0x7dcfbaac68e29dec7a3481babab2d57b0bb771cf,5284.518809372603,0.6437375769384772,8.55775e-13,True
0x600b0eee49eaf8d25e27cb25bb880a29dab801c0,2186.717737348263,0.2674604381724525,6.86405e-13,True
0x1ac005e581133718a34de1fcd3c30f083bef8c50,4069.156759915274,0.4321163945465185,3.71374e-13,True
0x9d51f3ce90ff357f6a6974d44d28ccce3ce262a4,485.8973736628246,0.055130885579877,9.4184e-14,True
0x38e6d89b7d7fddc5590342116bbbd07d8aace600,1612.2098386576831,0.1893863385514065,3.4594e-14,True
0xbb310c960f95f2b6b6bd0852fb2acdad109936eb,493.9585299545947,0.0568986395550105,0.0,True
0xb6d9daabd5dbb55a3e946b5a49a04488cad945a3,96.52956476025136,0.0115870826896996,0.0,True
0x0940f4875ee0c1fdafe8702cb9804fcdc3427ff6,326.2151091977124,0.0394990096933884,0.0,True
0xbd7ad5b74a81a9c7faa5f73ab82276e0e19d08e6,140.61527582456503,0.0176545526519677,0.0,True
0x97af0c4597ab98853a8545e7eb0ec5211316621e,570.6118157122554,0.0654360315140201,0.0,True
0x9b8916c133c1c5ab2f358a26cbd9fc581d2b26e5,4331.010773548286,0.445420437601598,0.0,True
0x9ad301e74733ad7abe541e40936a1f4630e04d84,3782.137092426736,0.4182014081325539,0.0,True
0x98f96f178f1896dbcb2ce4b0d33533edd5bef4ce,1996.2671349563489,0.2339674540431928,0.0,True
0xbdedc063f61566c3085dd858a1078df09a26aee0,35.330480801670085,0.0040749965250527,0.0,True
0x98153cf43e104ed590078840c12628d4289bf3df,23430.461171083167,2.604893646758108,0.0,True
0x9d5f06ec0756bb9570212e060ecb77da40f11b24,42164.77814018934,4.644410169008872,0.0,True
0xb772e7e643c5041b4e23c42c4ae4cbcfc4449717,12760.611447269866,1.573730217231922,0.0,True
0x966832b9a78e5c47676242a0f09af9242c74d500,4523.300411450876,0.46208599713394355,0.0,True
0x9c590a19326575509977353192005628d2ea5ffc,1379.8444298512513,0.14101651550489058,0.0,True
0x9d4a93e569769e549be5bb27ba3c77c45ac30531,1042.948310620789,0.1225618882328059,0.0,True
0x09a71d6a42da1c135c6f54eea7900d923d909aa8,7800.705343769086,0.8937936462043977,0.0,True
0xba82abd865ac471edf8790a5e9269e00deee9eae,570.6241182916224,0.0654398580540969,0.0,True
0xba185949348bd2e8ccaaa1402ae81ffb88d40919,62188.52535384895,7.887935895084107,0.0,True
0xb85f0e5f8b72cf5c81d82f7fc6c35703f5d229ad,88.85979642113045,0.009223807586953256,0.0,True
0x9676042f03b5d0da073a4ba37304d4939c73d948,13787.112653834363,1.5258556394479832,0.0,True
0xb8fc95e3229d489ffb51b54fcc19c64a770c9fa9,256.3012769817501,0.0313409477565725,0.0,True
0x98ab8cf3a98d5cffdf3d9a2cfa48660095566913,16208.936011601529,1.763883515079017,0.0,True
0x096b42670e796c77ea62927c0ee19de211189630,4445.6627881577015,0.472279559953155,0.0,True
0xb9012a7a62aea07e345e173d10bea681b160864b,657.9013513929589,0.07011129404144671,0.0,True
0x9c8ff2cb10eb8306c98765ae3f9b2e8a4c6233ee,204204.30106266768,25.124397971638867,0.0,True
0x9d7170f5a87cd8eddb352414879ae999184e896b,56.111594432450005,0.0068328883176587,0.0,True
0xb7604e92d0c92c7373d3f96666bba8807084b56e,26695.692565833353,2.861470628341836,0.0,True
0xa09f46e3b7165bf38af1ac13d89be34bdf662e7f,3.367494233926656,0.0003792782094876,0.0,True
0x0b65bca644e2d8eb83db69e8439d731e3a24b968,657.1033402438925,0.0682923266661887,0.0,True
0xaa36809ab63025d40fecd6fd0031e63628e8f772,2055.2698218145,0.2269526474315503,0.0,True
0xa9df22a4574583057e28131dc73e66c68f5dfb1d,11192.013804167893,1.2415840208991102,0.0,True
0xa101f4c5d1d258b1782f5012139a136e7474a955,878.4646759076933,0.1084092564685849,0.0,True
0xa9a6b03c59bf388a2005afadcfa48ffebf587cdb,2932.529448754859,0.32308731206484353,0.0,True
0xa97a91ed70b8bc8fd202d5e4704ade94e0acb8e0,535.7086828318648,0.0646566239317503,0.0,True
0xa82f4ba49b5e61ba8c1c3a1fababaa459761e324,6811.155552672537,0.7530478780446779,0.0,True
0xa78463464b6edabaa2d49310520d57a7d71d6589,97.26636314440582,0.0107400810400075,0.0,True
0xbdf46069c9e68508e6dbfa7e0d7733ba13ec829c,16571.83192501993,1.8407819006012311,0.0,True
0xa661070247f053b6c41945ba258de1f33b53eaa5,43133.95016008028,4.488028445851198,0.0,True
0xf94eea1d315d32cae8c0b2d7e95b2cc74b54d509,7649.318608956474,0.7954670342890539,0.0,True
0xa5baaa52358a8ab92417b5bb81a6c06999aab7e2,392.6319630813307,0.0460390978249643,0.0,True
0xa3c534bc278cba31e185824dbd9d6b5016e6b4d4,734.5243321738025,0.0897140685924525,0.0,True
0xa335fd7f2700898757ec4e763d5f46ac83cf4161,57656.45644413926,6.731500400316506,0.0,True
0xa219bad2e0bd736db1f4c293092b99932bfe7d1b,10232.503106104876,1.0928570796513828,0.0,True
0xa1b460590b144b817a475250d1491b4bc4d51a05,103309.44008954776,10.927551562436738,0.0,True
0xa1e1a2d159166a85a5e1f7142146013b93968c5b,381398.56481393974,43.07109085118131,0.0,True
0xa1ba5d056ace124a787b0aa7146c8fd0258ccc37,7091.171971521534,0.8115848910471101,0.0,True
0xa750477ae87082726cab101cb94478869c2bb621,4331.0094145063895,0.44552399860039954,0.0,True
0xb6b4f962540fefeaf5eede4f3edc40c1836614e2,3244.791299736304,0.3671673436022556,0.0,True
0x9eebb18e285eada13f1b991a9feae686f1895e59,2662.7125724215034,0.2824581776196784,0.0,True
0xb56c0e3743f4800d5b1a3df3de280a8250c213af,1292.780695927886,0.1483884607348854,0.0,True
0xb4196f47be3490eaa1049ec26ff8e3c9fa0c32b7,395.3187680183276,0.0458194406160918,0.0,True
0xb3a267eedfaef313f3d4d85c092a3677f5fa3936,1369.6837020940477,0.1698865924605904,0.0,True
0xb2f202371d4b6f6ea48e7175a5edf9b8fa75ce6c,0.6339895954142848,7.9526706290834e-05,0.0,True
0x9f8d29fe6a21fb1b0d690a9a3cfb817e37f24885,131.4877629990388,0.0154522529534426,0.0,True
0xb14c56182cefaf3b78d984d08de3a68334fbb5bc,1128.6381326086437,0.1356393886986102,0.0,True
0x9fc9a4f84bbf073d91fe6b9be6623f4ca0b221c9,8148.6294031158595,0.8652674173866794,0.0,True
0x0b3d2fde374357ddd27de3b48900a22438932ee1,17.12354594119271,0.0019012946151064,0.0,True
0xafbe9b3a9d32bc7848b7fb83d57a6e09432a413d,2593.2152235176923,0.285349493141815,0.0,True
0xafa7a7bcd846698be2990a78aee7c979880b5d81,17427.768612365173,1.7806993138955414,0.0,True
0xaee6fc9ae27c90a6b64db74bf84f508e0d298f1d,49.82455535244067,0.0060694594058684,0.0,True
0xa007ccf234d7e5306615035bba0d32b0f5d25bde,5984.483748636681,0.6710921781024469,0.0,True
0xadae6f8b6c6bbd88c428d7e9bdddfdc1b11fdf8e,896.1384404998635,0.1075115332778386,0.0,True
0xad8c7a19bc29ba104cedab894c01d1722ce185e8,469.6106718188304,0.0539399708628558,0.0,True
0xac5e433869eeae2170d6020f7728454f9cfea7c3,859.8839585139891,0.1007312429258642,0.0,True
0xac0dc208a5dee6e46ab26a4bed0c0881b6dca78e,1356.668363937719,0.1694310249938301,0.0,True
0xa00c4ee85797d8eafb5a3b71bd0c1ccc7b30f1bb,3726.4088044949926,0.4125446399437335,0.0,True
0xab485325288184530b16773a958feb2d56f378ed,1260.722149365998,0.1563655089664484,0.0,True
0xb05e21d3c98870cc15fee82315ab078039735aea,32.9680223848648,0.0035187267029539,0.0,True
0xe716919cad884217d4311169f304090dd2c70de4,11871.173487161788,1.3619411536297497,0.0,True
0xe69c04afac1e0eea166cb0de8c00294efdbb5e6c,2380.5679113055567,0.2554040911187682,0.0,True
0xe66879002a9c7a4535c78fb33517caf2b0151383,7.070370482593152,0.000807776786306,0.0,True
0xe4f3c2e834de80ecf959a5ed19685c381c47b89f,12231.424566854606,1.2886289655170302,0.0,True
0xe349d5798e1b7849dbf6343c0e0702fb618908b4,595.0874484904936,0.0748967126740024,0.0,True
0xe2ecec4e03d31d9b5348e17b18763e1dc3ef5f09,200.82542513372064,0.023933334614389,0.0,True
0xe130bd204787f6d8392deca59cb7b4f4468dd75f,19124.270574270147,2.0155773396174808,0.0,True
0xe0f2ad6b24c4cdece39d49db0e6b943b71ec6208,362.79645217040894,0.0415796767650258,0.0,True
0xe0d4c69839ee6d8d6be2133a6af51d2bae27dc2d,200.82269418742916,0.0239333259702377,0.0,True
0xdfdd5e3deae2dcc5d538be65bc6798858e7de523,2167.0876254072823,0.2548424294916685,0.0,True
0xde9e6b2fc62041fff0a66e4230f4e64a46e2fde3,17870.45990905486,2.031442271635657,0.0,True
0xde8772e0189307618cd87b621eabaddf7be80c65,1782.2504455066078,0.1955480277138907,0.0,True
0xc2cfe8bdacd50943258a326e498b202ce0f4bb45,4114.460130923278,0.4996051329004488,0.0,True
0xdd3c15c343da8e050e8e4562d0bb2bf89e392deb,18751.868319931324,2.074949152453218,0.0,True
0xdc688a9d5a258266e898c9119ec2f97f68655fdf,658.1813118012739,0.0770030640273844,0.0,True
0xda8777232d8ca7471cce4c07e49f989f5674718f,19057.93786281256,2.2310922641913966,0.0,True
0xda04672a845dd7a2d48aeb5e2482efccb0578931,910.8114839735886,0.0980114468796524,0.0,True
0xd969c48687901f971a0d16de061b06c80283cd4f,3834.8209016787714,0.45614352224882515,0.0,True
0xd8ed4164a7e08c5b58a61598a7534e58e62d1070,5358.795172492708,0.5538262550605073,0.0,True
0xd86c13937c939fe18d1399a007a9668c7e451fe0,6521.626437717979,0.7130783682509423,0.0,True
0xd8573dcd65f99e78bd2d82046fb64f679ee1dae4,6928.7547963293455,0.7928758303431983,0.0,True
0xd7e3d3b24001cffd752bc05e943a8d14db6d73b3,2523.1652895421703,0.2693735334537857,0.0,True
0xd78902a4d9394e3d159352ff6e8d969bf4c0742d,1089.12246345931,0.127979105614625,0.0,True
0xd7015406b53fe64b5ef34db5d116b8f36132f1d9,1184.22645438141,0.1298699523648373,0.0,True
0xd6cbcba99bc931d40f1490f93a4bd8a7abf29ea5,14597.870609772572,1.6186951371543592,0.0,True
0xd5c0d910717604d5a822652036e41dba86c9bd42,3787.040501333364,0.4014652105062184,0.0,True
0xde6399df71bf774e24a815c73588fd0ab915001a,32387.718137048603,3.783184828186754,0.0,True
0xfd6d4817b6c3c35c2e857d965d6895f4d0a756b3,386.6770138531245,0.0466819321211762,0.0,True
0xfd3bd73b200e11e680242c29458403065723b23b,352.3974837574476,0.037119842878643235,0.0,True
0xfdc0d5bac28f67baff2d06885eb961512ce1ec28,387.9734828294792,0.0481374956387586,0.0,True
0xfbcde59cfddb74fe367876400f1b74ce459a2d78,19015.434254403437,2.063925432016289,0.0,True
0xfb0d8b94027c5109ae89c5f08b025cc598cf6f49,215786.98528662074,25.00851536050868,0.0,True
0xfaecd4cb2026aa1c34f34ad3bd0a79ececae065e,14443.873236084764,1.6010243716959631,0.0,True
0xfab55b975646bd4f96becef3b766827205ed4386,2171.493492123673,0.239079722335171,0.0,True
0xfaabefe6e5c4e064d6bc5c7857fa3357f96ac103,24512.546611638398,2.701227703840189,0.0,True
0xfa8f45cfb81782b2c3426e0c0ed76f80f1ac664f,1464.8151036664065,0.1788227132743839,0.0,True
0xf9d9bd237948a4d7d6125fa64dae3efd227b0d34,15899.473790357135,1.693027962408843,0.0,True
0xf9aa91a1a7fcda4bbd182212b195907d3ed78599,2904.848972876,0.3085324479847163,0.0,True
0xff00ee4bce74c07569f5b8704a0f26642b066300,15398.664293037837,1.7858074465653997,0.0,True
0xe739b7b2ec8771bc4c7eac4de82fde63d1393fc0,9779.3409444568,1.1930048062690937,0.0,True
0xefb2bc68d19e40e079a1bc328cd392b8847641f9,368.9538423516912,0.0404941887502338,0.0,True
0xeea2bfba9b06d76e5561102f2966129582496c0d,615.6666374102841,0.0667921976016708,0.0,True
0xee26bb996576ac9f77d6b0bea42f69502cd04938,150.54414362043315,0.0189072722348995,0.0,True
0xff5e06600acb2dc49a48a27e0c256a7a2af35a51,156.64384592088953,0.016015982024512748,0.0,True
0xed5e9479a8782284c92ca43c13bf854d9fc4904a,1664.6136062378862,0.2029922984960115,0.0,True
0xed3ad83572cce1e7db2ea644f19abf98fc096684,77224.0671100746,8.24781431851627,0.0,True
0xed258fce86f9f6413fef091c06f0e2700ea1e250,4225.243766134894,0.4635738672579752,0.0,True
0x0bf17af03bfc7a44a5bb80419b323271bd0155cf,14633.320476595194,1.5270709395268272,0.0,True
0xec113fd561e8ef00d16fa907f50643e431ef7a3a,19226.4200027614,2.0536898989383157,0.0,True
0xe9d0360e6b0438cd61cdd17b0af74f0385498863,5401.208520406401,0.6604580998507974,0.0,True
0xe9b56d44713cd01a609d76de8b9351b0dcf505fc,3336.508398997973,0.3554100826061361,0.0,True
0xe8c6cee0408d8fcb1e09dc13149b6d516c32ff70,650.378401132649,0.0769794442456078,0.0,True
0xe779e7e592b16ddded41cf3f95965e00d16cb559,122552.28976613971,13.397570967863508,0.0,True
0xefd41b6120cc080c36ede31a0e0b901d51b4bb3a,2669.720339926063,0.3236463542500216,0.0,True
0xc7c5b0d05153d9e44c87ea41b9b5f33ad71010cf,192.0203480213072,0.022132526802889,0.0,True
0xc7a226701dc89e56dbedb048a1ca354c6f8795ee,21115.704230351574,2.2271258209251132,0.0,True
0xc66cf03579ace4c4e2ace0897fb4c1818352c216,173.08694791421698,0.018229241949795513,0.0,True
0xc595e2bd44a38731145803ef49457c0402c2da83,1063.729816469517,0.1300923331624129,0.0,True
0xc5639b1e83a610c0c8098e8b65649108e446b332,232.3145051430611,0.023686509210878875,0.0,True
0xc4ff0d92538eb133174cac869190b50ee0a9599c,29430.908780126665,3.4838898324047944,0.0,True
0xc4e4ce31ffd4ac334bfca4febc7bbea6dbbdee29,1622.396711403538,0.1976944081630854,0.0,True
0xc49a9757caf616f827883954b67a8296346f66ee,2674.3233979986057,0.30934666331800476,0.0,True
0xc48f28432f74c5d8f89c6404cd0ff4185cda7dcf,33919.88180975329,4.276542249648186,0.0,True
0xc44b50465baf60b318e57debf5e469a95d794f24,204.87235696735434,0.02162067341466192,0.0,True
0xc3ea51fa7e72882d1947597c6e05f928d4742807,78320.83882385792,8.11266886662395,0.0,True
0xc3d16ee7192c083776b60cd03c7a180363033c8d,47.37248162599257,0.005029175318837925,0.0,True
0xd53ba81faaea2b1c68757eaa09799e375cb9ee2c,2309.805839918309,0.2557638276751676,0.0,True
0xc37bdacda6a2b853e4bdc01332aa656af4ec02e6,536.2874938204583,0.0588532630446344,0.0,True
0xc30072253242c30d929ed5702fe5dc2e85f30028,12044.509485062026,1.5115986169315816,0.0,True
0xc2efeef229bf820292bd373a99d7640366ee2988,1902.5844367238424,0.2249498765318379,0.0,True
0xc15add28fa8cba4a09ec79f745e471b8528fca2a,5066.961412706272,0.5183779881582614,0.0,True
0x07fb753a79177927fa871eaa6eb1ef60a00d3473,3.943579159267691,0.0004780011230047,0.0,True
0xc12511bcd405805301b8da8f321e7d8283575336,1746.6598556947804,0.1915911685046023,0.0,True
0xc0fdfeb9c4bf4c95c90063757b2bd3e5ecbd3698,53291.68865165327,5.880759393909583,0.0,True
0xc0f754ee95e856a82f63674f943038cd00324ed3,45143.91593643109,5.630132812008986,0.0,True
0xc017df7046e875727885ea58d74edaff1dea11fd,21.05196202990106,0.0023161777017471,0.0,True
0xbf97584b9d63acf16a2b9ff46cfcd8ca9bf74cfc,919.2138403287604,0.1121764948355715,0.0,True
0xbf56d3dc8e68f39d31a3817a5aa9cbc71458d078,5382.891527463678,0.5624626675636183,0.0,True
0xbebbad0b95ed88e6c56c8d79daa82257e97c3f44,271177.9196980002,33.083213423257014,0.0,True
0xbea1282b8bdb759aa974d878a9d2d9de75f230da,287.30319570477,0.0362288472582136,0.0,True
0xc3c570056e06370b9b4022c98174226d576570a5,15456.63812114121,1.7961324918471364,0.0,True
0xd50cac9a1b0d5bdaf4358544c10aa0274d0e1c54,1820.0111523630744,0.2093826296971681,0.0,True
0xf12ed46adc77882e12165b513b0d1f7ca6d09321,65084.797375,7.736376302370122,0.0,True
0xd46557055bc1761e83f62470372cf3aaffdd7304,1398.9336697122546,0.1501026894398702,0.0,True
0xd441fb8229592d30267f4abb7b27ef602885f011,81.339765492866,0.0089815213942866,0.0,True
0xd3f932610d57dc33265e4bc80ce393c2d73fbdd1,12891.64465258066,1.431227064544191,0.0,True
0xd3dec1c9389a247f8a78fc5248382faf820a272e,136.52819452908673,0.0144840529735002,0.0,True
0xd373a3f763152a90f16a76c98f6749faedd1e73d,87.53617532652486,0.0107019599560612,0.0,True
0xd31081829132c25ca4e8625b5b264c4948bc4248,17795.775664188262,1.8642860695269765,0.0,True
0xd2fef56768a5c5075f1be7a5a3d6ba5c0f7b769d,7097.780905016391,0.752697267848738,0.0,True
0xd26a2bd8a59ea00bd836142cc6be9717361a3b51,5065.629900000001,0.5272829581097707,0.0,True
0xd1cf6d8d922ac54e9b0b9e31c91f63aaa0ec295f,30491.552137713777,3.3738193384507644,0.0,True
0xd169335ec70ab4f3d3738935bce4d3a61c83382b,15023.682626438098,1.740600313700943,0.0,True
0xd028b1f8a2e842a1e403d29e7a5f6dab368e3733,268.6365190801209,0.0295938969417797,0.0,True
0xc8757d2bc5cc17d031b3c40a632e9d8ed8480dde,872.1685389667589,0.1004687606100313,0.0,True
0x04212f4f389a4c1b08ebe9e918bc41d5e7ab3035,402.72258384595216,0.0457449673582366,0.0,True
0xcf486ce2ee2ec4356ab9aac3049f0d18d2e58043,18.8295887055332,0.0023295134643171,0.0,True
0xce5756db336fb2bec16f9f040287c2bca51d43d7,8472.173144360331,0.9617627628808872,0.0,True
0xce338539a47fa89d1f3cb1f45fc5ca36a984108a,29752.2354527746,3.6790236182161022,0.0,True
0xcd09548e3f48f727b80f530ded525d067bc32814,1889.6374775742063,0.2149429364830389,0.0,True
0x0505bfed047ee63796da81a40061136c918d7ec7,1.7761405553439793,0.0002169903910291,0.0,True
0xcac22a6c1da709ee467c06eb5f0f0e2686116377,29451.6877960404,3.236855688305321,0.0,True
0x05583a1597de1b5589f0b151e7b93d0f489e01b8,3030.027360056109,0.31475601716606927,0.0,True
0xc9c28217d103c6962b1fc1953f78a17906cfc716,82.61578234170979,0.0094819066514176,0.0,True
0x06cd569591c76173f2fddd17ec4f54842ecb2cbf,2319.616059468608,0.272746335330391,0.0,True
0xc921d2e7f77193c42520aa4248f2769080f3d126,75.38682351209374,0.0091783699822581,0.0,True
0xc8dd1663fbc8adf7662e62a511328c166cba6570,1345.1517923855101,0.13886684504214453,0.0,True
0xc8d7b228fbc3edfc1061084cc17b559522c0fefe,109.28031747762415,0.011263320036485247,0.0,True
0x031c53b39196bf42dfb43bae1a828d01a2108c18,248.99828126543864,0.0313992198863116,0.0,True
0x30e22fb0aff38c0501267420853abc3c6c8796ff,62064.06738071498,6.650743633992462,0.0,True
0x30d6dad8112c8457dbd681952ef54871dfd584fb,52128.38351393651,5.411918946803755,0.0,True
0x3052143e1f7f2e4c92605bec868100a2a486875d,666.7241377309017,0.0841702703621581,0.0,True
0x304520291421dbbcaf1ed1933454f0329aaf4536,857.0952811590276,0.1002679196456957,0.0,True
0x2f58e6e787a47121d98a191184564e42b602c296,1404.7791638544352,0.1717881291652738,0.0,True
0x2d9aed7f5ed6322cbcd863cdcdceaea7dea47f40,263.20319675316773,0.0325141802096783,0.0,True
0x2d72e9a3b15b4fc3fabd559f11e7ceac9dafa933,10823.0169877795,1.2354166511964906,0.0,True
0x2d70b8de1a89427cb44031d44c4a9c1e1dc9ff95,9237.350984376635,0.9863125197181928,0.0,True
0x2ce7fb0b0e1cf80a39d42acdf27aff6976e1d24b,332.91945260967447,0.0354738946583991,0.0,True
0x2ccecf28c70c4e76c43c5c9cd895f219d4ad9d4b,1811.4725489807784,0.1972225595765699,0.0,True
0x2c9742d480b3da51e03a19c0c4544e48f30cfbeb,3742.8606240917256,0.4017742388921839,0.0,True
0x2bd9000e3e516a74582e5cdfa2e67fedee38157f,430.616378789897,0.0450963438039002,0.0,True
0x0bb28deb686acc95b0fcd92ca55de88c00f55e29,2320.577270305347,0.2544105197438055,0.0,True
0x2a3399038a938b43e142256cc59273dc9911ca70,194.81794371950184,0.0246252157934154,0.0,True
0x2a0b1198c6f6f6aeba5d50952904901aa82677ce,705.466452312267,0.077422340978443,0.0,True
0x29e4487442b21bc98b4770a2e2de50701314ed1b,899.110647808615,0.1057399438978553,0.0,True
0x294e65d353be7ffb53f9c1a321613b4d83965991,132.81137151163347,0.0166611853996915,0.0,True
0x294d96d9ea087da094a435bd9aaf843f1560e7ae,1464.8019122859228,0.1787714832173303,0.0,True
0x285c6c5bb53508a72dcf8e63e44bf0ae69baabe9,52655.55913633529,5.480351232083095,0.0,True
0x2755e6d91aa574a106fdb76e4dee3a0e11cfbfa4,2.443133415769225,0.0003042102583879,0.0,True
0x26f7e591bf4eb57e1ea0f77805aa03ef66b63449,1259.3745656341985,0.1316178532217857,0.0,True
0x268f0d612ea8ef92fbb4d7b6cce4a9f5fe9a7174,163.6798429002393,0.0191062537725378,0.0,True
0x266311a44e70363b3d168bcb38cf38cbf2ccc51f,684.9535550302002,0.083616686626859,0.0,True
0x25c289a0a073163a873dd7402fce63424a0d0680,23930.45442629494,2.4948550780606893,0.0,True
0x255b7879959b462d7e9f19c5488cd49019663be2,660.7949971096604,0.0674046081508387,0.0,True
0x24e7a8963c07dc0ad58098172ab2b9826bc90fb2,417658.8589379757,48.47649593388033,0.0,True
0x2b69c3251b373d8820e90a2580dcf2a84fcd00e6,15464.88076169501,1.7952854534570837,0.0,True
0x43445f836842027499c7125f224df2017f0624d2,169.10038554718454,0.0194088285256537,0.0,True
0x431f15623676d6617859794f18dc3d0681c9ec00,120530.62612893558,13.461745135909814,0.0,True
0x4230d47051cf81f931116d1aca42e656fff35255,65731.91832715503,6.9784894492587135,0.0,True
0x3f286db4a34a3f3318ed621de086ea5c6e186db6,1895.4985247822096,0.2373897836684388,0.0,True
0x3e36ffb5c16385c7d52ea472c92945045776091a,9228.525974123446,1.1487500713833507,0.0,True
0x3e2379e68881beaa48de35645d41c5ff6513b73e,8198.992669332638,1.0354996016681004,0.0,True
0x3d957c9ea42c8743b462abd451e3c93f249d4ace,22754.122478938996,2.466938244754216,0.0,True
0x3d54a330df6f1594d217c8e06b329b814b7e7cc0,551.1051053347823,0.0673753520141213,0.0,True
0x3d21402780fbf386ca154851aa0e61a74324c701,217.0722186607017,0.024928210787512,0.0,True
0x3c53f304dcd45ca7e77472f2b818c1d28b7afe0b,3716.10198629548,0.4610094604522932,0.0,True
0x3bab49622197b0e0bb1b6fafbcb57e6e6d6b28f3,7323.734033408848,0.7818528812961937,0.0,True
0x38ee3df0e26f4fce54c269b913ee06ba68a2cf55,996.2202698654866,0.115147637010488,0.0,True
0x38e55907e48e119032ce8cf5a7c5d12b8eae690e,1604.0832395362145,0.188024674703286,0.0,True
0x3194dc01d91db4422187f06c6a51b3875e70c443,93919.93015153862,10.402755685879814,0.0,True
0x38251cf37a5d554ab1003e28d39ba353a5388a24,7450.798995964413,0.8179162615346589,0.0,True
0x38151664da1cc4ade5305af94e7709c6a5a0dd16,7734.651559124576,0.9442596884410344,0.0,True
0x3804a85597ef39efec762a151c4ddfff28b779c0,34451.12148678771,3.603990979547316,0.0,True
0x3796a177d315b1b1035887bdce9a71daa6a8bad6,125.25049685589026,0.0143430025980252,0.0,True
0x3742ed73b45aecce7f534e60fe2f27d1da64b068,1181.7786356279444,0.1385797142729825,0.0,True
0x35fb327a5087bf230b6b1c44369d0e5d93dd842b,1205.2545408671663,0.1473359517401861,0.0,True
0x3579ed4bd0bd903ac8b259ee96a2de515c8ac956,86.06723218768464,0.0106757305912813,0.0,True
0x34568cb6bb15afc4d314a88304b93b616dbde77c,62443.17527536544,6.650402651625011,0.0,True
0x344ecf72b8ee652ec00fb0b3d3586409eb205016,213.7659111234678,0.0232140888412758,0.0,True
0x341587bde6e6c6effbf5df6f729b496923b724a0,4310.342929544113,0.5263734744973088,0.0,True
0x333411b580fda17c663059038c3dc6f6796b1da8,857.7226960430631,0.09073837281923691,0.0,True
0x327facc561234ebd02c933a4d4486fab6585c566,10893.107529669596,1.1345847779055187,0.0,True
0x31b88334ed07e93e8ee6106a1acfc75168c78e9b,202359.90711467827,21.1954579225052,0.0,True
0x38b229873eec95576cc635ebba813fb27d5c00dd,4688.4874728601835,0.4820782922750455,0.0,True
0x12a8ced406cc8ae3cff19e6ae2fa6f88bd840332,152.53463034897484,0.0173263939988946,0.0,True
0x129f47a69ac472a34ba6642a3c180cba69743559,674.6500252993001,0.0822717835906462,0.0,True
0x11e1fdcfb680ed1e71ad336adac324d37202263c,31731.02385888044,3.484033408880186,0.0,True
0x11bc74e240c13f7067529b21dfb9933ff7fcb136,59953.1391972115,6.797823803490324,0.0,True
0x0e2038030eb8d0f489f1835bb01b8e64fdc6e977,18543.863300772977,2.191044833121363,0.0,True
0x0db93f422176464a304796f6b2089e0b3d802a5c,3063.688218111092,0.3361770037179595,0.0,True
0x0da492cd26580d9bf9efb2a57e511ad9c8704895,1085.0640060742885,0.11467265224701133,0.0,True
0x0ce86c68da81e719949be022b3d9934615f9fdd2,31096.59833556578,3.202380398383271,0.0,True
0x0c1a43d61dd08bd240cfc17b91b5badd285d26d5,1461.4264894062933,0.1662526082495151,0.0,True
0x028facc04c63d3b558a90b94aa8d4fbaba909df0,1190.5198781019603,0.1310872823053698,0.0,True
0xf8dd21037cb62242ceb8e388adfd9d95d7a6e0f1,28253.276411254865,3.509381218332073,0.0,True
0xf8c50a7dff1f13e89d15a43ff2908fe3f0d18d75,51537.14274113821,5.553847619394366,0.0,True
0x2453303a863443ea994ec1eb77fd870b2df69a67,996.2572614316986,0.1130427297004521,0.0,True
0xf79c56056fd4226f7688ff3aac968b42cbc9ea01,355.1631696887866,0.0403436099515144,0.0,True
0xf7867a5065b8dafdae0e85f9ac4bb5f6018c5ad1,25.52940815756965,0.002651789333001988,0.0,True
0xf74bbbe5926ec19d480b9ded94883143199e494a,59.25100527012683,0.0062789996254833,0.0,True
0xf73ad907483a5bf960e43f2dc46cf160c9744efa,2902.1628871756448,0.309720908461775,0.0,True
0xf5f45d2e053a7fe063b99cee408b44b8f86956a4,156.07,0.0196733296418775,0.0,True
0xf399dc4e3fce4e92c9de101ce347ed5906291aac,253.15849270882163,0.0323018581842429,0.0,True
0xf18eae010b44026c6b5f15f569f2761b730a0a80,150315.81239249624,16.972194212241117,0.0,True
0xf17b0cd3805003f15b6f90bec33e16b4f635da26,497.09110061711135,0.05236229860890196,0.0,True
0x01b88308e0cc94d103cc255fd12569f0ef8ba8fb,26399.507059031053,2.9935764070003383,0.0,True
0x016be7a3ef30cec10f87ecb8c794fe8533c9dddf,123594.98824178772,14.095358988506073,0.0,True
0x01158abb9968d46b0f148831b0416492cd4be805,877.6698967522752,0.1046305561247734,0.0,True
0x00fbfab3a2941a0a6450a731c5f90e3ac8d48265,83989.27541178885,10.000234400942716,0.0,True
0x00f87ac521be4d7d60a5aa32d993667dd182a6bf,326.86012840886053,0.0399142294067252,0.0,True
0xf7c29429ede629fa253c66f51ab63f35371c5911,165.20758707037078,0.0187657219026342,0.0,True
0x2444429b617062858c0b789608bf0e9fae313db3,366023.04194185307,45.47144899155034,0.0,True
0x24278276a6482a0a980170ffd19ab5b82e25df89,39415.97406553673,4.358779710421916,0.0,True
0x23fc56800a4425cfe6cab4ba863f4305d08529d6,387.132689185549,0.040908108309662995,0.0,True
0x23dc7fa4de581b3e62b6c51d4bcbc9f2e1515e8c,11635.14854288525,1.4160386227151496,0.0,True
0x22f25c08cdcc28f1e86e9c547ff78fa672f07b3e,7596.97505319737,0.9261352128270668,0.0,True
0x2229698be33202137ba212ed6fd6a01fe505f67e,25.10346326790291,0.0028175276449754,0.0,True
0x220aac56890e2a23e325c009584bbed39056774f,3573.0183152275026,0.436759968856043,0.0,True
0x20c3c770fb5475d48b0bd1468d75416ab0184fb5,1060.9329509095573,0.1126847897676373,0.0,True
0x2015a4b620c5b188691ca745eda51c2382f236da,12558.6609534379,1.3910340626966036,0.0,True
0x1f75e5db8563b4286e06483e4d0e970a1882e84a,1119.7292031300046,0.1351725550198435,0.0,True
0x1f1b1f7b93e60cab5c9828e3094ae44b84eae9f3,537.5219584411398,0.0591933694450199,0.0,True
0x1dad9c3f3e5ac6c75b39f6799ff7a63971f8b2f5,3564.1991201945466,0.3758371374187766,0.0,True
0x1d7e5f97d7ca2697177d57d8f3a9b7b458b8e9c4,474.99496010839727,0.058159778933775,0.0,True
0x135413bb6883d648c4faf261e7d3a9e6ede740a1,15127.780288179303,1.7896139348276523,0.0,True
0x1c3becc3000ec36300b260cdb19a67e02d35059a,29357.299436011504,3.419986864936442,0.0,True
0x1b162b63891e2328177eae76944dd3fd0ddd004b,22.26244352883905,0.002807316597692,0.0,True
0x1aa2a5faf6a74c2455072a1a17eca0ca5f217e04,1939.9273904400127,0.2090932394160245,0.0,True
0x1a03830b15b77d3afb96c17d3e04fa2aa7e10c42,1541.490709668464,0.1691012480026043,0.0,True
0x1967b8beb660879c63089ba2933783bfa5ae6c6a,57.548017302630285,0.007025739096301,0.0,True
0x17984f1fa4400b6d0ea3596d6464b850d1b34631,1032.0386802007422,0.1250976348684528,0.0,True
0x15f578d55bcb1f200222a8e0970bc7f642f70ffc,25350.826524835593,2.599229884113163,0.0,True
0x15470ac9dd7502323ba5cad584ff2aa0db6ba748,6947.239468886863,0.7327751275432726,0.0,True
0x1504f42d4d3ce2abfe1405c403db3bd6e13f5e02,4614.938634526615,0.5770917543808598,0.0,True
0x14b33822c8bc5689e4130b0d3fca676674fb6718,988797.5418197432,114.50991916883511,0.0,True
0x1482552c252240096d6bce6f45b6fbf61217c6df,6637.849903944479,0.7003950516660731,0.0,True
0x147072f7d75d7e055e1c666a854fa5a07817daed,31.330053656017984,0.0036735627895848,0.0,True
0x1387078be4d40daeaad1c4bce8200afcae93b835,16705.530572281015,1.7080707132615658,0.0,True
0x1c43925835ea30480e36a8288dc7ec19cd822791,71.13884407674027,0.007270487623804234,0.0,True
0x865fe5e98e97c23a851aa99c0d882d4ca511906b,40.401930017275255,0.0050731222275539,0.0,True
0x85abb63d2fe9814443f841c2aa995d4dbaed3b86,7138.93749314864,0.7417889465810459,0.0,True
0x84d0f74d21a89f86b67e9a38d8559d0b4e10f12d,7195.79158548918,0.8728672351087585,0.0,True
0x84b2c3781b7eaf118ee2666477e52d63f5c4270a,62.217494957850974,0.007382455838562,0.0,True
0x84a3293bc2535f5cad35a422807b575958c0f755,984.733848078002,0.1241640634168914,0.0,True
0x8427a0aef2691ba80eab69265c331c2ce1c66781,4078.066250330953,0.5036537110945232,0.0,True
0x83e54891db9707752a37e9788aa31a30a00e107d,12475.864621209685,1.4676530645570645,0.0,True
0x83c0af442cdecebcda22e00b67d061633b0c0edf,835.7523826647235,0.0906729106057608,0.0,True
0x834e27b21ae759c39d7d1d265642ba99690a9639,3710.721219045647,0.3982445295942182,0.0,True
0x834cd5a02813eb6d7ae06e85bef4552a1faf51de,66536.17672221853,7.877638642515061,0.0,True
0x821e2e7537bd001052350b52842469f768be92c7,3629.228713000089,0.4429803338732648,0.0,True
0x812a18837d67ffb540443453b9bf40f3e7487666,34045.38147784112,4.2610647037122,0.0,True
0x4459c75b9ac5186ab152019b7ae905669be082d8,19226.24122502151,2.1248757945802104,0.0,True
0x7fcfaccad8a693349253f9d104d41613617515fa,8687.3768651375,0.8913471683459734,0.0,True
0x7f6614bcbe404a78aeb8147fde495070a2b2de43,1092.521928008896,0.1231710721646418,0.0,True
0x7e5be92a83f6c3a13b4b76f012ed67ae2d1880f1,9356.430648214073,1.0714325943111185,0.0,True
0x7d29cbe7299b3673ef044c2e90c73af2e685b060,896.9341161121,0.1130665917380947,0.0,True
0x7c9457a775015eee6e098cb1a4ba6cf9b0fdf3c0,16837.725870806433,1.865200398454614,0.0,True
0x7c505e3e3f66f5bb81a937500153ce1c8c24ca18,85132.17380880646,9.812153429696558,0.0,True
0x7bbd6293d5ae967ab349fda71b9c6e0bee1a0b66,54211.504437270974,6.588922563500036,0.0,True
0x7bb18a5c1e56565f2a3dd5cdeed38a013a388705,1606.2875389191051,0.16687803542428029,0.0,True
0x78c382ba287ef26b843cf8d18939f24521b46f19,30539.330529066618,3.783897153830433,0.0,True
0x76b31d4ec61a5c687319868ed9211c2808894a2b,2058.7106407609376,0.2553106822239678,0.0,True
0x76b1b9ca0695593b8651704eec5ac3f9e7f7c213,100.2770455418077,0.0110892781952669,0.0,True
0x75409b0f83cc80ac3cb8042d0a169a21e3c63c07,11101.440227999994,1.3866495828592962,0.0,True
0x74dda631c760a653e6d706d85a0823640c2044f3,7748.559199051378,0.8555808064472631,0.0,True
0x801ff26528d5bd804026a7c26a10794848316083,39084.30237057756,4.805500690717594,0.0,True
0x95b0746316368ca24e5a58da7fe961d791cb6829,1411.774205570332,0.1621473512622385,0.0,True
0x95254d57942c2ff694732ecdb3bfdeaf00ad9554,1486.818118199033,0.1864949722755813,0.0,True
0x950067b78f91b584c767ebcdf54f4797fcf82656,3554.023766806581,0.4422101887282482,0.0,True
0x94e4a5ea172f20f4268794ad513fc66b1b949cc3,404.03019698969626,0.0427657839875524,0.0,True
0x9489422a2babe681e25fed33c710f89f52f067ad,36274.78116732402,4.480923819004622,0.0,True
0x93b59976cbf5668665a1e44b1b695bdb4fb0b00d,1557.8022701474583,0.179025115408314,0.0,True
0x93a692fe5477902c3cf5f6997c1cf59a3712ced4,2000.670573710888,0.2270399531881957,0.0,True
0x92aab480f16859d78b4cb414937b4e50076e5995,182.56252418496356,0.023020676041733,0.0,True
0x92a8d5ce2ecc201be0d707f4922ab6484bb50d61,38020.29655399278,4.545583646673553,0.0,True
0x91e34590d02096b75ac681899c938d1784684a66,1356.609747597196,0.1562008122894629,0.0,True
0x91a4a46fcd3226d4dbc106583ce6ff04c9668e97,2862.564239221194,0.3487412757446089,0.0,True
0x9197ce79fcd4a8fc1e6c79d6966260b56e16d4b6,3661.566438441496,0.4016945047640617,0.0,True
0x916934da62467c5d7f54e3825af31900195b906f,264.0594060424751,0.0302246158110752,0.0,True
0x87f530b9ecc4bff59ff823cea6ef67532339805b,13090.835224908682,1.6188456633502937,0.0,True
0x90c957d6d2adb667a209f2c7c00ad9e5848e8b34,545.4491349942513,0.065849649469793,0.0,True
0x8eea4bd83ccd1f2521ee067595a017259c3ffc11,1854.4750000696656,0.2318495112487312,0.0,True
0x8e8b1ba245ef5072a2ac51401ef0beacb7dec85e,383.87884889136535,0.046482174559241,0.0,True
0x8d867c57520dd10558231354495c804f38317485,2796.3405777115036,0.29166939135001596,0.0,True
0x8ccbeb5087b50dc8bf06ce5ec518b64910e5ab5b,72.89995382969394,0.009282462717198,0.0,True
0x8bb747ed8fa7ab7c8dfffada712d47bd56cce19f,1397.0018891959678,0.1604513962098526,0.0,True
0x8ab83793cafe1f88d3c875187a70344c31652c22,3556.916250955366,0.3875204016358651,0.0,True
0x8a91c5ca1ddc2d4a161a1dcff265233287ede4a4,11070.538342479247,1.2796468666066576,0.0,True
0x8a36bda4ef5ad2611a730dc0e311ce4722f33832,6389.814361967616,0.7065739612957275,0.0,True
0x899536723a207aa8e41c3fc7019407f2a52e7ecf,15940.627595769387,1.6326220305606334,0.0,True
0x8908253a36effaf7c284dc044f22d90fc9a3139d,176.84423271249997,0.0200501355320034,0.0,True
0x88f5a9430968ca0abbe1bc662fa963cae1dc4a77,34133.00607657418,3.69031152748337,0.0,True
0x8832e2ac20bb587bd16cc38b30017461d7d752e3,632.6363825450536,0.06570701404782713,0.0,True
0x90cd32a9a55be19082644ec54cd682de995649de,4531.666195860152,0.4924761089990362,0.0,True
0x59107cd3c95e479096c8fa42b41c12e4b8a91a5d,14992.418032650425,1.547043075354151,0.0,True
0x57e0917351ce83fe7b72f659efb435edbcb3fb21,20622.682853052196,2.49451694473315,0.0,True
0x57c5c112da1a7e56c1becc7bd439f980e1d6cfe0,1749.701624645308,0.18060037986064129,0.0,True
0x565a624860f330a79a672e42a2cf2cc71e27d0b5,1568.8946729342297,0.1732800642365384,0.0,True
0x55b5fca9275e65d7969ecf7928001761d09c8c8a,0.7760667802786289,9.5089302024619e-05,0.0,True
0x55a1505a8c43e92493bedff34f517099b471a93b,150.1362791898686,0.0160241796183554,0.0,True
0x5264e6cf07ebc99071f3205d2d6e397bd2672a49,61.475152819177,0.0077521628862921,0.0,True
0x520d62d4942193102353b381d5afe25ecc502d52,12209.959124465342,1.258559459132907,0.0,True
0x52045d495ff3fe90340d6e9f692c85f78ee7f7e4,494.12236216750136,0.0563821024979946,0.0,True
0x51a32231e753efb33d99d6b6cac13c4583efdb74,257.19203419372445,0.0293682225874924,0.0,True
0x50106adc5754bab54512c31bbeb49eb71ac6616e,606.2392354095182,0.0738178724055873,0.0,True
0x4ff25ae1b4bf1cee786d5458b43f116d3203d374,122554.50789060214,14.222234043748692,0.0,True
0x73bcd314ceca8435fe9580b10599ad39ed6c059d,685.6213469737396,0.0754512830746407,0.0,True
0x4e820111df86e8ec7b8f54843084f49c01df3d0d,9543.083506479994,1.1632829250382866,0.0,True
0x4e770fb65b1db450e546c48751f4d00b4bd63d6f,968.318228695143,0.1120965961538729,0.0,True
0x4c71b6d4cc7fe1597ef7b4994ac3aa4d751e51eb,20.45610497087148,0.0021818009662732,0.0,True
0x4c01c06c874aafeaea1c2f96cc94f495cc7e6c8d,7513.375356082711,0.7962146174386048,0.0,True
0x4ba5f32b3c29b2f609b6542c7f81fcc653479873,604.366823826558,0.06273554354916311,0.0,True
0x4b81449e67b8d001bbd539f3ea0f6087d97ac14a,6893.448528378752,0.7387315679215003,0.0,True
0x4aa0ef835b790fa45bf8af500245e482f59e6537,217.525924626062,0.022178478676069556,0.0,True
0x49224d70a64e7e7dd5dadfad610f039ea6d08c8e,60324.74578863033,6.512488948338545,0.0,True
0x48046632ef49622f372a76925c30ebcfd6670770,2665.596334423842,0.3272897797067576,0.0,True
0x47b3b02910bd24bb8945ae8d9234484b0b5bec74,323.7073900600436,0.0380360044312594,0.0,True
0x479a1ba2346c58bd2a48af7283b1af2f2f0da209,683.4993018001502,0.0832218120077408,0.0,True
0x45f498e2545ab7df017f073d0f824f130ed9412c,110.65319414910138,0.011322000742027943,0.0,True
0x45a953fbb55b93070cc995c45a0205482bb766c0,494.1335288806387,0.0600507701987744,0.0,True
0x4f6bb175ed99b9e7377b3ecab0f980c426be025d,120.68592564801008,0.0147607803260742,0.0,True
0x71fd2543b1e0a97d5c7f3db6c1e1b733aa2b435b,555.4485304816757,0.0677305395775089,0.0,True
0x71f9be8ffd2fc8e2a9cf39cf53e1a4ff7d1e413f,644.518472713136,0.0715492453139277,0.0,True
0x71c75263696cb48ccf62b9145eefc6788f5094e5,283.9612948424562,0.0332206586576419,0.0,True
0x71ba4ce9bd0b5ecc4dbc815ec08960890f0c2fb3,6961.223434767372,0.7636095379026508,0.0,True
0x715d5e019c82afd86ab8c651936a6f7439972f86,251.23467937560585,0.031887563182353,0.0,True
0x6f58c938a4162560d878d1c55024742cdf7661f3,2584.9999999999995,0.3147918245093153,0.0,True
0x6f0dd760b17ee959e00c00088130b9cab7d9d2a9,302.48345086195474,0.0353823862313342,0.0,True
0x6c9ae6b9a81343680e4c90b710958112c1109b9e,62336.42723847766,6.907227212817931,0.0,True
0x6c38d201a34ebd50670062eb2e3bef9a400996de,22856.28078055217,2.8213066406777347,0.0,True
0x6bf23d9f676ec7d22ce6d76c075d38d5834d3fef,381.5073457349272,0.03922175346685252,0.0,True
0x6a23e5620c64f4ee58c3cc02c8cafabfe58f5946,665.5308872772298,0.06785450382115334,0.0,True
0x6938fa94d58b42cdcd80ac7dab595d82ad18aab6,10335.97485078719,1.1447852903125657,0.0,True
0x6935ee7038d877604b006c52709abad248449737,271618.851733777,29.217039808924188,0.0,True
0x5b2787b662c4fc14cb6465412365d95b6ed6d9a7,1738.213842209749,0.1865224632409805,0.0,True
0x65e635f88d7c0d522fee14d504a0cf5bbcb94140,24692.99294677915,2.601299412406823,0.0,True
0x65c98dbb9abda3d96fb7aa267ce8bfbe4238f3c0,3.554868295944817,0.0003826496351786,0.0,True
0x648adbc9efbb4ca4b1dc43bc31b0d13fb47e4066,7.789147335850763,0.0009508930224647,0.0,True
0x63ec40ffd185e7de69f0922478f3ad98cbeede9a,888.7859872912613,0.1071263995197351,0.0,True
0x62b4602685827f1dd007c1f81713fbad86dbaf00,39908.1656253302,4.893173308166781,0.0,True
0x6150b4a6bbe8cff57623e6972407f02ede8ffe42,66.95778660842934,0.0072801868823265,0.0,True
0x609fe17db3cd92f4551dbb34b324c033a025bce6,1091.503928833966,0.1237459657721447,0.0,True
0x604b5278bd394ff2104987fd41b20ad9238ee837,1715.758425609446,0.20841135557492219,0.0,True
0x5fe497271cb5ddbea7ce9d3892b5f21a84f4eeef,488.9784837302219,0.0554857739623906,0.0,True
0x5d1b0ae6e45a9e376cabe2351ef470970cc3d938,9555.240354737214,1.1241291794293689,0.0,True
0x5c8e02921ba4b59908079566dc8cf4f6d8e108e0,1.5573698186514389,0.0001920996000998,0.0,True
0x5c05c60c6a6e1ac392f2b7de2c97036d29b34e6f,892.6557479846155,0.1081955944799595,0.0,True
0x5b3fcc404c541491b5c9662d95fb9cd905f21661,4331.13865757283,0.445641035242817,0.0,True
0x67283ebd069eadb8ebd7d9c3e43692707cf52278,2.6972436128813517,0.0003304016507869,0.0,True
