hours,elapsed_days,timestamp_utc,price_ETH,price_return,wallet_tokens,wallet_cash_ETH,branches,bank_pending,vault_ETH,hook_ETH,epoch_flow_ETH,branch_withdraw_sell_ETH,sell_pool_ETH,branch_withdraw_sell_ETH_tokens,branches_retired,licenses,license_internal_tokens,license_wallet_tokens,license_fresh_tokens,license_fresh_buy_ETH,buy_pool_ETH,game_prefund_ETH,external_capital_ETH,spec_buy_ETH,spec_sell_ETH,spec_sell_ETH_tokens,new_seller_activations,owner_spec_buy_ETH,owner_spec_sell_ETH,owner_spec_sell_ETH_tokens
0.0,0.0,2026-09-16T02:57:33+00:00,9.509060999603663e-05,0.0,62715168.74666107,6838.7985800381175,1153,1413081.8011091093,111.7189937774005,2359.222523915383,2166.6432875407877,0.0,0.0,0.0,0.0,0.0,0.0,0.0,0.0,0.0,0.0,0.0,0.0,0.0,0.0,0.0,0.0,0.0,0.0,0.0
0.25,0.010416666666666666,2026-09-16T03:12:33+00:00,0.00010157919996290718,0.06823586437336959,63310806.354179576,6720.9006540753435,1195,1263070.4894980406,111.7189937774005,2362.5549236591814,2290.6827731771573,11.332604496292133,15.889919761032615,124502.16230375842,4.0,46.0,29415.896444065223,608892.5567230815,166143.07787145674,16.249955325028758,139.92940539740366,121.34305125889706,9.473959417395758,3.411648063028868,0.9565288840298808,9804.014122206474,14.0,1.7804529014163935,3.124088787879623,31995.09344959631
0.5,0.020833333333333332,2026-09-16T03:27:33+00:00,0.00010059591744198344,0.05789538468810185,63127492.688780084,6750.614997620281,1195,1270362.1561647076,111.7189937774005,2363.107336082564,2272.3383556542854,0.0,18.38567865127243,0.0,0.0,0.0,0.0,0.0,0.0,0.0,0.04126112840054497,0.0,11.922338445450102,0.04210319224545406,1.4266973550277815,14632.156975304382,13.0,0.0,16.407410936706473,169083.87207382993
0.75,0.03125,2026-09-16T03:42:33+00:00,0.00010025545010418521,0.05431493297144541,63063434.81990099,6759.528971824051,1195,1277653.8228313741,111.7189937774005,2363.299194047731,2265.96995840614,0.0,6.3843876685559735,0.0,0.0,0.0,0.0,0.0,0.0,0.0,0.015990420411245376,0.0,2.7374349207911517,0.016316755521678952,6.0673611462523604,62914.25920877507,17.0,0.0,0.1254948922469339,1301.3663369295227
1.0,0.041666666666666664,2026-09-16T03:57:33+00:00,9.889865818509425e-05,0.04004652183024526,62804883.81096945,6796.452515239304,1195,1284945.4894980404,111.7189937774005,2364.0663284684615,2240.4832570412236,0.0,25.536958696654438,0.0,0.0,0.0,0.0,0.0,0.0,0.0,0.0502573317384202,0.0,12.203976471068785,0.051282991569816534,24.770849935754796,259048.62593849542,24.0,0.0,0.0,0.0
1.25,0.052083333333333336,2026-09-16T04:12:33+00:00,9.918252451618298e-05,0.04303174120259512,62873726.77206804,6795.208429684492,1193,1276297.0306551112,111.7189937774005,2364.444243357641,2245.9373994897614,1.461662706856755,5.288942154324559,15396.620563369877,2.0,0.0,0.0,0.0,0.0,0.0,10.743084602862352,3.06064071627448,4.587971782904005,5.018018760504429,3.5578587148309357,37317.34880237902,9.0,2.8836717506316543,0.11075246800713102,1162.7981016611461
1.5,0.0625,2026-09-16T04:27:33+00:00,9.917032626334577e-05,0.0429034608935539,62871246.64755142,6802.772370570137,1193,1283588.6973217775,111.7189937774005,2364.521481524576,2245.72183417342,0.0,1.6195285409576172,0.0,0.0,0.0,0.0,0.0,0.0,0.0,1.4039632246164204,0.0,7.425613736237862,1.432615535322878,1.570942684728889,16500.831719625425,16.0,0.0,0.0,0.0
1.75,0.07291666666666667,2026-09-16T04:42:33+00:00,9.855471592607074e-05,0.03642952685000633,62752657.43636475,6816.23137080938,1193,1290880.3639884444,111.7189937774005,2364.8754111163153,2234.1173920744445,0.0,11.719429997636325,0.0,0.0,0.0,0.0,0.0,0.0,0.0,0.11498789866057363,0.0,2.208487732005548,0.1173345904699731,3.527182593815678,37231.80122334146,11.0,0.0,7.840664503891557,82510.53536615745
2.0,0.08333333333333333,2026-09-16T04:57:33+00:00,9.644654358903397e-05,0.014259384738975367,62337869.80235729,6870.243088372453,1193,1298172.0306551107,111.7189937774005,2366.2214632848604,2194.1395864562833,0.0,42.888405618161414,0.0,0.0,0.0,0.0,0.0,0.0,0.0,2.9105999999999996,0.0,15.379964113456325,0.0,37.15258862589759,396985.7889151879,12.0,2.9699999999999998,4.449164823718983,47017.8296197573
2.25,0.09375,2026-09-16T05:12:33+00:00,9.643324905702383e-05,0.0141195756451995,62335159.65384732,6872.603547299538,1193,1305463.6973217777,111.7189937774005,2366.2557102856385,2193.891415333368,0.0,0.7798680813989449,0.0,0.0,0.0,0.0,0.0,0.0,0.0,0.5316969584837273,0.0,2.1465348049491766,0.5425479168201299,0.7564720389569766,8169.179477886841,8.0,0.0,0.0,0.0
2.5,0.10416666666666667,2026-09-16T05:27:33+00:00,9.641222168042797e-05,0.013898445750284205,62330779.78863445,6882.542743413531,1193,1312755.3639884442,111.7189937774005,2366.3544696991135,2193.5077573284843,0.0,2.1145219697018547,0.0,0.0,0.0,0.0,0.0,0.0,0.0,1.7308639648183572,0.0,9.65429752258414,1.4378941873621873,1.8333965720246304,19793.198681302525,19.0,0.328293531840218,0.21768973858616844,2350.8914809878684
2.75,0.11458333333333333,2026-09-16T05:42:33+00:00,9.687726405088432e-05,0.018788964072500525,62422247.8864073,6876.48317288374,1193,1320047.0306551107,111.7189937774005,2366.626058715451,2202.472599693689,0.0,1.7583074637118443,0.0,0.0,0.0,0.0,0.0,0.0,0.0,10.72314982891649,0.0,3.1768608517512194,10.941989621343357,1.7055582398004892,18341.104881217016,10.0,0.0,0.0,0.0
3.0,0.125,2026-09-16T05:57:33+00:00,9.701628559167015e-05,0.020250954281540334,62449493.32421372,6878.425349415626,1193,1327338.6973217775,111.7189937774005,2366.692785519389,2205.145543095749,0.0,0.24156679794032243,0.0,0.0,0.0,0.0,0.0,0.0,0.0,2.9145102,0.0,4.681846737885008,2.97399,0.23431979400211278,2518.5527927265407,7.0,0.0,0.0,0.0
3.25,0.13541666666666666,2026-09-16T06:12:33+00:00,9.710350262973077e-05,0.021168153551418323,62466413.37463266,6894.754347560647,1193,1334630.3639884437,111.7189937774005,2366.8040744243126,2206.8353329316124,0.0,1.523630164136648,0.0,0.0,0.0,0.0,0.0,0.0,0.0,3.21342,0.0,18.130076885807224,3.279,1.4779212592125486,15863.917127653942,7.0,0.0,0.0,0.0
3.5,0.14583333333333334,2026-09-16T06:27:33+00:00,9.736820702117385e-05,0.023951860496342903,62518087.82007283,6899.5300319070975,1193,1341922.0306551103,111.7189937774005,2366.9419473586786,2211.924383070734,0.0,0.6747869007176632,0.0,0.0,0.0,0.0,0.0,0.0,0.0,5.763837039839474,0.0,10.002607419937613,5.386466367183136,0.6545432936961332,7000.576238286269,11.0,0.495,0.0,0.0
3.75,0.15625,2026-09-16T06:42:33+00:00,9.708063568844004e-05,0.020927678269035743,62461170.35526815,6909.3692848029605,1193,1349213.6973217772,111.7189937774005,2367.1690350364097,2206.4710265703716,0.0,6.7128148620408865,0.0,0.0,0.0,0.0,0.0,0.0,0.0,1.2594583616784685,0.0,4.612984073232821,1.2851615935494576,6.511430416179661,69747.4847693699,9.0,0.0,0.0,0.0
4.0,0.16666666666666666,2026-09-16T06:57:33+00:00,9.592036768022633e-05,0.008725968675816542,62229324.90603304,6940.8536981789375,1193,1356505.3639884437,111.7189937774005,2368.0004103264087,2184.3884414797903,0.0,25.433187975925648,0.0,0.0,0.0,0.0,0.0,0.0,0.0,3.350602885344244,0.0,10.233203575395173,3.3556255702447952,24.670192336647883,266020.78051174455,13.0,0.0633569658207596,0.0,0.0
4.25,0.17708333333333334,2026-09-16T07:12:33+00:00,9.607926987323152e-05,0.010397029498875776,62260274.771243766,6958.842111498112,1193,1363797.0306551103,111.7189937774005,2368.391813065909,2187.5214740762594,0.0,6.496235481380607,0.0,0.0,0.0,0.0,0.0,0.0,0.0,9.629268077849796,0.0,21.51284865514313,9.705433752907954,6.301333747508192,68291.11981562916,13.0,0.12035,1.466943099785567e-05,0.15941827087700589
4.5,0.1875,2026-09-16T07:27:33+00:00,9.593280129927574e-05,0.008856724163134544,62230621.48487206,6966.454788586716,1193,1371088.6973217768,111.7189937774005,2368.573902806035,2184.742021985269,0.0,4.737590832889509,0.0,0.0,0.0,0.0,0.0,0.0,0.0,1.9581387418991496,0.0,5.015314737739878,1.9981007570399485,4.5846349093226575,49733.669050251614,13.0,0.0,0.010828198580165918,117.54457404939369
4.75,0.19791666666666666,2026-09-16T07:42:33+00:00,9.577843490204031e-05,0.00723336306321265,62199407.218552284,6971.746441110574,1193,1378380.3639884437,111.7189937774005,2368.712358127008,2181.7997022809573,0.0,3.9379070574855173,0.0,0.0,0.0,0.0,0.0,0.0,0.0,0.9955873531741084,0.0,2.487788140521205,1.0159054624225596,3.108425583803511,33771.69031146821,19.0,0.0,0.7113442619574425,7734.751906002601
5.0,0.20833333333333334,2026-09-16T07:57:33+00:00,9.585211933304734e-05,0.008008249574195103,62213594.51875445,6982.6482254485945,1193,1385672.0306551103,111.7189937774005,2368.992802428212,2183.273628919976,0.0,4.96673851011019,0.0,0.0,0.0,0.0,0.0,0.0,0.0,6.440665149128819,0.0,12.656155278241998,6.572107295029408,2.959077049252668,32168.722681971823,13.0,0.0,1.8586593055542153,20182.001352534422
5.25,0.21875,2026-09-16T08:12:33+00:00,9.555371744350528e-05,0.004870170119720019,62152651.65691429,6994.222531131964,1193,1392963.6973217768,111.7189937774005,2369.4798587187684,2177.62511099426,0.0,11.949099661116179,0.0,0.0,0.0,0.0,0.0,0.0,0.0,6.300581735400093,0.0,6.412844048210267,6.429165036122544,11.590626671282694,126306.54436526242,9.0,0.0,0.0,0.0
5.5,0.22916666666666666,2026-09-16T08:27:33+00:00,9.578843565063189e-05,0.00733853379029048,62199334.4362663,6994.477927885875,1193,1400255.3639884433,111.7189937774005,2369.7083669374106,2182.1909571322344,0.0,2.6846382896569594,0.0,0.0,0.0,0.0,0.0,0.0,0.0,7.250484427631395,0.0,5.049751110525954,4.514781746951402,2.604091047776014,28381.44413788527,8.0,2.8836717506316543,8.093191236184793e-06,0.08829870770230533
5.75,0.23958333333333334,2026-09-16T08:42:33+00:00,9.562579470171789e-05,0.005628155142800795,62166473.36724007,7008.912862511384,1193,1407547.0306551103,111.7189937774005,2369.8050268242064,2179.078670401714,0.0,3.177579426520424,0.0,0.0,0.0,0.0,0.0,0.0,0.0,0.065292696,0.0,11.419307781784454,0.0666252,3.0769040275050425,33478.90366995254,8.0,0.0,0.005348016219768397,58.13990508305744
6.0,0.25,2026-09-16T08:57:33+00:00,9.536565924328136e-05,0.0028924964016552313,62113445.94291467,7026.677588647558,1193,1414838.6973217763,111.7189937774005,2370.1004062864954,2174.1232883254434,0.0,7.865982076270939,0.0,0.0,0.0,0.0,0.0,0.0,0.0,2.9106,0.0,13.104723522191723,2.97,7.6300026139828105,83144.80476655273,11.0,0.0,0.0,0.0
6.25,0.2604166666666667,2026-09-16T09:12:33+00:00,9.553012239151834e-05,0.004622037817404001,62145952.215261765,7041.367159398278,1193,1422130.3639884433,111.7189937774005,2370.4129834901587,2177.3566286311425,0.0,4.891879625014099,0.0,0.0,0.0,0.0,0.0,0.0,0.0,8.125219930713314,3.320277890631372,18.235488260081787,4.970762854994459,4.745123236263676,51791.75978114713,9.0,0.0,0.0,0.0
6.5,0.2708333333333333,2026-09-16T09:27:33+00:00,9.537429049563892e-05,0.0029832651153895995,62113900.92964419,7059.347321447264,1193,1429422.0306551098,111.7189937774005,2370.7162967867107,2174.4126848192145,0.0,7.209026454635932,0.0,0.0,0.0,0.0,0.0,0.0,0.0,4.26508264270817,0.0,15.339531533609728,3.3621251456205816,1.7783076572846401,19380.010173748826,10.0,0.99,5.214448003712214,56857.40842293389
6.75,0.28125,2026-09-16T09:42:33+00:00,9.513906779825524e-05,0.0005095960812599998,62066018.768059984,7070.669052508737,1193,1436713.6973217765,111.7189937774005,2370.8657010410107,2169.9027717281215,0.0,4.78976581046436,0.0,0.0,0.0,0.0,0.0,0.0,0.0,0.279852719371523,0.0,6.961222224681853,0.2855639993586969,4.646072836150429,50789.83549217458,9.0,0.0,0.0,0.0
7.0,0.2916666666666667,2026-09-16T09:57:33+00:00,9.55662440895485e-05,0.00500190390546118,62151641.550832465,7063.425616732447,1193,1444005.3639884428,111.7189937774005,2371.1697462615,2178.203739369737,0.0,2.6709506730394423,0.0,0.0,0.0,0.0,0.0,0.0,0.0,10.971918314654346,0.0,1.3615770858158038,11.195835014953415,2.590685529730481,28219.13856069216,11.0,0.0,0.0001366231177780719,1.4954126018215568
7.25,0.3020833333333333,2026-09-16T10:12:33+00:00,9.602334386773809e-05,0.009808895660048167,62242828.629810885,7055.370007602348,1193,1451297.0306551098,111.7189937774005,2371.3984111253094,2187.046597242724,0.0,0.9561621270131582,0.0,0.0,0.0,0.0,0.0,0.0,0.0,9.79902,0.0,1.0159136066974932,9.999,0.5409083870880931,5877.434893486514,13.0,0.0,0.3865688761146703,4191.084591629612
7.5,0.3125,2026-09-16T10:27:33+00:00,9.623100658967131e-05,0.011992736124862402,62283782.20168621,7055.711391646321,1193,1458588.6973217763,111.7189937774005,2371.6266307570413,2191.081847607594,0.0,2.8937293886333464,0.0,0.0,0.0,0.0,0.0,0.0,0.0,6.928979753503145,0.0,4.604854040573259,7.070387503574637,2.80691059323638,30388.523394873373,12.0,0.0,6.913737965987821e-06,0.07477063009107783
7.75,0.3229166666666667,2026-09-16T10:42:33+00:00,9.618896719042872e-05,0.011550637801543973,62275232.90687718,7069.2332296621125,1193,1465880.363988443,111.7189937774005,2371.7103354585784,2190.291221293813,0.0,1.9806302385095478,0.0,0.0,0.0,0.0,0.0,0.0,0.0,1.19000392472854,0.0,12.814916403547489,1.2092797123958388,1.7530027337795124,18968.531309818514,4.0,0.0050100067149164,0.16820859757474863,1820.5467908971148
8.0,0.3333333333333333,2026-09-16T10:57:33+00:00,9.216398793395597e-05,-0.030777193060415153,61441632.97853851,7155.2960129733,1193,1473172.0306551093,111.7189937774005,2374.2486883012607,2112.6722179768303,0.0,81.78068526654806,0.0,0.0,0.0,0.0,0.0,0.0,0.0,4.161681949565368,0.0,10.982132836887427,3.0098922589554697,78.95677269321055,874329.0576510141,11.0,1.2367219752949064,0.3704920153410876,4011.5027794345306
8.25,0.34375,2026-09-16T11:12:33+00:00,9.281377435966213e-05,-0.02394385351476236,61578235.76674978,7153.80293000354,1193,1480463.6973217758,111.7189937774005,2374.5876894287094,2125.4653437240813,0.0,1.5457204444401214,0.0,0.0,0.0,0.0,0.0,0.0,0.0,14.338846191691186,9.642982563897295,11.639043904939154,4.988493141910036,1.4814716646693797,16640.68104828729,13.0,0.0,0.017877166437538106,200.5751389717267
8.5,0.3541666666666667,2026-09-16T11:27:33+00:00,9.288510482960805e-05,-0.02319372193027791,61592979.15094134,7154.978488764104,1193,1487755.3639884428,111.7189937774005,2374.70147486114,2126.88227648798,0.0,1.6836248685003739,0.0,0.0,0.0,0.0,0.0,0.0,0.0,3.100557632398871,0.0,2.706276956893073,3.1638343187743585,1.6328568407661528,18319.58367618442,12.0,0.0,0.0002592816792093799,2.906995254152872
8.75,0.3645833333333333,2026-09-16T11:42:33+00:00,9.211473850529983e-05,-0.031295114111275946,61429032.44246103,7179.263588894527,1193,1495047.0306551093,111.7189937774005,2375.237739558578,2111.90327014878,0.0,16.702824499453072,0.0,0.0,0.0,0.0,0.0,0.0,0.0,1.7238181602529474,0.0,9.842358488660528,1.7589981227070892,16.201739432956188,182360.31428396227,19.0,0.0,3.3151329262182114e-07,0.0037186042206942657
9.0,0.375,2026-09-16T11:57:33+00:00,9.161685566833652e-05,-0.03653099215416644,61322060.38380252,7194.83104347395,1193,1502338.6973217756,111.7189937774005,2375.5467937766243,2102.181363429519,0.0,10.06702971803361,0.0,0.0,0.0,0.0,0.0,0.0,0.0,0.34512299877265584,0.0,6.15460207820872,0.3521663252782202,1.4679728077151735,16601.085380934648,10.0,0.0,8.297046018777428,94081.86815778029
9.25,0.3854166666666667,2026-09-16T12:12:33+00:00,9.174735868494423e-05,-0.03515858517714576,61349575.70899368,7192.721600117681,1193,1509630.3639884426,111.7189937774005,2375.7448054793763,2104.7878789261813,0.0,2.872897950690458,0.0,0.0,0.0,0.0,0.0,0.0,0.0,5.479413447352668,0.0,0.6950838431454411,5.591238211584355,2.786711012169744,31695.405114113808,8.0,0.0,0.0,0.0
9.5,0.3958333333333333,2026-09-16T12:27:33+00:00,9.216519769627333e-05,-0.03076447085453793,61438007.48196262,7189.05082789996,1193,1516922.0306551089,111.7189937774005,2376.0428867591363,2113.0540167733297,0.0,2.566738810148763,0.0,0.0,0.0,0.0,0.0,0.0,0.0,10.832876657296945,0.0,4.893446909186692,9.073955772751983,2.447802734025308,27769.695157082584,5.0,1.98,0.04193391181899187,475.7050992558166
9.75,0.40625,2026-09-16T12:42:33+00:00,9.158416490533214e-05,-0.03687477755007185,61313181.1718864,7204.700926563439,1193,1524213.6973217758,111.7189937774005,2376.4067456906537,2101.7096678680123,0.0,11.811107914826607,0.0,0.0,0.0,0.0,0.0,0.0,0.0,0.46675900950905336,0.0,4.669608689678524,0.4762847035806667,11.30403273691777,128123.30442385394,10.0,0.0,0.15274194046403863,1732.0813933228837
10.0,0.4166666666666667,2026-09-16T12:57:33+00:00,9.029962824880176e-05,-0.0503833317236535,61032524.38645348,7231.45436413867,1193,1531505.3639884419,111.7189937774005,2377.4090830434725,2076.540047673198,0.0,30.074554851372795,0.0,0.0,0.0,0.0,0.0,0.0,0.0,4.904934656559061,0.0,2.5861547332353654,5.005035363835777,29.172318205831612,334457.360661455,12.0,0.0,0.0,0.0
10.25,0.4270833333333333,2026-09-16T13:12:33+00:00,9.03553788832067e-05,-0.04979704213725522,61044550.19375217,7233.752642769216,1193,1538797.0306551089,111.7189937774005,2377.4916932022566,2077.6613429530607,0.0,1.184859312003482,0.0,0.0,0.0,0.0,0.0,0.0,0.0,2.306154591866446,9.374301193289303e-13,3.5021840691948283,2.353218971291354,1.1493135326433774,13254.69442782342,12.0,0.0,0.0,0.0
10.5,0.4375,2026-09-16T13:27:33+00:00,9.036752380711237e-05,-0.04966932265048163,61046290.29934403,7233.408477485373,1193,1546088.6973217754,111.7189937774005,2377.907354600723,2077.9849262172183,0.0,8.114909012404041,0.0,0.0,0.0,0.0,0.0,0.0,0.0,8.438492276561446,0.0,0.3950793787792112,8.610706404654534,5.508181395505592,63428.43389489405,12.0,0.0,2.363280346526326,27273.822363462154
10.75,0.4479166666666667,2026-09-16T13:42:33+00:00,8.989796358012377e-05,-0.054607352041692536,60942386.11971756,7252.453791665331,1193,1553380.3639884423,111.7189937774005,2378.243892726765,2068.7367695811176,0.0,10.420455389502422,0.0,0.0,0.0,0.0,0.0,0.0,0.0,1.1722987534017821,0.0,10.133695669896921,1.1962232177569205,1.0458493406063416,12063.93386266183,7.0,0.0,9.061992387211006,104716.88093028637
11.0,0.4583333333333333,2026-09-16T13:57:33+00:00,9.009533640170506e-05,-0.05253172310641163,60985492.39469308,7260.830868238883,1193,1560672.0306551084,111.7189937774005,2378.4032719011284,2072.6870923620604,0.0,1.5624521307286159,0.0,0.0,0.0,0.0,0.0,0.0,0.0,5.5127749116712526,0.0,12.486778528860283,5.504930522113523,1.5155785668067572,17530.688432565094,6.0,0.12035,0.0,0.0
11.25,0.46875,2026-09-16T14:12:33+00:00,9.029645455542804e-05,-0.05041670718915792,61028706.96092742,7256.939057353711,1193,1567963.6973217754,111.7189937774005,2378.819724585892,2076.7586637207005,0.0,6.61320250800145,0.0,0.0,0.0,0.0,0.0,0.0,0.0,10.684773866641551,0.0,0.5962131582306768,10.90283047616485,6.414806432761406,74226.86415938563,7.0,0.0,0.0,0.0
11.5,0.4791666666666667,2026-09-16T14:27:33+00:00,9.002787265052673e-05,-0.05324119117251336,60969317.104215026,7267.363154468643,1193,1575255.3639884419,111.7189937774005,2379.0064382847013,2071.468565654966,0.0,5.84577704751473,0.0,0.0,0.0,0.0,0.0,0.0,0.0,0.5556789817802357,0.0,5.320712748006467,0.451,5.544666497405046,64050.97319123291,7.0,0.1160193691635057,0.12573723868424166,1450.169785330665
11.75,0.4895833333333333,2026-09-16T14:42:33+00:00,9.004734222580305e-05,-0.05303644356097603,60973536.866994545,7270.996899051621,1193,1582547.0306551089,111.7189937774005,2379.0354634026658,2071.860806855387,0.0,0.41699982989121054,0.0,0.0,0.0,0.0,0.0,0.0,0.0,0.8092410303127517,0.0,4.055010901364148,0.8257561533803589,0.4044898349944742,4677.431861306608,11.0,0.0,0.0,0.0
12.0,0.5,2026-09-16T14:57:33+00:00,9.031263412942407e-05,-0.05024655817027257,61031482.636464685,7280.1382960964975,1193,1589838.6973217751,111.7189937774005,2379.1669890918683,2077.1486376627568,0.0,0.46839188807325627,0.0,0.0,0.0,0.0,0.0,0.0,0.0,5.756222695442763,0.0,14.56075354144784,5.873696628002818,0.09657673564712241,1114.4746373634669,4.0,0.0,0.3577633957839362,4125.526768307879
12.25,0.5104166666666666,2026-09-16T15:12:33+00:00,9.071765171652496e-05,-0.04598727760494892,61119514.33076892,7282.7369884774635,1193,1597130.3639884414,111.7189937774005,2379.341324458524,2085.2013341157885,0.0,0.19827389191596012,0.0,0.0,0.0,0.0,0.0,0.0,0.0,8.250970344948088,0.0,10.825724200652765,8.41935749484499,0.19232567515848134,2215.4362002818566,11.0,0.0,0.0,0.0
12.5,0.5208333333333334,2026-09-16T15:27:33+00:00,9.057136838762922e-05,-0.04752563485075734,61087437.94648823,7303.314370190297,1193,1604422.0306551084,111.7189937774005,2379.4371019504692,2082.326628549921,0.0,3.0638877211281397,0.0,0.0,0.0,0.0,0.0,0.0,0.0,0.18918215526046359,0.0,17.79845363891077,0.17654395249183313,2.971971089494296,34144.16764318544,7.0,0.016499063080068502,0.0,0.0
12.75,0.53125,2026-09-16T15:42:33+00:00,9.019888003082295e-05,-0.05144282874426376,61005339.571059674,7310.978992298551,1193,1611713.697321775,111.7189937774005,2379.7125777001274,2075.002361856501,0.0,8.430193695013713,0.0,0.0,0.0,0.0,0.0,0.0,0.0,1.1059270015931946,0.0,0.6158311644913304,1.128496940401219,6.615903015590621,76235.10680925616,9.0,0.0,1.5613848685726817,17951.104864912897
13.0,0.5416666666666666,2026-09-16T15:57:33+00:00,9.024788958193423e-05,-0.05092743031414193,61014068.3309402,7310.605928204059,1193,1619005.3639884414,111.7189937774005,2380.6281887149653,2076.1568700435496,0.0,17.69653098787967,0.0,0.0,0.0,0.0,0.0,0.0,0.0,18.85103917492833,0.0,1.6970551073962488,19.23575426013095,17.09465435379588,196977.8552891165,13.0,0.0,0.07098070444740187,819.6112171717082
13.25,0.5520833333333334,2026-09-16T16:12:33+00:00,9.027779309849846e-05,-0.05061295639746943,61020483.428479984,7315.782748068408,1193,1626297.0306551084,111.7189937774005,2380.6916300203848,2076.7623403660236,0.0,1.0134225275646713,0.0,0.0,0.0,0.0,0.0,0.0,0.0,1.6188928500387587,0.0,5.845731492241908,1.6519314796313864,0.9634772626184439,11115.211190600776,9.0,0.0,0.019542589119287187,225.52492046906215
13.5,0.5625,2026-09-16T16:27:33+00:00,9.022863117035359e-05,-0.05112995726797509,61009521.5518786,7319.067076153116,1193,1633588.697321775,111.7189937774005,2380.7744195644696,2075.804220960529,0.0,2.0302862613962134,0.0,0.0,0.0,0.0,0.0,0.0,0.0,1.0721668559017323,0.0,2.4089982232993163,0.1040478121446247,1.8511094717253942,21354.02033460454,3.0,0.99,0.11826820182893243,1363.6911181731095
13.75,0.5729166666666666,2026-09-16T16:42:33+00:00,8.998717557128042e-05,-0.05366917327556242,60955722.43502669,7328.067735182515,1193,1640880.3639884416,111.7189937774005,2381.104416233948,2071.0793302399375,0.0,8.45940385627955,0.0,0.0,0.0,0.0,0.0,0.0,0.0,3.7345131356881107,0.0,4.605764978284673,3.138565251396882,8.205621724477162,94870.14242050936,11.0,0.672162438080782,1.6114004210976418e-08,0.00018598002924436258
14.0,0.5833333333333334,2026-09-16T16:57:33+00:00,8.93612978431126e-05,-0.060251082132745104,60816253.672312215,7344.996304070466,1193,1648172.030655108,111.7189937774005,2381.5144277024565,2058.7131390821114,0.0,13.140385876442906,0.0,0.0,0.0,0.0,0.0,0.0,0.0,0.7741947186168129,0.0,4.972389198634202,0.6128321727527005,12.746091133393243,148031.04638458518,9.0,0.177162438080782,8.316675637615844e-05,0.9624290528652105
14.25,0.59375,2026-09-16T17:12:33+00:00,8.87119142752559e-05,-0.06708018511025005,60669510.34129395,7365.784611094401,1193,1655463.697321775,111.7189937774005,2382.154598039222,2045.8793268774907,0.0,17.89561081218517,0.0,0.0,0.0,0.0,0.0,0.0,0.0,5.061798607564441,0.0,8.594665156080472,5.165100619963716,0.5280736165412145,6204.372890097452,7.0,0.0,16.830668871278398,197096.60611771888
14.5,0.6041666666666666,2026-09-16T17:27:33+00:00,8.888410658220253e-05,-0.06526936165508646,60707960.55609286,7377.854415047621,1193,1662755.363988441,111.7189937774005,2382.258966057857,2049.341689434054,0.0,0.6686924520513458,0.0,0.0,0.0,0.0,0.0,0.0,0.0,4.131055008614629,0.0,15.636534528418974,4.215362253688397,0.6486316474845398,7602.692265797848,5.0,0.0,3.100526555499528e-08,0.00036337440676911055
14.75,0.6145833333333334,2026-09-16T17:42:33+00:00,8.037157780234645e-05,-0.15478954435462844,58638061.163600415,7547.48801400859,1193,1670047.030655108,111.7189937774005,2387.6970757818044,1876.2335975756775,0.0,177.9657766525331,0.0,0.0,0.0,0.0,0.0,0.0,0.0,4.857684794156894,0.0,1.9636168265374352,2.4947099313218173,172.18624533625476,2118808.768055877,10.0,2.462111287205625,0.4405580167023618,5162.074382901356
15.0,0.625,2026-09-16T17:57:33+00:00,8.137858672566121e-05,-0.14419955104869908,58896870.000172205,7534.529447791061,1193,1677338.6973217744,111.7189937774005,2388.1519202552563,1897.3851189384914,0.0,0.4598614722083312,0.0,0.0,0.0,0.0,0.0,0.0,0.0,21.611382835022237,0.0,8.647799618738976,21.557431464308404,0.4452621053868233,5711.250567101109,2.0,0.495,0.0008035226552578933,10.313816920769737
15.25,0.6354166666666666,2026-09-16T18:12:33+00:00,8.265353622025668e-05,-0.1307918182068485,59217625.13282396,7507.493198604475,1193,1684630.363988441,111.7189937774005,2388.7673972475636,1923.9863986570817,0.0,1.4401185847821125,0.0,0.0,0.0,0.0,0.0,0.0,0.0,28.0413983033726,2.833113243994305,0.1805075243098908,23.800558494141,1.3915580869802624,17718.75996991724,4.0,1.98,0.005356940258386658,68.18455590865561
15.5,0.6458333333333334,2026-09-16T18:27:33+00:00,8.275737633683039e-05,-0.1296998058979777,59242218.10473365,7506.527753456845,1193,1691922.030655108,111.7189937774005,2389.316221140978,1926.2434793505458,0.0,9.973801653356984,0.0,0.0,0.0,0.0,0.0,0.0,0.0,12.230882346821165,0.0,1.8404594392481357,6.921685751326602,9.674587603756276,121877.4820269367,7.0,5.55880643930724,0.0,0.0
15.75,0.65625,2026-09-16T18:42:33+00:00,8.313147490364094e-05,-0.12576567857640364,59334550.36267997,7512.925297359215,1193,1699213.6973217744,111.7189937774005,2389.5851399300705,1934.0235691332489,0.0,2.1849922602268634,0.0,0.0,0.0,0.0,0.0,0.0,0.0,9.965082042929751,0.0,14.446552474163461,10.168451064214029,2.1136529034463907,26466.18464190612,4.0,0.0,0.005789588973666469,72.50848926653333
16.0,0.6666666666666666,2026-09-16T18:57:33+00:00,8.368394935164757e-05,-0.11995569956764918,59470112.564313844,7507.12376372606,1193,1706505.3639884412,111.7189937774005,2389.8393106949743,1945.453081557277,0.0,0.4149210754089836,0.0,0.0,0.0,0.0,0.0,0.0,0.0,11.844433499437134,0.0,5.8821495557778105,12.086156632078708,0.4021226432961839,5027.5794558903035,7.0,0.0,0.00035079985053016567,4.369714885532919
16.25,0.6770833333333334,2026-09-16T19:12:33+00:00,8.396756429984506e-05,-0.11697312380954528,59538949.00680484,7506.148003354605,1193,1713797.0306551075,111.7189937774005,2390.067997829012,1951.325476485001,0.0,2.159220502037215,0.0,0.0,0.0,0.0,0.0,0.0,0.0,8.03161542976104,0.0,5.125321690303893,7.8068871708975776,2.0944263111803636,26030.17268755461,6.0,0.3886387778381764,1.7575795734501298e-05,0.21848574427664597
16.5,0.6875,2026-09-16T19:27:33+00:00,8.443877460899192e-05,-0.11201774168331324,59652864.79087724,7509.158866889567,1193,1721088.6973217742,111.7189937774005,2390.3144701150027,1961.0338508122586,0.0,0.9590152576129185,0.0,0.0,0.0,0.0,0.0,0.0,0.0,10.66738958487063,0.0,12.96571014821224,10.8850914131333,0.9242964001914902,11407.686691946601,4.0,0.0,0.005948399693040756,73.7696626165974
16.75,0.6979166666666666,2026-09-16T19:42:33+00:00,8.45199091107939e-05,-0.11116450810109768,59672390.09517455,7514.279530768216,1193,1728380.3639884407,111.7189937774005,2390.36106683496,1962.705029512016,0.0,0.2477978049162175,0.0,0.0,0.0,0.0,0.0,0.0,0.0,1.9189765046736336,0.0,6.838439298362694,1.9581392904832995,0.24034001951496745,2964.0622473754406,8.0,0.0,2.385125376349606e-05,0.29386143512348506
17.0,0.7083333333333334,2026-09-16T19:57:33+00:00,8.515327214995741e-05,-0.10450388157667101,59823698.5758218,7504.987475545129,1193,1735672.0306551072,111.7189937774005,2390.788804354167,1975.73625714581,0.0,3.2096804887958115,0.0,0.0,0.0,0.0,0.0,0.0,0.0,16.240908122589623,0.0,4.166909929913308,13.365243939926643,1.1936253052308938,14699.579973019296,6.0,3.207111287205625,1.919764768901043,23506.316107251074
17.25,0.71875,2026-09-16T20:12:33+00:00,8.507387126472849e-05,-0.1053388839521131,59804111.76737936,7511.110263265224,1193,1742963.697321774,111.7189937774005,2391.0387669829247,1974.1658428234234,0.0,5.594568069451043,0.0,0.0,0.0,0.0,0.0,0.0,0.0,4.024153747064413,0.0,4.802336026466146,4.106279333739196,5.426731027367512,66319.84615715452,8.0,0.0,0.0,0.0
17.5,0.7291666666666666,2026-09-16T20:27:33+00:00,8.541503034948934e-05,-0.10175115762692621,59885105.92449382,7508.130154529441,1193,1750255.3639884405,111.7189937774005,2391.2356393457626,1981.1616724765108,0.0,1.0732453951434309,0.0,0.0,0.0,0.0,0.0,0.0,0.0,8.069075048230928,0.0,4.212593280142452,7.6726102104566944,1.0410480318041482,12728.45998402902,4.0,0.5611398387585376,1.484979748056503e-09,1.8168720338455547e-05
17.75,0.7395833333333334,2026-09-16T20:42:33+00:00,8.559628308663738e-05,-0.09984505210130601,59927841.14815569,7506.860319302322,1193,1757547.0306551075,111.7189937774005,2391.3823649891365,1984.8812095325259,0.0,1.4048661818960682,0.0,0.0,0.0,0.0,0.0,0.0,0.0,5.124403237911104,0.0,2.59642747227053,2.7668716086220324,0.5264073581960997,6413.68655274296,7.0,2.462111287205625,0.8363128382430863,10183.71809975293
18.0,0.75,2026-09-16T20:57:33+00:00,8.567957730875602e-05,-0.09896910628371047,59947408.29889715,7510.583543032966,1193,1764838.6973217735,111.7189937774005,2391.4609658016234,1986.5914325682822,0.0,0.8668893830233628,0.0,0.0,0.0,0.0,0.0,0.0,0.0,2.5771124187796324,0.0,5.512047578887153,2.6297065497751353,0.8408827015326621,10231.239091288046,6.0,0.0,0.0,0.0
18.25,0.7604166666666666,2026-09-16T21:12:33+00:00,8.580821577102063e-05,-0.09761630749243166,59977663.940778054,7515.249877285187,1193,1772130.3639884405,111.7189937774005,2391.5426480900833,1989.223135817504,0.0,0.5549509656993905,0.0,0.0,0.0,0.0,0.0,0.0,0.0,3.1866542149213477,0.0,7.3797197899013645,3.251687974409539,0.5383024367284087,6532.023357805,7.0,0.0,0.0,0.0
18.5,0.7708333333333334,2026-09-16T21:27:33+00:00,8.57008921278723e-05,-0.09874495356119484,59951731.69696122,7533.277273768837,1193,1779422.0306551068,111.7189937774005,2391.772853964606,1987.0871716423117,0.0,5.431600010843567,0.0,0.0,0.0,0.0,0.0,0.0,0.0,3.2956358356511557,0.0,16.121638182979627,0.45559626755847926,5.268652010518258,64004.8145497549,5.0,2.907297442289638,0.0,0.0
18.75,0.78125,2026-09-16T21:42:33+00:00,8.62707842366918e-05,-0.09275180545915573,60085340.26700744,7521.91168608431,1193,1786713.697321774,111.7189937774005,2392.0760992477435,1998.7181065664624,0.0,1.3069165788106147,0.0,0.0,0.0,0.0,0.0,0.0,0.0,12.93785150296127,0.0,0.5685925227629003,10.318217538104335,1.2677090814462963,15321.91546300112,7.0,2.8836717506316543,0.0,0.0
19.0,0.7916666666666666,2026-09-16T21:57:33+00:00,8.608566920627559e-05,-0.09469852796334333,60041131.03612149,7528.382884380803,1193,1794005.3639884405,111.7189937774005,2392.3898606867983,1995.0265678809842,0.0,7.7189672870949835,0.0,0.0,0.0,0.0,0.0,0.0,0.0,4.027428601616852,0.0,3.0934210500692623,3.2407904839298904,7.48738420594778,90577.23153791796,7.0,0.8688305381281216,1.4062534353342926e-05,0.1704613922625498
19.25,0.8020833333333334,2026-09-16T22:12:33+00:00,8.606818670679551e-05,-0.09488237891856177,60036959.97582567,7530.816081796871,1193,1801297.0306551068,111.7189937774005,2392.41459617881,1994.6767486324215,0.0,0.6323313186780979,0.0,0.0,0.0,0.0,0.0,0.0,0.0,0.28251207011506696,0.0,2.1081136595157397,0.2882776225663948,0.5711336770878347,6910.085399396344,3.0,0.0,0.04222770202992024,510.8178031755586
19.5,0.8125,2026-09-16T22:27:33+00:00,8.590540892414496e-05,-0.09659419654868662,59998219.53218069,7536.817684610371,1193,1808588.6973217735,111.7189937774005,2392.577376542203,1991.4044092797458,0.0,4.554079821445612,0.0,0.0,0.0,0.0,0.0,0.0,0.0,1.2817404687696912,0.0,2.8920438242168567,0.9517605273541179,4.417457426802243,53506.43025970573,7.0,0.35613791016597496,0.0,0.0
19.75,0.8229166666666666,2026-09-16T22:42:33+00:00,8.604652940160878e-05,-0.09511013332236284,60031227.503077276,7550.18784100875,1193,1815880.36398844,111.7189937774005,2392.6879481496417,1994.2917800348964,0.0,1.0245498013596261,0.0,0.0,0.0,0.0,0.0,0.0,0.0,3.9119205565099504,0.0,16.36809876097052,3.991755669908113,0.9938133073188373,12050.135594020036,2.0,0.0,0.0,0.0
20.0,0.8333333333333334,2026-09-16T22:57:33+00:00,8.244526044061378e-05,-0.1329821057615459,59148895.72179119,7621.64647235819,1193,1823172.030655107,111.7189937774005,2395.7674197286083,1921.0718884346252,0.0,90.73441253829924,0.0,0.0,0.0,0.0,0.0,0.0,0.0,17.514520938027744,0.0,1.3182113281339327,15.391960140844635,85.45052630548541,1061054.2250872029,8.0,2.48,2.561853856664852,32621.340565888444
20.25,0.84375,2026-09-16T23:12:33+00:00,8.28021393320228e-05,-0.12922906546215251,59237579.35565377,7628.155787613791,1193,1830463.697321773,111.7189937774005,2395.9846670222487,1928.4997084597967,0.0,1.302549539731217,0.0,0.0,0.0,0.0,0.0,0.0,0.0,8.730369564902952,0.4733391019468434,14.154382574411251,8.323442030487683,1.263458426253653,15931.509076457363,7.0,0.11175923991542339,1.4627285627284436e-05,0.18442415654149394
20.5,0.8541666666666666,2026-09-16T23:27:33+00:00,8.296315037937507e-05,-0.12753582732476976,59277228.011511885,7629.84216712556,1193,1837755.36398844,111.7189937774005,2396.1566454958556,1931.8607039082692,0.0,2.050991804979276,0.0,0.0,0.0,0.0,0.0,0.0,0.0,5.411987253451925,0.0,5.2193534338489656,5.5224359729101264,1.97279945575365,24755.471243794214,5.0,0.0,0.016662595076247726,209.55422958148037
20.75,0.8645833333333334,2026-09-16T23:42:33+00:00,8.340421421435429e-05,-0.12289747412672425,59385916.96008819,7629.309053202138,1193,1845047.0306551065,111.7189937774005,2396.3487569232666,1940.9954333897756,0.0,0.11284634076105249,0.0,0.0,0.0,0.0,0.0,0.0,0.0,9.247575822267606,0.0,8.793726985497155,9.436301859456742,0.10946095053822091,1368.6974395241975,5.0,0.0,0.0,0.0
21.0,0.875,2026-09-16T23:57:33+00:00,8.376641680697489e-05,-0.11908844826564613,59474517.632612154,7622.309893769932,1193,1852338.6973217735,111.7189937774005,2396.5112508383177,1948.4798669722852,0.0,0.1934284433089033,0.0,0.0,0.0,0.0,0.0,0.0,0.0,7.6778620258184205,0.0,0.6477680653538395,7.834553087569817,0.18762485145419752,2341.5292383418478,8.0,0.0,7.385554386019066e-07,0.009221207827074713
21.25,0.8854166666666666,2026-09-17T00:12:33+00:00,8.352641292868459e-05,-0.12161239756306164,59415182.5983336,7632.873195326024,1193,1859630.3639884398,111.7189937774005,2396.693090793865,1943.5800897100632,0.0,5.59106683562527,0.0,0.0,0.0,0.0,0.0,0.0,0.0,0.691289573403201,0.0,5.845364249416248,0.7053975238808173,5.423334830556511,67507.5987147151,5.0,0.0,0.0,0.0
21.5,0.8958333333333334,2026-09-17T00:27:33+00:00,8.312315399264861e-05,-0.1258531836517488,59315026.238013305,7651.408803298589,1193,1866922.030655106,111.7189937774005,2396.9501001352096,1935.321715172036,0.0,8.442037353811202,0.0,0.0,0.0,0.0,0.0,0.0,0.0,0.1836628157838025,0.0,10.534242775881815,0.06117391878557217,8.188776233196867,102336.52279265443,6.0,0.12623711772851198,0.0,0.0
21.75,0.90625,2026-09-17T00:42:33+00:00,8.354755880546619e-05,-0.12139002148636502,59419224.12588158,7657.690712577635,1193,1874213.697321773,111.7189937774005,2397.176661614002,1944.1117788028216,0.0,0.9358092429208682,0.0,0.0,0.0,0.0,0.0,0.0,0.0,9.725872873706757,0.0,15.298534388624184,9.924360075210977,0.02891487325202434,360.73474504551655,4.0,0.0,0.8788200923812177,10996.944726115502
22.0,0.9166666666666666,2026-09-17T00:57:33+00:00,8.36517521513184e-05,-0.1202942945175659,59444531.08406421,7657.72636569562,1193,1881505.3639884393,111.7189937774005,2397.296241452451,1946.2791460677615,0.0,1.4947549874909782,0.0,0.0,0.0,0.0,0.0,0.0,0.0,3.6621222524308306,0.0,2.322600221374664,3.73685944125595,1.3344665900994144,16615.645283136368,6.0,0.0,0.11544574776683475,1438.8201060728463
22.25,0.9270833333333334,2026-09-17T01:12:33+00:00,8.380236996793981e-05,-0.11871035456147894,59480987.9761369,7662.06178218033,1193,1888797.030655106,111.7189937774005,2397.486888467504,1949.4133987265732,0.0,2.51313808856753,0.0,0.0,0.0,0.0,0.0,0.0,0.0,5.647390747379059,0.0,7.6603161585746316,5.281221941496879,2.437702395886244,30278.306234730964,8.0,0.4814216782776713,4.1550024259322524e-05,0.5156908460384871
22.5,0.9375,2026-09-17T01:27:33+00:00,8.377430490480739e-05,-0.11900549477704381,59474026.6488209,7664.46997050889,1193,1896088.6973217726,111.7189937774005,2397.5251643404745,1948.8443232935824,0.0,0.9897138496289699,0.0,0.0,0.0,0.0,0.0,0.0,0.0,0.4206384166382371,0.0,1.8773887685395416,0.42922287412065013,0.9600222843821098,11930.31835960542,4.0,0.0,1.4975799103922327e-07,0.0018607260555156368
22.75,0.9479166666666666,2026-09-17T01:42:33+00:00,8.394639563030076e-05,-0.11719573958144092,59515851.61444801,7683.10997386961,1193,1903380.3639884396,111.7189937774005,2397.6292060435476,1952.3998920782647,0.0,0.6244836704183854,0.0,0.0,0.0,0.0,0.0,0.0,0.0,4.18005245510042,0.0,22.299613848476415,3.7703596480616532,0.6057491603058337,7528.995913447277,5.0,0.495,0.0,0.0
23.0,0.9583333333333334,2026-09-17T01:57:33+00:00,8.474784050187823e-05,-0.10876751652544336,59709200.36657973,7680.318736169054,1193,1910672.030655106,111.7189937774005,2398.036324255928,1968.901226925837,0.0,1.3957318052946448,0.0,0.0,0.0,0.0,0.0,0.0,0.0,17.897066652867096,0.0,14.117215359397289,18.26231291108887,1.3145161764864723,16254.786503381752,3.0,0.0,0.03934367464933303,488.05759868988304
23.25,0.96875,2026-09-17T02:12:33+00:00,9.139016623810023e-05,-0.0389149229150032,58313231.417433694,7557.04992525797,1293,1805495.8500484952,111.7189937774005,2400.9186346274682,2102.7814395487894,0.0,2.976921288500762,0.0,0.0,100.0,112467.84727332607,2175859.284431949,725480.1097521111,64.5226563322095,136.85713391145234,73.09184908937843,13.493712083409013,2.0356312227512112,2.3745850009129112,27062.72541429333,5.0,0.0,0.5130286489328273,5847.095570005427
23.5,0.9791666666666666,2026-09-17T02:27:33+00:00,9.116664617273344e-05,-0.0412655237301216,58264753.20390765,7576.972377723283,1293,1812787.5167151627,111.7189937774005,2401.0532051247874,2098.401936051414,0.0,4.4426954923201265,0.0,0.0,0.0,0.0,0.0,0.0,0.0,0.0631919949445203,0.0,15.67751946525657,0.06448162749440847,4.309414578951787,49163.178014648394,9.0,0.0,4.85987357023987e-08,0.0005540966941295183
23.75,0.9895833333333334,2026-09-17T02:42:33+00:00,9.143706478726497e-05,-0.03842172438397373,58322042.79128315,7579.369689088991,1293,1820079.183381829,111.7189937774005,2401.5033391123916,2103.821977717791,0.0,6.735434706988144,0.0,0.0,0.0,0.0,0.0,0.0,0.0,12.155476373364898,0.0,8.267487019689801,9.519875569128446,6.533371665778499,74310.74125317034,7.0,2.8836717506316543,0.0,0.0
24.0,1.0,2026-09-17T02:57:33+00:00,9.121236670340379e-05,-0.040784713577865284,58273230.69673221,7588.499419936432,1293,1827370.8500484962,111.7189937774005,2401.691492452164,2099.431068031439,0.0,5.510292848241533,0.0,0.0,0.0,0.0,0.0,0.0,0.0,1.119383161890143,0.0,4.926974500861216,1.1422277162144314,5.045643499588327,57522.11949168225,10.0,0.0,0.29934056320596025,3407.5097280407535
