case,seed,ending_price_return,peak_return,hindsight_peak_hours,hindsight_peak_utc,branches_end,licenses,retired,license_fresh_ETH,game_prefund_ETH,spec_buy_ETH,spec_sell_ETH,buyback_ETH,branch_sell_ETH,new_capital_ETH
Observed clocks; cautious beliefs,0,-0.11499891681736418,0.1591157123997895,22.25,2026-09-17T01:12:33+00:00,1196,78,35,70.41214334707766,312.8385776476279,934.2372063043272,1399.1075083698515,0.0,50.60969567748006,750.5049090372903
Observed clocks; cautious beliefs,1,-0.2713016312472142,0.10506409752494483,20.75,2026-09-16T23:42:33+00:00,1149,46,50,46.67992219990703,287.91195864474525,933.1518924318115,1658.1403241549613,0.0,52.769331060585586,737.4660249719216
Observed clocks; cautious beliefs,2,-0.22391436704878787,0.08874410298975377,20.75,2026-09-16T23:42:33+00:00,1153,46,46,51.08389526019165,284.8230294860165,809.4708523826649,1448.9389913454286,0.0,50.2306983625178,658.5750619831693
Observed clocks; cautious beliefs,3,0.13960315570986004,0.21239759610097497,22.75,2026-09-17T01:42:33+00:00,1263,146,36,56.36976963269896,331.5797753396021,955.5526013723943,974.8076882947745,0.0,49.94138311604157,745.189084962358
Stabilization; patient buyers,0,-0.040784713577865284,0.06823586437336959,0.25,2026-09-16T03:12:33+00:00,1293,146,6,80.77261165723824,213.76525386502064,524.3407164917865,830.8275657834715,0.0,12.794267203148888,724.9575889257407
Stabilization; patient buyers,1,0.010705625633949056,0.06950199845125304,0.75,2026-09-16T03:42:33+00:00,1281,146,18,98.31788630310619,225.93833284979073,522.815922939991,752.3355651571045,0.0,25.92836331271001,700.3367291470894
Stabilization; patient buyers,2,-0.08611758645615109,0.0889175585044848,0.5,2026-09-16T03:27:33+00:00,1294,146,5,60.99612263746741,256.3139442617562,416.26025805382045,834.4851575117175,0.0,11.80646646320089,709.7876104504431
Stabilization; patient buyers,3,0.01567858470069039,0.05591886179282657,0.25,2026-09-16T03:12:33+00:00,1286,146,13,95.70635297464156,228.46663198193727,453.9436761445321,681.3682991555402,0.0,23.25174396713627,686.7457426184526
Speculative recovery,0,0.2834095846378797,0.6530731327108448,8.5,2026-09-16T11:27:33+00:00,1291,146,8,108.72894162120674,314.04425976421277,1336.9632744828193,1192.2846841304122,0.0,16.694995519458047,1416.287861912426
Speculative recovery,1,0.69335676536821,0.6993912296629716,22.75,2026-09-17T01:42:33+00:00,1279,146,20,36.228369433503346,349.78642295650013,1925.993169870925,1166.6223325101962,0.0,46.24631464530965,1388.9680070300465
Speculative recovery,2,0.460180555636839,0.631610002318252,10.0,2026-09-16T12:57:33+00:00,1288,146,11,28.16132113571918,319.4894589374842,1833.2345240440145,1342.0572252875243,0.0,30.632505171655907,1269.8359050192703
Speculative recovery,3,0.6430389664328853,0.664697548362867,23.5,2026-09-17T02:27:33+00:00,1285,146,14,34.741278887218506,324.65837258171393,1793.5304649355926,1090.3371668593547,0.0,32.19863857103495,1358.078973560274
Replacement selling accelerates,0,-0.5731247060718443,0.0,0.0,2026-09-16T02:57:33+00:00,1156,53,50,10.832425944749348,0.8369314253878234,349.41113288897736,1433.4787925232254,0.0,53.92769904378259,323.75788781083753
Replacement selling accelerates,1,-0.6531407324279175,0.0,0.0,2026-09-16T02:57:33+00:00,1134,60,79,24.857597476819862,3.9461341462226667,243.98999215824207,1543.3295368620581,0.0,55.02153706149673,380.1951301117005
Replacement selling accelerates,2,-0.6152905770311461,0.0,0.0,2026-09-16T02:57:33+00:00,1153,56,56,11.722929923927621,4.643351596201126,297.35706085428967,1487.8826832524198,0.0,54.69124530914437,386.0831734490652
Replacement selling accelerates,3,-0.5932843151454587,0.0,0.0,2026-09-16T02:57:33+00:00,1176,65,42,5.087021299429687,6.025605685616681,305.7231783674474,1439.5532521114342,0.0,53.25230342756949,345.7319641080478
Owner executes buybacks,0,-0.16007419003418177,0.13984051679407372,21.0,2026-09-16T23:57:33+00:00,1151,46,48,41.74411519743382,314.16656528399443,928.0352552580986,1543.4434035026006,100.16360929004912,54.81542628072213,668.8416034294154
Owner executes buybacks,1,-0.16732547473273207,0.14878764209764261,21.75,2026-09-17T00:42:33+00:00,1183,72,42,68.42445902880193,319.12726822514696,1015.4474313167319,1671.880711592501,99.63788749667468,51.94452392293126,764.4321421636514
Owner executes buybacks,2,0.07171804473720345,0.1543155304412469,22.75,2026-09-17T01:42:33+00:00,1262,146,37,64.66151797002814,301.4857458053719,813.1305754291526,1030.1399893624307,99.59613823591803,48.4626784660546,690.4317676229465
Owner executes buybacks,3,0.14470188039529552,0.14470188039529552,24.0,2026-09-17T02:57:33+00:00,1259,146,40,47.058137117181275,362.6902822247908,877.583870815082,1005.325783530593,99.77191471690344,51.97981762784744,607.7945557422156
Crowded bank-exit expectations,0,-0.5848445086018292,0.0,0.0,2026-09-16T02:57:33+00:00,792,56,417,1.6360146545768117,0.15882940553223784,371.87567316390164,1459.4588202926398,0.0,67.00261762913439,734.27636908068
Crowded bank-exit expectations,1,-0.56521793064254,0.0,0.0,2026-09-16T02:57:33+00:00,780,46,419,0.5700776775066441,0.0,251.87275875075272,1300.2499318052014,0.0,66.77388761471248,727.542071917137
Crowded bank-exit expectations,2,-0.5417173829300634,0.0,0.0,2026-09-16T02:57:33+00:00,783,46,416,0.9297787479457247,0.7450557680800078,316.68033828908347,1308.8476742624493,0.0,67.22965789920302,664.0571829622636
Crowded bank-exit expectations,3,-0.5189460330369988,0.0,0.0,2026-09-16T02:57:33+00:00,795,61,419,1.3455218842603522,0.6622310601057027,278.04991602587444,1222.5688854538769,0.0,67.41544432234897,626.8997298306163
No branch expansion,0,-0.14735377751248935,0.05289636682045851,22.0,2026-09-17T00:57:33+00:00,1125,0,28,0.0,0.0,919.9512069464517,1090.9784268299295,0.0,46.01035664452628,744.8663083344534
No branch expansion,1,-0.007897567839648345,0.0,0.0,2026-09-16T02:57:33+00:00,1115,0,38,0.0,0.0,1010.3038952062836,913.9038322446637,0.0,50.90167802179332,774.9403115765932
No branch expansion,2,-0.3445437870917205,0.0,0.0,2026-09-16T02:57:33+00:00,1116,0,37,0.0,0.0,321.86499235382365,928.3645490007573,0.0,47.982274240985596,664.2837022294653
No branch expansion,3,-0.3262919812244276,0.0,0.0,2026-09-16T02:57:33+00:00,1115,0,38,0.0,0.0,435.0362573440446,992.4251003253194,0.0,50.88777930638156,677.6010865656423
No new outside capital,0,-0.3358531759792266,0.03921305624135574,1.25,2026-09-16T04:12:33+00:00,1196,70,27,56.344717017273645,83.31659324654778,160.86494840913596,891.0049611257532,0.0,46.36596867167819,0.0
No new outside capital,1,-0.46813036019941656,0.0,0.0,2026-09-16T02:57:33+00:00,1211,97,39,88.70953673571266,84.32700174267407,168.99497963762013,1193.9448144558758,0.0,46.772760756417256,0.0
No new outside capital,2,-0.34841645487180173,0.051240120735307704,1.25,2026-09-16T04:12:33+00:00,1188,72,37,69.89121478807658,110.21623836890019,48.90777748932332,848.3055603765137,0.0,49.12075434889361,0.0
No new outside capital,3,-0.36752577244857176,0.05213820516758805,1.5,2026-09-16T04:27:33+00:00,1217,102,38,79.82404640300247,131.04929116506366,150.83677578109936,1008.6598014576455,0.0,51.771919157987064,0.0
