charter_id,depositor,owner_at_deposit,owner_deposit,tokens,block,timestamp_utc_approx,tx
735,0x62ee30f8a0357d2196450cc2b0d6441f8a92d981,0x62ee30f8a0357d2196450cc2b0d6441f8a92d981,True,8400.0,63252315,2026-09-15T01:01:36.725788832+00:00,0x1cad9aadfb9bfd4fae41e0ce5912ad6ce9ada32302107cfd0a2575e87ff4b7c0
735,0x62ee30f8a0357d2196450cc2b0d6441f8a92d981,0x62ee30f8a0357d2196450cc2b0d6441f8a92d981,True,8400.0,63252694,2026-09-15T01:02:14.284516096+00:00,0xeb6cc1555c5e1ea7495134b533e9e12c877092647175d08673638ddb2c93c48d
735,0x62ee30f8a0357d2196450cc2b0d6441f8a92d981,0x62ee30f8a0357d2196450cc2b0d6441f8a92d981,True,8400.0,63253098,2026-09-15T01:02:55.727096796+00:00,0xe65d4d8b83eaba82021a337464f16742b1fa7c0ed08903da5ab1d9fadc0bb22b
654,0x5140087842da3cbc55ff69ba74b4239af219c4b6,0x5140087842da3cbc55ff69ba74b4239af219c4b6,True,10524.000000000002,63253249,2026-09-15T01:03:11.216774225+00:00,0x7364de761429b808a4b9d7579b6a1deb2a3b8c86a00a64133513d8a5dc35297a
735,0x62ee30f8a0357d2196450cc2b0d6441f8a92d981,0x62ee30f8a0357d2196450cc2b0d6441f8a92d981,True,8400.0,63253402,2026-09-15T01:03:26.911612988+00:00,0xb8454e0fa1e49ed36fd3754ce13d8b54f6368263cfec4364edbcaf2874d3f03b
733,0x4d52625dcf3b7db15127842834e50dbd773ef669,0x4d52625dcf3b7db15127842834e50dbd773ef669,True,3500.0,63253476,2026-09-15T01:03:34.502580643+00:00,0xaa5a996c7a59d6de25f25fc7834d2930bf0cdae1c82a630692c952c641cc2f82
702,0xde64a183ff3abcd5f59a30d3ec6300f2496df6ab,0xde64a183ff3abcd5f59a30d3ec6300f2496df6ab,True,500.0,63253811,2026-09-15T01:04:08.867096663+00:00,0xca229a4e2e296b2b07a04207e61b14a422ccc5ec396c4c08ad95d7f3f2060af3
885,0x5d55918f70b0b12db129f88f1a4ba1abd474fcf8,0x5d55918f70b0b12db129f88f1a4ba1abd474fcf8,True,2000.0,63253922,2026-09-15T01:04:20.253548384+00:00,0x8a1d77bfa2c6de9bca287b7df1e932bd17a8fe8c65ea48fbc69d10d72497d5c4
93,0x21d7e80a2bd6dd16c85352bbbe3dd1fa91f2e385,0x21d7e80a2bd6dd16c85352bbbe3dd1fa91f2e385,True,11990.09,63254052,2026-09-15T01:04:33.589032173+00:00,0x40e826ab3da2c06dcef7809cc17031c6729f362fff0d01828b6de1a5b0eef6d9
678,0xa3b3f26de89fe2670aca5c5a4477f9d37b5cc806,0xa3b3f26de89fe2670aca5c5a4477f9d37b5cc806,True,11989.48,63254054,2026-09-15T01:04:33.794193506+00:00,0xb68cb128681c096608fb5c0b2c5019bab7e1fe7b4cb6432fa44bcacffbd55657
963,0x68e085c50a4cc7a74c3ef6cbd13d919c68b234e8,0x68e085c50a4cc7a74c3ef6cbd13d919c68b234e8,True,50.0,63254082,2026-09-15T01:04:36.666451693+00:00,0x06c615e4e4ffc26e1e72df264cbcd18707e0704c9fd058a800f74783489a87f9
132,0x56311f46963d93eba214a95a5c55193d6bdaf4da,0x56311f46963d93eba214a95a5c55193d6bdaf4da,True,11984.34,63254147,2026-09-15T01:04:43.044067860+00:00,0xabf0a4f5a28cebf310ce9ddbe49c374aa4d132d80d5389e05690720e98932074
835,0x9b35c3602c664773b99f0e2c1639ebe659be788a,0x9b35c3602c664773b99f0e2c1639ebe659be788a,True,11982.849999999999,63254150,2026-09-15T01:04:43.359322071+00:00,0x22efb678b0f7dea5e2312af43138c1b0332552c5721e6a63c3cf0071ff6447cc
93,0x21d7e80a2bd6dd16c85352bbbe3dd1fa91f2e385,0x21d7e80a2bd6dd16c85352bbbe3dd1fa91f2e385,True,11972.41,63254174,2026-09-15T01:04:45.881356001+00:00,0xf5db798656f34c1684aae01bf55d02c130df6f13b84950d90951a3fe3008279d
950,0xa3b3f26de89fe2670aca5c5a4477f9d37b5cc806,0xa3b3f26de89fe2670aca5c5a4477f9d37b5cc806,True,30000.0,63254217,2026-09-15T01:04:50.400000095+00:00,0xcda57dfe6bee22b1eda8973fb8c8e32e94679e0f54709f6ebce761e12be0cc1a
702,0xde64a183ff3abcd5f59a30d3ec6300f2496df6ab,0xde64a183ff3abcd5f59a30d3ec6300f2496df6ab,True,11478.179999999998,63254246,2026-09-15T01:04:53.447457552+00:00,0x9021cfe27105f3f1f820ff94fc6c386126029dce0a2084b510f24c73568c9efe
654,0x5140087842da3cbc55ff69ba74b4239af219c4b6,0x5140087842da3cbc55ff69ba74b4239af219c4b6,True,10000.0,63254284,2026-09-15T01:04:57.440677881+00:00,0x46adde24fc2bf40623a2510f84bc554290b2c6db701780ea811cc02318ae4e49
93,0x21d7e80a2bd6dd16c85352bbbe3dd1fa91f2e385,0x21d7e80a2bd6dd16c85352bbbe3dd1fa91f2e385,True,11970.25,63254287,2026-09-15T01:04:57.755932093+00:00,0x4aff8602b1dd169ade34c84b4acf8e50882c5804e5048e4333aefc82b376dd78
132,0x56311f46963d93eba214a95a5c55193d6bdaf4da,0x56311f46963d93eba214a95a5c55193d6bdaf4da,True,11966.869999999999,63254291,2026-09-15T01:04:58.176271200+00:00,0x32b57d211c73a149193379d9980fb424edadbfa21d60a08f1342e297a390035a
821,0xc02ad38d5df2724bf1cc7983244301e2185f9462,0xc02ad38d5df2724bf1cc7983244301e2185f9462,True,11973.720000000001,63254316,2026-09-15T01:05:00.803389788+00:00,0xd1265129b75f34514abd0f4cdce8bf60a12fcacd0497009d8b5aa8876b4fd96f
735,0x62ee30f8a0357d2196450cc2b0d6441f8a92d981,0x62ee30f8a0357d2196450cc2b0d6441f8a92d981,True,2318.79,63254337,2026-09-15T01:05:03.010169506+00:00,0x829c2e41a5a5af7eefa5332a6cbc6920b6aa9ac84fa04e04880221818caf0e34
703,0x3d2fa04af6099a759fc3477fe601a9c7aadf0229,0x3d2fa04af6099a759fc3477fe601a9c7aadf0229,True,11974.529999999999,63254339,2026-09-15T01:05:03.220339060+00:00,0x2be23c02734bc0ccd1886c974403ecf934bc795143f52244f5c651832157ec2a
643,0x21d7e80a2bd6dd16c85352bbbe3dd1fa91f2e385,0x21d7e80a2bd6dd16c85352bbbe3dd1fa91f2e385,True,11966.72,63254394,2026-09-15T01:05:09+00:00,0xc3e312e34345f729e4292ad7ef4d283095fba026214bacb1a0f5efeb1fd2e19d
132,0x56311f46963d93eba214a95a5c55193d6bdaf4da,0x56311f46963d93eba214a95a5c55193d6bdaf4da,True,11962.359999999999,63254441,2026-09-15T01:05:13.421720743+00:00,0x7b0d3581f86ce2710d39c2f61e027df14b24b6f72a827759c956d203f18c5021
944,0x196ae96369336545288b74a70d72477b3a6fdf99,0x196ae96369336545288b74a70d72477b3a6fdf99,True,11986.800000000001,63254472,2026-09-15T01:05:16.569816589+00:00,0x5ac354e120985c256bd25285c75e706471bed9cea4c5e595583498d030bb763d
298,0xcd9aa0f51ae128575af8b62e14c5b2e2baf8a153,0xcd9aa0f51ae128575af8b62e14c5b2e2baf8a153,True,11968.99,63254477,2026-09-15T01:05:17.077574015+00:00,0x9f20cef99c66dbe510b7e3c4a0a135b9ce4bf259f04f668768ed4aa1febb130d
678,0xa3b3f26de89fe2670aca5c5a4477f9d37b5cc806,0xa3b3f26de89fe2670aca5c5a4477f9d37b5cc806,True,11959.900000000001,63254478,2026-09-15T01:05:17.179125547+00:00,0xb049871c0827ce1697d916767b51f3b19ec102ec720692363f1786d3bf3b3860
821,0xc02ad38d5df2724bf1cc7983244301e2185f9462,0xc02ad38d5df2724bf1cc7983244301e2185f9462,True,11958.789999999999,63254478,2026-09-15T01:05:17.179125547+00:00,0x58d74d0dab222e3823b7d2deba335416cc4d2a71be8b8c3ac80f11c5ecf17872
73,0x775d1bd04e076e5812adab5a8ba2c4de71a8e50d,0x775d1bd04e076e5812adab5a8ba2c4de71a8e50d,True,11966.74,63254481,2026-09-15T01:05:17.483779907+00:00,0xe8c591cf2d967f7a9ea692da7990d98ceb8977c14cf4e921bed4bffa021db20e
736,0xa61c3eeb92452964d5f690fe1ded2da252c358e4,0xa61c3eeb92452964d5f690fe1ded2da252c358e4,True,11967.0,63254566,2026-09-15T01:05:26.115655899+00:00,0x9c3dbf07f095342b9653d832fad41d530cc553542a677ccc1ed12777f3e2c641
51,0xca0bbc39957d9609c2564ab4c63e354548322b4b,0xca0bbc39957d9609c2564ab4c63e354548322b4b,True,11962.11,63254569,2026-09-15T01:05:26.420310259+00:00,0xf59bc9506cc29aefa0e9616795ed962d083c06ed70b93f1202277831de3b31b2
835,0x9b35c3602c664773b99f0e2c1639ebe659be788a,0x9b35c3602c664773b99f0e2c1639ebe659be788a,True,11958.16,63254579,2026-09-15T01:05:27.435825109+00:00,0xbfa5d1f6ff0f84c1c2d88b5e8df78d78347967f3fc05404f1ce4e84714aa046a
783,0x43eca5f151aa0aa5ab8b5a24078454f0842e4859,0x43eca5f151aa0aa5ab8b5a24078454f0842e4859,True,11963.720000000001,63254590,2026-09-15T01:05:28.552891493+00:00,0xe20e6a63e81c24a4cfb33861d3aa21dbd82bccad69e75e0e749efd2f517ece0d
700,0xf955dab8bdb1158dc0df449997a057ab9eb4f774,0xf955dab8bdb1158dc0df449997a057ab9eb4f774,True,11963.140000000001,63254623,2026-09-15T01:05:31.904090166+00:00,0x032766a90058edcaa2b871c24d2efee2cb4dbbae561e3cc4d85927ae9e642ea9
821,0xc02ad38d5df2724bf1cc7983244301e2185f9462,0xc02ad38d5df2724bf1cc7983244301e2185f9462,True,11952.85,63254638,2026-09-15T01:05:33.427362442+00:00,0xb63af3e665f7329c1751aa02b59806b574f6a819db0f38ba6039c38a10b2f9f4
690,0xad128b4fd496ca73eb54b93529a0519c875125ce,0xad128b4fd496ca73eb54b93529a0519c875125ce,True,11958.970000000001,63254664,2026-09-15T01:05:36.067701101+00:00,0xe78392d0e227ad82a4762a99b82a90ad81ce060bbb8047210df3cfe711a56b1c
709,0x2e27296db73efa090c33823b0b637f031d1a1f97,0x2e27296db73efa090c33823b0b637f031d1a1f97,True,11955.59,63254698,2026-09-15T01:05:39.520451307+00:00,0x53f02d410f9cadb922aeeb72fd3a61c1eb9dd93d3bc3e02ce13e3435e80d4d5a
878,0x640fa770ea86752e5207051c34ca12b6c9d1484d,0x640fa770ea86752e5207051c34ca12b6c9d1484d,True,11956.89,63254703,2026-09-15T01:05:40.028208733+00:00,0x5908503a7c39a915457c495a9ce55a3815f1c12c78aa3f4d65b84df878cf5145
51,0xca0bbc39957d9609c2564ab4c63e354548322b4b,0xca0bbc39957d9609c2564ab4c63e354548322b4b,True,11943.81,63254714,2026-09-15T01:05:41.145275116+00:00,0x1c04156101f0ff5bc67c5a30f26e6b616cd266d8dec7261f5df301a74e9f2482
823,0x153b93374f4e8edb54ba0569e6ea6b46e5e46a5d,0x153b93374f4e8edb54ba0569e6ea6b46e5e46a5d,True,11952.769999999999,63254724,2026-09-15T01:05:42.160789728+00:00,0xeae4c2fd90d8c24f28e325923a3ff76f5e53c481199e370ddd46593c062898bb
950,0xa3b3f26de89fe2670aca5c5a4477f9d37b5cc806,0xa3b3f26de89fe2670aca5c5a4477f9d37b5cc806,True,26000.0,63254758,2026-09-15T01:05:45.613540173+00:00,0xc8217f85fcf583df97c2e0320a2d25f1b7a22936357afd4a37e6bd6b4b13c74d
733,0x4d52625dcf3b7db15127842834e50dbd773ef669,0x4d52625dcf3b7db15127842834e50dbd773ef669,True,8000.0,63254805,2026-09-15T01:05:50.386459827+00:00,0x6e8432ee99dcb7d65da67944d1d8736b7ee1410e57101a3a3013de73888dc690
549,0xd4bb7351a9b0d1b236e7523da7a972db4a100f08,0xd4bb7351a9b0d1b236e7523da7a972db4a100f08,True,35000.0,63254836,2026-09-15T01:05:53.534555674+00:00,0xe345527c36081edd82894c371a8798eb12f1c7f34871e3fd5be13c55ef63435a
755,0x4ff25ae1b4bf1cee786d5458b43f116d3203d374,0x4ff25ae1b4bf1cee786d5458b43f116d3203d374,True,11963.16,63254836,2026-09-15T01:05:53.534555674+00:00,0xf2fda9781a7eaa37a03d4d8499f687902af41a7133b62bf6eadbc72a759a5eb8
804,0xefa988eabbb2b768ab95ce5a194a910b0050f377,0xefa988eabbb2b768ab95ce5a194a910b0050f377,True,11948.12,63254855,2026-09-15T01:05:55.464033842+00:00,0x290273e08403f570ed40512ff7aef1e6f6c225014da889968012440e2ea52fc8
72,0xde93a926d8059d9d20a93b709312bf2cd8a7046c,0xde93a926d8059d9d20a93b709312bf2cd8a7046c,True,11945.97,63254866,2026-09-15T01:05:56.581100225+00:00,0x41f7d04891213c8e75ef5e2ad198749c641b0f51714ffbce4103b0f9e68cddcb
150,0x660fa2c5350833408a20389957a97b586e0578b6,0x660fa2c5350833408a20389957a97b586e0578b6,True,11942.960000000001,63254903,2026-09-15T01:06:00.338505030+00:00,0xb609ea9b01e6d9e0a006a7848ce014174f3016790b3592cb0074637e0aebcad3
690,0xad128b4fd496ca73eb54b93529a0519c875125ce,0xad128b4fd496ca73eb54b93529a0519c875125ce,True,11933.68,63254905,2026-09-15T01:06:00.541607857+00:00,0x6b5cdb94ba1b5118149457b8d00678c64ff0bd0d480f0bcae38650e0a748f570
491,0xd4b4cab5cf150f46448a8b312cf4d96521953c5f,0xd4b4cab5cf150f46448a8b312cf4d96521953c5f,True,11945.150000000001,63254919,2026-09-15T01:06:01.963328600+00:00,0x6d6ecdfba33ee4a67a6a6b642d314f64a370053e5cf0548b6d3b34fdae97dca1
268,0xad468e8336182e2cec7022f3434f91227c33a723,0xad468e8336182e2cec7022f3434f91227c33a723,True,11941.94,63254957,2026-09-15T01:06:05.822284937+00:00,0x5f350327c4c01947cfda946cc31b36bc03c574059371d7d392591bc8c62e432b
643,0x21d7e80a2bd6dd16c85352bbbe3dd1fa91f2e385,0x21d7e80a2bd6dd16c85352bbbe3dd1fa91f2e385,True,11936.18,63254966,2026-09-15T01:06:06.736248255+00:00,0x9fbd41923512916593e33993b0b6faccf56173d50569cb4aa46845a66b50172c
755,0x4ff25ae1b4bf1cee786d5458b43f116d3203d374,0x4ff25ae1b4bf1cee786d5458b43f116d3203d374,True,11917.67,63254968,2026-09-15T01:06:06.939351082+00:00,0xca7a1d204aac437f877b3330f168691524af0262dff1a26d507438bdde79d8cd
678,0xa3b3f26de89fe2670aca5c5a4477f9d37b5cc806,0xa3b3f26de89fe2670aca5c5a4477f9d37b5cc806,True,11932.619999999999,63254994,2026-09-15T01:06:09.579689741+00:00,0x68884f93408b89283f8f99d0e0113f6002757067d3ada1eb390c4a51eb6e36a2
72,0xde93a926d8059d9d20a93b709312bf2cd8a7046c,0xde93a926d8059d9d20a93b709312bf2cd8a7046c,True,11930.78,63255002,2026-09-15T01:06:10.392101526+00:00,0x320d0155387c33471965997ec43b4ebd5ed87e2a5bf93ff3c3d2cd34bfa48bc9
754,0x17521073ca88010a9a65a28cdda4f294c6ee122b,0x17521073ca88010a9a65a28cdda4f294c6ee122b,True,11960.210000000001,63255065,2026-09-15T01:06:16.789844751+00:00,0xb1c3793bca752b858c9478c840540fac504035284fcd08850106845bb9539d89
643,0x21d7e80a2bd6dd16c85352bbbe3dd1fa91f2e385,0x21d7e80a2bd6dd16c85352bbbe3dd1fa91f2e385,True,11927.630000000001,63255109,2026-09-15T01:06:21.258110045+00:00,0x59813d5e212ef324730eba3d829a92028c1844d607b732f28ed479aec13beac6
754,0x17521073ca88010a9a65a28cdda4f294c6ee122b,0x17521073ca88010a9a65a28cdda4f294c6ee122b,True,11896.31,63255190,2026-09-15T01:06:29.400000095+00:00,0x1639ac099ed39e35afed0440d2c17efcbd19107734f2e7344a8771111c1beaa7
755,0x4ff25ae1b4bf1cee786d5458b43f116d3203d374,0x4ff25ae1b4bf1cee786d5458b43f116d3203d374,True,11921.23,63255231,2026-09-15T01:06:33.500000+00:00,0xde08ade91d7fef71a69a27f66ca57abc05bc967d060c79dfbf101106b83e6fc6
829,0xaff726578eb3e36219ba17d8a12578a3160c1fcc,0xaff726578eb3e36219ba17d8a12578a3160c1fcc,True,11928.02,63255240,2026-09-15T01:06:34.400000095+00:00,0xf4becd3c73a8580f0ac29a9a11e1a5d07a34c3b41a79026c90c6ed2226eca0c3
979,0xfefbc45f6bd1b8baeb2549267f5e906f8a3b42f1,0xfefbc45f6bd1b8baeb2549267f5e906f8a3b42f1,True,11930.83,63255304,2026-09-15T01:06:40.869300842+00:00,0xc568ff89d8a2edebcb660d51d995d592d51d829074d8b42aaa9f6b49247e80f9
804,0xefa988eabbb2b768ab95ce5a194a910b0050f377,0xefa988eabbb2b768ab95ce5a194a910b0050f377,True,11911.41,63255313,2026-09-15T01:06:41.785714388+00:00,0x361dc10101ea3c1ed49f1b7c564f25154d08b4eba777e891b946078bc3c0dce4
754,0x17521073ca88010a9a65a28cdda4f294c6ee122b,0x17521073ca88010a9a65a28cdda4f294c6ee122b,True,11916.91,63255328,2026-09-15T01:06:43.313069820+00:00,0xe375d47808aaad737da9326f071fc4c9d1c35eca6b8eb4e2ccfd377b6cb0530f
723,0x9fbd096ab9dddee2a2a858fcb9187637c234dacd,0x9fbd096ab9dddee2a2a858fcb9187637c234dacd,True,11920.87,63255342,2026-09-15T01:06:44.738601923+00:00,0xc4762d784e0105dbd92f94c4711b5f5a07ba6979c17cb282de74610308092521
171,0xd891781cb605ee94242ab8115961cd96138d226c,0xd891781cb605ee94242ab8115961cd96138d226c,True,11921.86,63255342,2026-09-15T01:06:44.738601923+00:00,0x703981de724ed7c5682721ad0baca454ade717e5b06c42b95b84694d9874fe08
508,0x78b1094269465e61b08fe6040db5cb754e85a159,0x78b1094269465e61b08fe6040db5cb754e85a159,True,11918.789999999999,63255396,2026-09-15T01:06:50.237082005+00:00,0x0d2bb4b438524186bc4f1a7578413f1ef0b5dc4c6f8d7b5c7dce92e25ac12075
268,0xad468e8336182e2cec7022f3434f91227c33a723,0xad468e8336182e2cec7022f3434f91227c33a723,True,30000.0,63255403,2026-09-15T01:06:50.949847937+00:00,0x02937d5a4795c6d7469f07c049aa735ab376a73bd3f7ecefcae096dd384a04a0
878,0x640fa770ea86752e5207051c34ca12b6c9d1484d,0x640fa770ea86752e5207051c34ca12b6c9d1484d,True,11912.03,63255408,2026-09-15T01:06:51.458966494+00:00,0x93c999f7db77d00f56e07cf2afbe56f0349d8017123e7e85782c06aee39949c6
895,0xae08e6bb57c01d001bea1bdf6c8c59086736743f,0xae08e6bb57c01d001bea1bdf6c8c59086736743f,True,11917.95,63255421,2026-09-15T01:06:52.782674789+00:00,0x4ed3215474da6d8c19090e5f56e7c801dac56969e15a92653983eb00369602f6
623,0xa1ba5d056ace124a787b0aa7146c8fd0258ccc37,0xa1ba5d056ace124a787b0aa7146c8fd0258ccc37,True,11916.82,63255425,2026-09-15T01:06:53.189969540+00:00,0x8e8254fdcd6b0dca14f19280199b8bb7db3436a73a87f82904d8c7688fb25b8c
804,0xefa988eabbb2b768ab95ce5a194a910b0050f377,0xefa988eabbb2b768ab95ce5a194a910b0050f377,True,11911.58,63255442,2026-09-15T01:06:54.920972586+00:00,0xc1cf26cccbc4e54ce6738ff5383ec5ece23549f8b02b0bf4c46bb9e8f6ca4e5b
736,0xa61c3eeb92452964d5f690fe1ded2da252c358e4,0xa61c3eeb92452964d5f690fe1ded2da252c358e4,True,11898.96,63255443,2026-09-15T01:06:55.022796392+00:00,0xe2e689469a23f3d709dda28fc50422fde6ec4c77b2e2d39fa4904203c2bd8e42
835,0x9b35c3602c664773b99f0e2c1639ebe659be788a,0x9b35c3602c664773b99f0e2c1639ebe659be788a,True,11898.6,63255450,2026-09-15T01:06:55.735562325+00:00,0x82c8c8bcec3e2417c8a39684d5a1a986e89a7984db1bd1205f50e784dd3748a1
716,0x2a194d883362c456c47502febf07b84803041024,0x2a194d883362c456c47502febf07b84803041024,True,11916.14,63255490,2026-09-15T01:06:59.808510542+00:00,0xc220a9b0751e7dad24be991b602e5808c834c73047e48ffa3e9bcefbc8b90594
829,0xaff726578eb3e36219ba17d8a12578a3160c1fcc,0xaff726578eb3e36219ba17d8a12578a3160c1fcc,True,11901.7,63255516,2026-09-15T01:07:02.455927134+00:00,0x1e481f66e93e53140020d57dae4358fe3bd8535dc1d0f54799365c93f6b9901b
895,0xae08e6bb57c01d001bea1bdf6c8c59086736743f,0xae08e6bb57c01d001bea1bdf6c8c59086736743f,True,11902.55,63255549,2026-09-15T01:07:05.816109419+00:00,0x99aa76923bb878702b162dc3f2343cec118534357ed8a8382519fb36d5248d88
654,0x5140087842da3cbc55ff69ba74b4239af219c4b6,0x5140087842da3cbc55ff69ba74b4239af219c4b6,True,4543.0,63255566,2026-09-15T01:07:07.547112465+00:00,0x7680aa312009c9b9973f62424e4961dacad80cf3a5e606ca008a01ef6c124839
878,0x640fa770ea86752e5207051c34ca12b6c9d1484d,0x640fa770ea86752e5207051c34ca12b6c9d1484d,True,11895.829999999998,63255592,2026-09-15T01:07:10.194528818+00:00,0xfb81fe6d28d9109b3b77cfb7553fe7718e1f9e5d2e43bd5d8e7a3d2b94694005
979,0xfefbc45f6bd1b8baeb2549267f5e906f8a3b42f1,0xfefbc45f6bd1b8baeb2549267f5e906f8a3b42f1,True,11892.74,63255604,2026-09-15T01:07:11.416413307+00:00,0xa943a8566208fbba8a7b8c2e735bda760f06a36acc81d117488ca6c5af31b0ca
700,0xf955dab8bdb1158dc0df449997a057ab9eb4f774,0xf955dab8bdb1158dc0df449997a057ab9eb4f774,True,11892.199999999999,63255628,2026-09-15T01:07:13.860182285+00:00,0xb856ed212fdc4cd3291299fbefc828d8f5e14480d2c593254f93e3785f714596
634,0xe8e4eb3fe4a93b45ddc4589abdd8f8e006d0533d,0xe8e4eb3fe4a93b45ddc4589abdd8f8e006d0533d,True,11907.69,63255634,2026-09-15T01:07:14.471124649+00:00,0x4763dcc2e977c0e50d7475033ff3cd96337695cc74282dc4278df8f8ba381d3e
191,0xf3753b1d10d40d8bb1e75b26c69fd6e844aa988f,0xf3753b1d10d40d8bb1e75b26c69fd6e844aa988f,True,11904.890000000001,63255657,2026-09-15T01:07:16.813069820+00:00,0xa3265fb70501bdef3495c9cca4c48ef5ae278a8af3d3ee72cf8d59734cfbbccb
621,0x9c58d138adf9cb3d048d96b102c6ab4fb1b98594,0x9c58d138adf9cb3d048d96b102c6ab4fb1b98594,True,11903.900000000001,63255677,2026-09-15T01:07:18.849544048+00:00,0x7d33681a70e22fbadba6dc73f48ae38e9add2f3ea35c4dc4028a0f76157889a3
895,0xae08e6bb57c01d001bea1bdf6c8c59086736743f,0xae08e6bb57c01d001bea1bdf6c8c59086736743f,True,11897.79,63255678,2026-09-15T01:07:18.951367855+00:00,0xeb8e4f3bd2e107455fca283ad6c3d7cc02301e34ba7db5272e4b21fd56947f81
637,0x7020ae2927743071336877c3c1f97ad79e4b74f3,0x7020ae2927743071336877c3c1f97ad79e4b74f3,True,11903.05,63255690,2026-09-15T01:07:20.173252344+00:00,0x03926aefb84e968787fab5ccd021634515eaabf23ca697e3063e9b2ca0c7843b
888,0x187500818fd3ba83270d546921abf44ede7fdde6,0x187500818fd3ba83270d546921abf44ede7fdde6,True,11901.33,63255703,2026-09-15T01:07:21.496960402+00:00,0x697a965233a596bd3a932e68ab26d3f843f6652cefee19a9db910c4a148e8444
736,0xa61c3eeb92452964d5f690fe1ded2da252c358e4,0xa61c3eeb92452964d5f690fe1ded2da252c358e4,True,11894.66,63255713,2026-09-15T01:07:22.515197515+00:00,0x8e03d6b045a26d928195b8e28a001779dca75f8de1345e51105e8802fabd0a4f
752,0xb183bb5f98c5373f4a4849881f5f384d33910a91,0xb183bb5f98c5373f4a4849881f5f384d33910a91,True,11902.61,63255719,2026-09-15T01:07:23.126139879+00:00,0x5acce79b85412f448ab88fac0f1fbdb502d19000ad033f868edd2ac38e1aec3e
8,0x365b94ab73ab228544a66e46b90be4deb946a6de,0x365b94ab73ab228544a66e46b90be4deb946a6de,True,11900.26,63255720,2026-09-15T01:07:23.227963448+00:00,0xff63424de869b3e18f8a1443dd09082f4d152fa31554d3db9da9a0cc5b42ec94
79,0x162ea116bbfae0a36d8019975f0472e4a5e2cec0,0x162ea116bbfae0a36d8019975f0472e4a5e2cec0,True,11906.949999999999,63255741,2026-09-15T01:07:25.366261482+00:00,0x4881cfcd997b7931d778f9ede184a43b9b45a5ea246cc1db3f8c9584a240a92e
920,0x921979e2c824a96d64caa5edd62e3b77c1b81b50,0x921979e2c824a96d64caa5edd62e3b77c1b81b50,True,11900.35,63255743,2026-09-15T01:07:25.569908857+00:00,0x276b14aad2be7d07fa61007a90374f5eee590de8e503002ea316ddfafa49f367
680,0xcf1b38b9c810bfc33e35847738b49c0a1bfe8242,0xcf1b38b9c810bfc33e35847738b49c0a1bfe8242,True,11898.23,63255749,2026-09-15T01:07:26.180850983+00:00,0x23d9eba046078efa1a70873f16f180a16b936e5784a7a3b56499993f6bd4d001
686,0xa9076b5ba0aa393915cc4143653e7a01b96b5e12,0xa9076b5ba0aa393915cc4143653e7a01b96b5e12,True,11902.77,63255760,2026-09-15T01:07:27.300911903+00:00,0xb1a395a0a069284372165484dd41f7eea7d0d580d03a3ccc7179208495dcaf19
621,0x9c58d138adf9cb3d048d96b102c6ab4fb1b98594,0x9c58d138adf9cb3d048d96b102c6ab4fb1b98594,True,11890.609999999999,63255782,2026-09-15T01:07:29.541033506+00:00,0x0eeb4a9998ab7607577157acc022049b56070458b798953686ac7a302852ecd2
700,0xf955dab8bdb1158dc0df449997a057ab9eb4f774,0xf955dab8bdb1158dc0df449997a057ab9eb4f774,True,11892.660000000002,63255790,2026-09-15T01:07:30.355623007+00:00,0x705c7cd18ffdc16475762ca910624cecd3aeee02a299326add700c03d93a7a30
690,0xad128b4fd496ca73eb54b93529a0519c875125ce,0xad128b4fd496ca73eb54b93529a0519c875125ce,True,11889.9,63255791,2026-09-15T01:07:30.457446814+00:00,0x060c61b628403f5ea3fb51f829d93c52f874b2b9be6ce3d9ae79eeca96e0ccd8
888,0x187500818fd3ba83270d546921abf44ede7fdde6,0x187500818fd3ba83270d546921abf44ede7fdde6,True,11890.94,63255799,2026-09-15T01:07:31.272036552+00:00,0xee993e15673e60ce11e9ddde5763b04e935604cbc5d38b0d16bcf49a45445a4d
133,0xc672604d798d8cbd0cf2cc654099f82bd02647ab,0xc672604d798d8cbd0cf2cc654099f82bd02647ab,True,11896.170000000002,63255807,2026-09-15T01:07:32.086626053+00:00,0x88778cb15853abb046727713aee3c9e8c101ae93f0f1fa8cb6fd1763f7f52113
44,0x65f8169ef7cd5f6d0bc90d4478bc234762f9276a,0x65f8169ef7cd5f6d0bc90d4478bc234762f9276a,True,11896.71,63255818,2026-09-15T01:07:33.206686974+00:00,0x9a41345efae7e171c049358d58ec3cd3158e3a4ca4db938d492519910c9b8360
867,0x365b94ab73ab228544a66e46b90be4deb946a6de,0x365b94ab73ab228544a66e46b90be4deb946a6de,True,11893.01,63255826,2026-09-15T01:07:34.021276712+00:00,0xf3af48abf2981c65fb6774ccaeef49941b6852195f1a3ba1c84964bdd0fe300b
716,0x2a194d883362c456c47502febf07b84803041024,0x2a194d883362c456c47502febf07b84803041024,True,11884.8,63255843,2026-09-15T01:07:35.752279520+00:00,0xcd3ca6dfc8049919a06682bf7c5289aeb0ed1d0207b9660c003a0ee4acc18e60
456,0xa4a5cc8c29353f333d031f7df7a717ef86caa7de,0xa4a5cc8c29353f333d031f7df7a717ef86caa7de,True,11898.96,63255849,2026-09-15T01:07:36.363221884+00:00,0x4bad450e2ff96a1a2230d95d020959919341392d5d4f9ec0720ec17f03d924bb
920,0x921979e2c824a96d64caa5edd62e3b77c1b81b50,0x921979e2c824a96d64caa5edd62e3b77c1b81b50,True,11886.83,63255849,2026-09-15T01:07:36.363221884+00:00,0xe31dae7204dd96f8dc9dd327a8f36d10ee591c0634374fdf3ad04c4eb26ffe21
873,0x2bc5dcbddf182324c4e03a5ff48addc19233dd27,0x2bc5dcbddf182324c4e03a5ff48addc19233dd27,True,11895.16,63255850,2026-09-15T01:07:36.465045691+00:00,0xe882b7e393aa0f0a8753316a1add153391da41181b481a32d25da02a55697603
607,0x5ed35a54d2cfeb531c9070ed4dfc27c305344ada,0x5ed35a54d2cfeb531c9070ed4dfc27c305344ada,True,11894.250000000002,63255862,2026-09-15T01:07:37.686930180+00:00,0xfe16f85acfa019cb81d6e9a838c49fce62b74dca16e7ee82519bae5acb88e0a1
510,0xe8b67e168d63cef3bcfd9c79958e33f14d29db5d,0xe8b67e168d63cef3bcfd9c79958e33f14d29db5d,True,11896.27,63255862,2026-09-15T01:07:37.686930180+00:00,0x35a11f2e0f976f6c142b3d7a7e24d5ce0d0fccd2230a2ed79ef50a8a94ae9c05
841,0xeb456428815f395e6f02d4982f5521116c89c620,0xeb456428815f395e6f02d4982f5521116c89c620,True,11894.890000000001,63255867,2026-09-15T01:07:38.196048737+00:00,0x685525c6578fffd95a77227f77114185a6d159c56e4eacb621cac2b9efcb111b
766,0xe65a30d4270705e3a6e92917a9c944bc8eaa5ef2,0xe65a30d4270705e3a6e92917a9c944bc8eaa5ef2,True,11894.11,63255880,2026-09-15T01:07:39.519756793+00:00,0xe31cfc0a6c463909752336415399eff52a2f250d517895b0b64686ae92c6ba07
888,0x187500818fd3ba83270d546921abf44ede7fdde6,0x187500818fd3ba83270d546921abf44ede7fdde6,True,11887.98,63255890,2026-09-15T01:07:40.537993908+00:00,0xf55299e4c79152da8ff695613c530db623bc9b9ebcdf81881a466cc3b70d1591
298,0xcd9aa0f51ae128575af8b62e14c5b2e2baf8a153,0xcd9aa0f51ae128575af8b62e14c5b2e2baf8a153,True,11879.74,63255897,2026-09-15T01:07:41.250759840+00:00,0xfed7d1e6270f5c1efc04cac9ecb3ab07704baa75436b067b6e9d93cf8eb4d5ab
786,0x735362a17532f349f2500425bad3cd891c3935d3,0x735362a17532f349f2500425bad3cd891c3935d3,True,11892.35,63255897,2026-09-15T01:07:41.250759840+00:00,0x77a879de0864bbf73377fab1a770b4852828b0bd5bf26edad2af1352ad081e57
621,0x9c58d138adf9cb3d048d96b102c6ab4fb1b98594,0x9c58d138adf9cb3d048d96b102c6ab4fb1b98594,True,11887.75,63255917,2026-09-15T01:07:43.287234068+00:00,0xf034b3695b0d6abd042a1d85e852729f8382311c14d32aecd77868670fa27aa2
9,0x1d7b4a9960f908ecc71405f74715fd7f05bf5581,0x1d7b4a9960f908ecc71405f74715fd7f05bf5581,True,11897.19,63255917,2026-09-15T01:07:43.287234068+00:00,0x843e6df016020b60aa9b29c08ff47f928bfce80885801b288c02baccc32d295c
634,0xe8e4eb3fe4a93b45ddc4589abdd8f8e006d0533d,0xe8e4eb3fe4a93b45ddc4589abdd8f8e006d0533d,True,11879.829999999998,63255937,2026-09-15T01:07:44.975438595+00:00,0x7616bed0490073ea4371cf0ce193d81a3ae83fab45f6412fdac6a75bdc6e52b6
920,0x921979e2c824a96d64caa5edd62e3b77c1b81b50,0x921979e2c824a96d64caa5edd62e3b77c1b81b50,True,11883.9,63255954,2026-09-15T01:07:46.633684158+00:00,0x7eb22ec112da71cc2cac29faa67ceedfde5a1d25859e46b71ee55ffbfdd71ebb
133,0xc672604d798d8cbd0cf2cc654099f82bd02647ab,0xc672604d798d8cbd0cf2cc654099f82bd02647ab,True,11883.730000000001,63255962,2026-09-15T01:07:47.414035082+00:00,0x9b2126829244bd798a52699bd02f3ef09d6b300c3fedab8f4c5cabcfe369d10a
814,0x804958591b1ebec23cfa7c81a99a3f1ef5979ff8,0x804958591b1ebec23cfa7c81a99a3f1ef5979ff8,True,11888.9,63255966,2026-09-15T01:07:47.804210424+00:00,0x787cf059255c5eca9ea486b175ef029f3b6dfbcddb72139420cc03956a576584
747,0x436d531dd1d50913b24a1fa7de91dbc27f5b8fe3,0x436d531dd1d50913b24a1fa7de91dbc27f5b8fe3,True,11886.49,63255997,2026-09-15T01:07:50.828070164+00:00,0x9e06f524ae6960ee2b415cdff322670cfcd29073e1da2661792973f5937d477b
791,0xd5d732707909d6a2380c001f4463e6d6d2f263de,0xd5d732707909d6a2380c001f4463e6d6d2f263de,True,11886.95,63256021,2026-09-15T01:07:53.169122696+00:00,0xbf802457e2061f6b9e5236183b323d1c868888b22da0dc46d2091d13384ddfc7
830,0x85e60a02dc18f0f4716bf38ca54775d78320754a,0x85e60a02dc18f0f4716bf38ca54775d78320754a,True,12000.0,63260073,2026-09-15T01:14:39.434963226+00:00,0x0ddd0366d38fdff5de793c1e06744946b79252f63665b3e5d4bf4d22d8998e51
44,0x65f8169ef7cd5f6d0bc90d4478bc234762f9276a,0x65f8169ef7cd5f6d0bc90d4478bc234762f9276a,True,143.862442363314,63262080,2026-09-15T01:18:03.498960972+00:00,0xa0f99f5a9fab8e7a6069ed404711aceda103e05f389174d9e96f4fde085c2ce1
44,0x65f8169ef7cd5f6d0bc90d4478bc234762f9276a,0x65f8169ef7cd5f6d0bc90d4478bc234762f9276a,True,654.686448329318,63262086,2026-09-15T01:18:04.109017849+00:00,0xda1bd7fb10f4d381b021401da110aeac89eb61d7af2bfc7eb597c78b648a8d75
44,0x65f8169ef7cd5f6d0bc90d4478bc234762f9276a,0x65f8169ef7cd5f6d0bc90d4478bc234762f9276a,True,28.33991894549224,63262091,2026-09-15T01:18:04.617398500+00:00,0x26cda0e67fff8b6acec7d0c92d442bdd378ddec4902bd7cb20dab53b001d0c64
44,0x65f8169ef7cd5f6d0bc90d4478bc234762f9276a,0x65f8169ef7cd5f6d0bc90d4478bc234762f9276a,True,0.12685041264966998,63262097,2026-09-15T01:18:05.227455378+00:00,0x11f95c1187ee4885b5be89ecfccd4330f8fbd3d4372644eea687b9da17aea06d
456,0xa4a5cc8c29353f333d031f7df7a717ef86caa7de,0xa4a5cc8c29353f333d031f7df7a717ef86caa7de,True,41405.91,63262313,2026-09-15T01:18:27.189499855+00:00,0x9e0765067aec3e1f1d4f8493f8de2e07a300d3a27a67a4828ed64837322ed815
85,0x3ec3387c5c0865a949392f792d9c6aa17e49958a,0x3ec3387c5c0865a949392f792d9c6aa17e49958a,True,1551.0,63262375,2026-09-15T01:18:33.493420124+00:00,0xa0926a28fd8c9c6354df036880a9ec5b245631cf6b4bbc8ab744e502e00364a3
971,0x1e3a56c1a7be6587bdbfa285d48797c4e121f173,0x1e3a56c1a7be6587bdbfa285d48797c4e121f173,True,6181.0,63264349,2026-09-15T01:21:54.202105522+00:00,0x00c9fe9c630c720a639035e813710404dc7f1f2cda13d238d3a5b52a93cde982
444,0xab078f1e310c3f6b9a6b6c91f23c6cb5f09fe61c,0xab078f1e310c3f6b9a6b6c91f23c6cb5f09fe61c,True,11000.0,63266205,2026-09-15T01:25:03.394660473+00:00,0xe77e98b5f036a771f3e46fa9440cc3da903609a315e1820d54937d0448a73247
85,0x3ec3387c5c0865a949392f792d9c6aa17e49958a,0x3ec3387c5c0865a949392f792d9c6aa17e49958a,True,2047.79,63269111,2026-09-15T01:30:01.199158430+00:00,0xef76f7f0a7ff4f4bc19de83eea494d073cd4a6f0d038386144f63b6194c265da
95,0x338188207e6256f0179b110d7f7bbce5a838f8ad,0x338188207e6256f0179b110d7f7bbce5a838f8ad,True,23000.000000000004,63271017,2026-09-15T01:33:16.725505829+00:00,0x92cec3612e471e5b73290b8d999c6feeeee2f331ff72fe1c884d682749f1efee
725,0x338188207e6256f0179b110d7f7bbce5a838f8ad,0x338188207e6256f0179b110d7f7bbce5a838f8ad,True,23523.7,63272679,2026-09-15T01:36:06.081654549+00:00,0x024feadb6544551c7b7895d24583e0e6bbd2b6283c1b3f38a512d6e2b0491415
807,0xedb5f6d408dcdf6a981cbb1f3e401343a312c9d9,0xedb5f6d408dcdf6a981cbb1f3e401343a312c9d9,True,21250.0,63274311,2026-09-15T01:38:51.634166002+00:00,0x87754cd108b24e92cdafd37f8bb57e886bc134005c7870ab64ab36059cfcc4d2
971,0x1e3a56c1a7be6587bdbfa285d48797c4e121f173,0x1e3a56c1a7be6587bdbfa285d48797c4e121f173,True,2120.0,63274550,2026-09-15T01:39:15.878682137+00:00,0x7991843c368114cee6e9d8f7381de03fa626ee6fbedc26263ab5506b9dbe23f7
1000,0xedb5f6d408dcdf6a981cbb1f3e401343a312c9d9,0xedb5f6d408dcdf6a981cbb1f3e401343a312c9d9,True,21250.0,63274561,2026-09-15T01:39:16.994538546+00:00,0x9f40cdef036bfde47502776ceae2042e9995d1cbebf47afadad1402e387ecd3b
78,0x76ced6b6cbed55433716cf690a8223da1be8aa8c,0x76ced6b6cbed55433716cf690a8223da1be8aa8c,True,100.0,63275273,2026-09-15T01:40:29.220879316+00:00,0xb8a328b2428e5796b773dfd11e7147f9cafb495aec0d7768c4bdb8ebb682ea78
87,0x0d3ef27fd345f89417040e48c7d3a98d3077eef4,0x0d3ef27fd345f89417040e48c7d3a98d3077eef4,True,1.0,63281705,2026-09-15T01:51:21.692541838+00:00,0x8f1198b20b0d1b3c6b192f0362db303dd4472985c194e5f0e8c5d31f3820a26f
77,0xe01a97fc4607a388a41626d5e039fdecbfc6acd9,0xe01a97fc4607a388a41626d5e039fdecbfc6acd9,True,185.0,63285218,2026-09-15T01:57:19.345994711+00:00,0x10efee1315050dd62e3253e4cf25b2fe1846fb6c3867d23d9f1e597308edcb25
40,0xe03e68fe8e1e38f5c7259bf06431bd51be3ea4d3,0xe03e68fe8e1e38f5c7259bf06431bd51be3ea4d3,True,603.0,63286255,2026-09-15T01:59:05.192799330+00:00,0xf4f24ace89d2998eaa77a4b4532d42e4fded8ca96219b9e2f410f9c45bd712c2
13,0x0da492cd26580d9bf9efb2a57e511ad9c8704895,0x0da492cd26580d9bf9efb2a57e511ad9c8704895,True,1000.0,63286723,2026-09-15T01:59:52.961656094+00:00,0x9a7a000876deb5d2bc8d3a73ab121d90a6b970a916ff6a041cad7731a99ccfeb
77,0xe01a97fc4607a388a41626d5e039fdecbfc6acd9,0xe01a97fc4607a388a41626d5e039fdecbfc6acd9,True,3083.0000000000005,63287605,2026-09-15T02:01:22.987578869+00:00,0xb180d482b6993f2a626b4316f55c454352efbf93d89b4cfe3869aa851c5512f6
77,0xe01a97fc4607a388a41626d5e039fdecbfc6acd9,0xe01a97fc4607a388a41626d5e039fdecbfc6acd9,True,2824.6200000000003,63288669,2026-09-15T02:03:11.590279102+00:00,0xc490b05ca3a0d9319a67a49d9933aebea11c7f2f09b81de60f0d1f1669ea08f1
841,0xeb456428815f395e6f02d4982f5521116c89c620,0xeb456428815f395e6f02d4982f5521116c89c620,True,48000.0,63300470,2026-09-15T02:23:08.755239964+00:00,0x942bfce83c7bb54f4180ec2b818e3c2d109a89302c5a2548eb821e24d16fe511
160,0xcab21d30dbbe7ef86618e1aea139f6c8a9b44c98,0xcab21d30dbbe7ef86618e1aea139f6c8a9b44c98,True,39485.0,63306955,2026-09-15T02:34:06.908463955+00:00,0xa26507f60f22b17cdfa8283c71063b298ec061f27bd1b1f566eef92a0ba7c621
297,0xe8802b2620357d32bb56f7cd12a835d672c16b93,0xe8802b2620357d32bb56f7cd12a835d672c16b93,True,5000.0,63322464,2026-09-15T03:00:20.736913443+00:00,0xca51bbd594b1b8403fa20db5d656f2535c2b06d9877ca96e3db96616742c56d4
297,0xe8802b2620357d32bb56f7cd12a835d672c16b93,0xe8802b2620357d32bb56f7cd12a835d672c16b93,True,8100.0,63323001,2026-09-15T03:01:15.164011717+00:00,0xa1097d3437dedf975b87c7c499e1ba295f881d7ceface780449607839f7ec081
359,0x00eb7961d9bb6decb832a6d25c14cf4172683657,0x00eb7961d9bb6decb832a6d25c14cf4172683657,True,1070.0700000000002,63323402,2026-09-15T03:01:55.650886297+00:00,0x155aae6306b1e3509750d54113d786a8b67cd782c112b67ac6c67e68f6f73835
497,0x8a43c0d6dd0ef5a28e22835fcb645930faee2221,0x8a43c0d6dd0ef5a28e22835fcb645930faee2221,True,75000.0,63467018,2026-09-15T07:04:38.193268776+00:00,0x220eb0c79a218ea2dd16337957a192ce87631d963ae83c58739b2ed7e7c7e3c4
501,0xeed2a31a29f91f3f148235fcc66fad810803d72a,0xeed2a31a29f91f3f148235fcc66fad810803d72a,True,75000.0,63470478,2026-09-15T07:10:29.100517750+00:00,0x6c361019b33b39d8d61aa08a0b0271d075d7bd43871a3c3761a4550dcc8b00cb
308,0x9f84fcd4528e85301892b7396cb50408ac56e7ee,0x9f84fcd4528e85301892b7396cb50408ac56e7ee,True,1000.0,63661931,2026-09-15T12:34:28.711627960+00:00,0x1f98e976f2f3e9c160d6fda5475c27c8b759db2592ede238dc2399d9287cdf1d
308,0x9f84fcd4528e85301892b7396cb50408ac56e7ee,0x9f84fcd4528e85301892b7396cb50408ac56e7ee,True,3151.0000000000005,63663590,2026-09-15T12:37:18.469767332+00:00,0x0d554660f63d878cd451afbd46bafeefa671c8e13e1042acb5a33df7f0511ebb
308,0x9f84fcd4528e85301892b7396cb50408ac56e7ee,0x9f84fcd4528e85301892b7396cb50408ac56e7ee,True,2171.0,63666817,2026-09-15T12:42:48.674418688+00:00,0xbb41eba37ea0d1f78b7eb31f2da0f4520b595d7efee3daaa22e0d7c9ab9cafe8
308,0x9f84fcd4528e85301892b7396cb50408ac56e7ee,0x9f84fcd4528e85301892b7396cb50408ac56e7ee,True,6700.0,63681907,2026-09-15T13:08:38.253304482+00:00,0x82b43820eba141480ff6a7fa5eb89ff378ea7ca62d5d1ced66871c304161cc0d
308,0x9f84fcd4528e85301892b7396cb50408ac56e7ee,0x9f84fcd4528e85301892b7396cb50408ac56e7ee,True,9265.0,63700560,2026-09-15T13:40:47.838459730+00:00,0xb3714dfda47962714064b0109c3e1f3608d59fa6f5272ff06cfb60ddc0207d67
812,0x4b8af4e14a365e02bd110aa1dd64e988477b8aaf,0x4b8af4e14a365e02bd110aa1dd64e988477b8aaf,True,25.0,63721679,2026-09-15T14:17:08.307639122+00:00,0x7b394224a465d1888c237c47a58237220001411440bbac8c0cbe9b9209c7f0df
160,0xcab21d30dbbe7ef86618e1aea139f6c8a9b44c98,0xcab21d30dbbe7ef86618e1aea139f6c8a9b44c98,True,8000.0,63729298,2026-09-15T14:30:18.387141466+00:00,0x4e27d70cfafaf8df651b469af267df5f1420f683c26118841c504eea7ef87ed5
592,0xa6a279ae513d06acd243eba5406e3cebed342fb8,0xa6a279ae513d06acd243eba5406e3cebed342fb8,True,14553.699999999999,63750601,2026-09-15T15:07:13.632290125+00:00,0x6bc0f893382da315a91ed4e3ebd74a29e7b96ec61210495ca9075e5080497ffd
264,0x6ba9ad599e6271252817933831e3148936cf742a,0x6ba9ad599e6271252817933831e3148936cf742a,True,25920.64,63980877,2026-09-15T21:43:21.125797748+00:00,0x9b5d9402284203460660a6bc352a13829051c33dc63456306fdcf39b29f24a3b
780,0x2fbbbcd93cd7036c732d90ab8ffe7757e1310eb6,0x2fbbbcd93cd7036c732d90ab8ffe7757e1310eb6,True,23780.0,64081464,2026-09-16T00:32:03+00:00,0x85cf8a691ec97a17af4596ff866c23e585e024f56cfe5ca323307ae5ef99b4ca
316,0x48aae1669d4cf7988a227b3d68d9d6e9f02840ee,0x48aae1669d4cf7988a227b3d68d9d6e9f02840ee,True,900.0,64086329,2026-09-16T00:40:14+00:00,0x353f13b8325a5ea50e4dd788a9d2392e8ed839158499059d477b39eb92df6087
