actor,side,transactions,eth,first,last,first_utc,last_utc
0xfc3c962fad2c1cc77f1a0d46e7b8a2de79a21774,buy,6,58.604,1789530257.6745248,1789530627.1652925,2026-09-16T03:44:17.674524784+00:00,2026-09-16T03:50:27.165292501+00:00
0xefa988eabbb2b768ab95ce5a194a910b0050f377,buy,11,53.361,1789531019.2,1789531615.8606088,2026-09-16T03:56:59.200000048+00:00,2026-09-16T04:06:55.860608816+00:00
0xd852e3a7a2abca6aecd0fa39147851ae96eba5d7,buy,2,39.2,1789531953.406705,1789531974.2342303,2026-09-16T04:12:33.406704903+00:00,2026-09-16T04:12:54.234230280+00:00
0x2408ce75d217e3a70d6ca370c78c1b34d706f5a0,buy,4,37.693624998724054,1789538502.8752,1789538997.875,2026-09-16T06:01:42.875200033+00:00,2026-09-16T06:09:57.875000+00:00
0xd4b4cab5cf150f46448a8b312cf4d96521953c5f,sell,5,33.21691540419546,1789531898.434054,1789534736.9221084,2026-09-16T04:11:38.434053898+00:00,2026-09-16T04:58:56.922108412+00:00
0xfb0d8b94027c5109ae89c5f08b025cc598cf6f49,buy,6,29.20302,1789531645.7000442,1789531972.1314514,2026-09-16T04:07:25.700044155+00:00,2026-09-16T04:12:52.131451368+00:00
0x493ee7f6e3a4fe66a5d7663ef7ad66d1c4a2d0cd,sell,1,29.090580329388242,1789538126.6386554,1789538126.6386554,2026-09-16T05:55:26.638655424+00:00,2026-09-16T05:55:26.638655424+00:00
0x5638484ba2d2f1d1d35020572b0aa439a9869192,sell,6,28.23452856253754,1789532106.0,1789532113.0,2026-09-16T04:15:06+00:00,2026-09-16T04:15:13+00:00
0x31caa6199d3fb1e193e968789aea8b7df4ba50af,sell,1,21.8075403116863,1789528073.4593875,1789528073.4593875,2026-09-16T03:07:53.459387541+00:00,2026-09-16T03:07:53.459387541+00:00
0x4ff25ae1b4bf1cee786d5458b43f116d3203d374,sell,1,20.409631296452247,1789532111.0,1789532111.0,2026-09-16T04:15:11+00:00,2026-09-16T04:15:11+00:00
0x72c2509fb0bc0284c0a5ec3d57c75ec40f519b37,buy,1,20.13471642629429,1789531412.0321367,1789531412.0321367,2026-09-16T04:03:32.032136679+00:00,2026-09-16T04:03:32.032136679+00:00
0x4ff25ae1b4bf1cee786d5458b43f116d3203d374,buy,2,19.491234109358956,1789531021.0,1789531041.0,2026-09-16T03:57:01+00:00,2026-09-16T03:57:21+00:00
0x4e0e372160ad718658ddeceda18fa5a26ecbce70,buy,2,19.404,1789538815.772,1789538824.66,2026-09-16T06:06:55.772000074+00:00,2026-09-16T06:07:04.660000086+00:00
0xf53483f3e48492f0870256ace2674666b16adaed,sell,1,16.287932152482718,1789533485.535,1789533485.535,2026-09-16T04:38:05.535000086+00:00,2026-09-16T04:38:05.535000086+00:00
0x11bc74e240c13f7067529b21dfb9933ff7fcb136,buy,6,15.68,1789528798.8664,1789539120.489,2026-09-16T03:19:58.866400003+00:00,2026-09-16T06:12:00.489000082+00:00
0x85c521838790918214ee343bbbd2701107906ba2,buy,1,11.76,1789539043.325,1789539043.325,2026-09-16T06:10:43.325000048+00:00,2026-09-16T06:10:43.325000048+00:00
0x681d22c5e615c7a876026ceba3dc36c6dde5b97d,buy,6,10.537095955428269,1789539082.513,1789539264.6297748,2026-09-16T06:11:22.513000011+00:00,2026-09-16T06:14:24.629774809+00:00
0xa65ce1d604fa901c13aa29f2126a57d9032e412b,sell,1,9.776280945608868,1789532856.807,1789532856.807,2026-09-16T04:27:36.806999922+00:00,2026-09-16T04:27:36.806999922+00:00
0xc2c66aec8165f0e94b692b088c5459e8ece2d493,buy,7,8.246699999999999,1789530183.5787828,1789530243.6808996,2026-09-16T03:43:03.578782797+00:00,2026-09-16T03:44:03.680899620+00:00
0xa6ebe798a17b351b0c04cd61654c7ca38860e253,buy,4,8.063592483060802,1789532632.893,1789532636.109,2026-09-16T04:23:52.892999887+00:00,2026-09-16T04:23:56.108999968+00:00
0xf955dab8bdb1158dc0df449997a057ab9eb4f774,sell,3,6.7600942985149235,1789537123.9651673,1789537132.674712,2026-09-16T05:38:43.965167284+00:00,2026-09-16T05:38:52.674711943+00:00
0x3d3809bbcc6e2d5ab9fd4c19ec23cb0c15169e69,buy,16,6.40332,1789527890.1884155,1789530370.6302621,2026-09-16T03:04:50.188415527+00:00,2026-09-16T03:46:10.630262136+00:00
0x8224c04a8f66557df682fd0581eb3724bd2bee07,sell,5,6.383020332156687,1789534750.3417277,1789539068.171,2026-09-16T04:59:10.341727734+00:00,2026-09-16T06:11:08.171000004+00:00
0xabe0cdd036456fcc1b64d1ddb7aa3bdf7d5b98b1,buy,2,6.367185162185558,1789530669.0400472,1789530756.0184531,2026-09-16T03:51:09.040047169+00:00,2026-09-16T03:52:36.018453121+00:00
0xf75f2f708e489299c992349a73baec209b400aa0,sell,2,6.149746744979233,1789537104.3436644,1789537112.352441,2026-09-16T05:38:24.343664408+00:00,2026-09-16T05:38:32.352441072+00:00
0xddeb5dae1e53d7ed06e4dbc14621cc9370b09881,buy,2,6.001452510922288,1789530481.9928825,1789530957.4,2026-09-16T03:48:01.992882490+00:00,2026-09-16T03:55:57.400000095+00:00
0xe90c0a6c84125e82b1f8f5f3167953e73338f964,sell,1,5.889018662846349,1789532122.0,1789532122.0,2026-09-16T04:15:22+00:00,2026-09-16T04:15:22+00:00
0x302d86e24d7474f0408a53e26a1111c041a94093,buy,2,5.573656283554521,1789528293.9274302,1789528308.3035953,2026-09-16T03:11:33.927430153+00:00,2026-09-16T03:11:48.303595304+00:00
0xcab21d30dbbe7ef86618e1aea139f6c8a9b44c98,buy,2,5.34014938695,1789530224.7542698,1789530240.157325,2026-09-16T03:43:44.754269838+00:00,2026-09-16T03:44:00.157325029+00:00
0x09f6ac34354fef95ebdd7824f3b36accb30f6b9c,buy,2,4.998616255615601,1789531060.3667524,1789531073.0449872,2026-09-16T03:57:40.366752386+00:00,2026-09-16T03:57:53.044987202+00:00
0xb390ef857bd733dd9b788d5757858c542b1715f2,buy,1,4.9,1789530510.7900355,1789530510.7900355,2026-09-16T03:48:30.790035486+00:00,2026-09-16T03:48:30.790035486+00:00
0xc36405b8384c21ead7f8ccbbc9c68da380a0c55b,buy,1,4.851,1789531188.3470438,1789531188.3470438,2026-09-16T03:59:48.347043753+00:00,2026-09-16T03:59:48.347043753+00:00
0x922f92543b7e493a5bdc368220f680cf460e04f2,buy,3,4.141978114179758,1789531096.7043703,1789535599.4376,2026-09-16T03:58:16.704370260+00:00,2026-09-16T05:13:19.437599897+00:00
0x8224c04a8f66557df682fd0581eb3724bd2bee07,buy,1,4.080878369784984,1789535462.6355352,1789535462.6355352,2026-09-16T05:11:02.635535240+00:00,2026-09-16T05:11:02.635535240+00:00
0x22e1b7ced9d2d50260ed2420ac063dd5ba57ded8,sell,1,4.073695572304365,1789536749.8032787,1789536749.8032787,2026-09-16T05:32:29.803278685+00:00,2026-09-16T05:32:29.803278685+00:00
0x0cc667c740a7ba482cd753597770db8ff8450023,sell,1,3.8676469132563795,1789528024.9021306,1789528024.9021306,2026-09-16T03:07:04.902130604+00:00,2026-09-16T03:07:04.902130604+00:00
0x091ff5ff1fbeb093f538146bf78018826822d2b3,sell,1,3.838792484234578,1789536025.1336,1789536025.1336,2026-09-16T05:20:25.133599997+00:00,2026-09-16T05:20:25.133599997+00:00
0xd9eb90019424e30d05b7e2a3144092225faa7b0c,sell,8,3.786313147745842,1789532047.3557215,1789532083.0763547,2026-09-16T04:14:07.355721474+00:00,2026-09-16T04:14:43.076354742+00:00
0xed3ad83572cce1e7db2ea644f19abf98fc096684,sell,1,3.6197827339740165,1789536748.6982908,1789536748.6982908,2026-09-16T05:32:28.698290825+00:00,2026-09-16T05:32:28.698290825+00:00
0xcfd019e65c3c47e712ab81c5b82805a8244bdf69,sell,2,3.5774132410465733,1789537300.5248,1789537775.1809404,2026-09-16T05:41:40.524800061+00:00,2026-09-16T05:49:35.180940390+00:00
0x7029bfa9a85ebf4653945be520dc3b7f1181f4af,buy,1,3.4202,1789531366.3924787,1789531366.3924787,2026-09-16T04:02:46.392478704+00:00,2026-09-16T04:02:46.392478704+00:00
0xa9076b5ba0aa393915cc4143653e7a01b96b5e12,buy,1,3.3957,1789532293.9608889,1789532293.9608889,2026-09-16T04:18:13.960888863+00:00,2026-09-16T04:18:13.960888863+00:00
0x6e83146b8c8e09cf7f05816dda67b74eaba2e751,sell,1,3.3680743611978636,1789533512.5695,1789533512.5695,2026-09-16T04:38:32.569499969+00:00,2026-09-16T04:38:32.569499969+00:00
0x7029bfa9a85ebf4653945be520dc3b7f1181f4af,sell,1,3.2389428443786548,1789537322.9024,1789537322.9024,2026-09-16T05:42:02.902400017+00:00,2026-09-16T05:42:02.902400017+00:00
0x5f1115f3d02030817f06ce4493966aa10189ba5b,sell,1,3.203637669635701,1789533523.6245,1789533523.6245,2026-09-16T04:38:43.624500036+00:00,2026-09-16T04:38:43.624500036+00:00
0xff00ee4bce74c07569f5b8704a0f26642b066300,sell,1,3.185652603909928,1789532111.0,1789532111.0,2026-09-16T04:15:11+00:00,2026-09-16T04:15:11+00:00
0x2b69c3251b373d8820e90a2580dcf2a84fcd00e6,sell,1,3.1757536973974414,1789532111.0,1789532111.0,2026-09-16T04:15:11+00:00,2026-09-16T04:15:11+00:00
0xff00ee4bce74c07569f5b8704a0f26642b066300,buy,3,3.137700203179161,1789531351.0105982,1789531356.9811966,2026-09-16T04:02:31.010598183+00:00,2026-09-16T04:02:36.981196642+00:00
0x8c509e461bcebe90711e3eb99a6ef1f1ddde3351,sell,3,3.120080636332606,1789535051.4446468,1789535121.6209567,2026-09-16T05:04:11.444646835+00:00,2026-09-16T05:05:21.620956659+00:00
0x2b69c3251b373d8820e90a2580dcf2a84fcd00e6,buy,3,3.1189700675460506,1789531351.0105982,1789531356.88,2026-09-16T04:02:31.010598183+00:00,2026-09-16T04:02:36.880000114+00:00
0x11bc74e240c13f7067529b21dfb9933ff7fcb136,sell,1,3.0549680643031554,1789531958.513454,1789531958.513454,2026-09-16T04:12:38.513453960+00:00,2026-09-16T04:12:38.513453960+00:00
0x854f1269b659a727a2268ab86ff77cfb30bfb358,buy,1,2.94,1789535450.4528475,1789535450.4528475,2026-09-16T05:10:50.452847481+00:00,2026-09-16T05:10:50.452847481+00:00
0x49224d70a64e7e7dd5dadfad610f039ea6d08c8e,buy,3,2.9105999999999996,1789531537.4147007,1789538830.013,2026-09-16T04:05:37.414700747+00:00,2026-09-16T06:07:10.013000011+00:00
0x5f1115f3d02030817f06ce4493966aa10189ba5b,buy,1,2.85933375,1789530261.802141,1789530261.802141,2026-09-16T03:44:21.802140951+00:00,2026-09-16T03:44:21.802140951+00:00
0x5140087842da3cbc55ff69ba74b4239af219c4b6,sell,3,2.754490375957673,1789534927.0,1789535716.3032,2026-09-16T05:02:07+00:00,2026-09-16T05:15:16.303200006+00:00
0x249571f65ef05cf04d76fcf45c106e6990442285,buy,5,2.706858,1789530273.5809479,1789532157.6577778,2026-09-16T03:44:33.580947876+00:00,2026-09-16T04:15:57.657777786+00:00
0xc3c570056e06370b9b4022c98174226d576570a5,sell,1,2.50780410829917,1789532111.0,1789532111.0,2026-09-16T04:15:11+00:00,2026-09-16T04:15:11+00:00
0x88eed6653cb255e03fcc3644befa52fd08c86a97,sell,1,2.4924683804837264,1789531178.0646958,1789531178.0646958,2026-09-16T03:59:38.064695834+00:00,2026-09-16T03:59:38.064695834+00:00
0xd026f7a62fad79952d2f136ebd598a71b0053da1,sell,1,2.4876873577390257,1789538341.7968,1789538341.7968,2026-09-16T05:59:01.796799898+00:00,2026-09-16T05:59:01.796799898+00:00
0xdaac35bca6f338399a89ea230a85ccddaa411725,sell,1,2.487253720476904,1789530241.768102,1789530241.768102,2026-09-16T03:44:01.768101931+00:00,2026-09-16T03:44:01.768101931+00:00
0xc3c570056e06370b9b4022c98174226d576570a5,buy,2,2.4588651711818406,1789531351.0105982,1789531353.8441026,2026-09-16T04:02:31.010598183+00:00,2026-09-16T04:02:33.844102621+00:00
0xd169335ec70ab4f3d3738935bce4d3a61c83382b,sell,1,2.4427793528081194,1789532111.0,1789532111.0,2026-09-16T04:15:11+00:00,2026-09-16T04:15:11+00:00
0x98153cf43e104ed590078840c12628d4289bf3df,buy,1,2.4255,1789530552.1423488,1789530552.1423488,2026-09-16T03:49:12.142348766+00:00,2026-09-16T03:49:12.142348766+00:00
0xd169335ec70ab4f3d3738935bce4d3a61c83382b,buy,2,2.408058245239732,1789531351.0105982,1789531353.8441026,2026-09-16T04:02:31.010598183+00:00,2026-09-16T04:02:33.844102621+00:00
0x4c9b853f9d2fe1379e66ac46ba5ce7f32d147108,sell,2,2.3124155862788918,1789533771.3472,1789533777.7856,2026-09-16T04:42:51.347199917+00:00,2026-09-16T04:42:57.785599947+00:00
0x327facc561234ebd02c933a4d4486fab6585c566,buy,6,2.265736218001522,1789530743.5064783,1789532060.5124378,2026-09-16T03:52:23.506478310+00:00,2026-09-16T04:14:20.512437820+00:00
0xec9db389ba9b0f9e293d2e01f19277eff54f3572,buy,1,2.26046218125,1789530600.8296034,1789530600.8296034,2026-09-16T03:50:00.829603434+00:00,2026-09-16T03:50:00.829603434+00:00
0x5a0132d32619a327a821b82ce0e0a9feaaa92a30,buy,2,2.2309054239887933,1789528059.0832224,1789529135.3734,2026-09-16T03:07:39.083222389+00:00,2026-09-16T03:25:35.373399973+00:00
0x35287d54a46bb7e3e2bb8b6266dc7dfa0ec8bb5e,sell,2,2.1696365883689492,1789527482.283,1789527970.2123835,2026-09-16T02:58:02.282999992+00:00,2026-09-16T03:06:10.212383509+00:00
0x86b578c35141ae8ad3fd594b5a247b5cacd6a1a0,sell,1,2.136519226423065,1789534355.5314,1789534355.5314,2026-09-16T04:52:35.531399965+00:00,2026-09-16T04:52:35.531399965+00:00
0x97c352902364c5ba49dda908592265aa9f489198,sell,1,2.0894842921049124,1789537322.6,1789537322.6,2026-09-16T05:42:02.599999905+00:00,2026-09-16T05:42:02.599999905+00:00
0xf53483f3e48492f0870256ace2674666b16adaed,buy,1,2.0772957051,1789528871.0972,1789528871.0972,2026-09-16T03:21:11.097199917+00:00,2026-09-16T03:21:11.097199917+00:00
0xee21b7e989bd5c42204592386e5821349e5782a1,sell,1,2.0416416915679183,1789536882.0,1789536882.0,2026-09-16T05:34:42+00:00,2026-09-16T05:34:42+00:00
0xfd120160214ae28b6ed280074b811ee811e1221f,buy,1,2.039783116359521,1789539095.643,1789539095.643,2026-09-16T06:11:35.642999887+00:00,2026-09-16T06:11:35.642999887+00:00
0x20b88e992c063b0d3dee60b101c09b3d8d74663b,buy,5,2.03742,1789529712.6278567,1789532748.5685,2026-09-16T03:35:12.627856731+00:00,2026-09-16T04:25:48.568500042+00:00
0x8f86b823cd79b0cbc328e18b1cc0c66cc1b583f5,buy,1,2.0280037413306227,1789530560.6120996,1789530560.6120996,2026-09-16T03:49:20.612099648+00:00,2026-09-16T03:49:20.612099648+00:00
0xa5b04e4089c029c8353e09ecdf1178d2968b72ee,buy,2,1.9787391451956657,1789535578.9248292,1789535610.3812,2026-09-16T05:12:58.924829245+00:00,2026-09-16T05:13:30.381200075+00:00
0xe4385370a92c6ab64758bc7a9f672e5c1d022ba1,buy,1,1.9502,1789530824.0,1789530824.0,2026-09-16T03:53:44+00:00,2026-09-16T03:53:44+00:00
0x863879e4df119cd5e7576cdb1e72ddaa74301e83,buy,2,1.9404,1789528028.8229027,1789528072.0519307,2026-09-16T03:07:08.822902679+00:00,2026-09-16T03:07:52.051930666+00:00
0x11dd408954faf2b78611de3e2b5f1d19901d54f0,buy,1,1.9404,1789539054.637,1789539054.637,2026-09-16T06:10:54.637000084+00:00,2026-09-16T06:10:54.637000084+00:00
0x9882784c24006535c60ee1caf863b0e8ee70836a,buy,2,1.9404,1789532842.2345,1789532866.254,2026-09-16T04:27:22.234499931+00:00,2026-09-16T04:27:46.253999949+00:00
0x660e0670d461913ccea270fd357ce1f8bd656290,buy,1,1.9279843062109965,1789531436.5217094,1789531436.5217094,2026-09-16T04:03:56.521709442+00:00,2026-09-16T04:03:56.521709442+00:00
0x89b585df208c727829232d892a50806c3a20a4e6,sell,1,1.9172015939950666,1789536739.255668,1789536739.255668,2026-09-16T05:32:19.255667925+00:00,2026-09-16T05:32:19.255667925+00:00
0x4e0e372160ad718658ddeceda18fa5a26ecbce70,sell,1,1.9001134742053356,1789538785.169,1789538785.169,2026-09-16T06:06:25.168999910+00:00,2026-09-16T06:06:25.168999910+00:00
0x76475295f23efe2a7c3edeb8feab5ddeb72783b9,buy,5,1.8433799999999998,1789530524.9395018,1789539065.747,2026-09-16T03:48:44.939501762+00:00,2026-09-16T06:11:05.746999979+00:00
0x8481af90ca42a64c4161b623634369d29c52d56b,buy,1,1.824283471844492,1789539186.139,1789539186.139,2026-09-16T06:13:06.138999939+00:00,2026-09-16T06:13:06.138999939+00:00
0x49224d70a64e7e7dd5dadfad610f039ea6d08c8e,sell,1,1.8216492775045483,1789535348.3599088,1789535348.3599088,2026-09-16T05:09:08.359908819+00:00,2026-09-16T05:09:08.359908819+00:00
0xa23aeda16421dc59c41dc59b3692e59db80954d6,buy,3,1.7962003515014944,1789530887.1,1789531164.587832,2026-09-16T03:54:47.099999905+00:00,2026-09-16T03:59:24.587831974+00:00
0x7c7b412019186684b51bdd98d4cbc33ccf1eee7d,sell,5,1.7651764816250062,1789534494.3594,1789534824.0494876,2026-09-16T04:54:54.359400034+00:00,2026-09-16T05:00:24.049487591+00:00
0xe0380e347e1bbd3ba74d2b591424e2175c7da1d5,sell,1,1.7631790146543371,1789533706.9632,1789533706.9632,2026-09-16T04:41:46.963200092+00:00,2026-09-16T04:41:46.963200092+00:00
0x86b578c35141ae8ad3fd594b5a247b5cacd6a1a0,buy,1,1.73598416376,1789530573.7875934,1789530573.7875934,2026-09-16T03:49:33.787593365+00:00,2026-09-16T03:49:33.787593365+00:00
0xa94fb35292b10e8172695e3bd7980b49191bebf1,sell,1,1.72444605583314,1789532080.046798,1789532080.046798,2026-09-16T04:14:40.046797991+00:00,2026-09-16T04:14:40.046797991+00:00
0x6594b6de59288e82b9ec6529d2ade6ff8e9c0714,sell,2,1.702393997413186,1789534088.7402,1789537425.2144,2026-09-16T04:48:08.740200043+00:00,2026-09-16T05:43:45.214400053+00:00
0xee1338f0f9324b97580f1351ea0a30f474e4a67a,sell,1,1.656006517617841,1789532603.4465,1789532603.4465,2026-09-16T04:23:23.446500063+00:00,2026-09-16T04:23:23.446500063+00:00
0xe28fc48e2bf590cfd71f3992fadae4be7750bc71,buy,5,1.64934,1789528107.8415446,1789531094.7077978,2026-09-16T03:08:27.841544628+00:00,2026-09-16T03:58:14.707797766+00:00
0x1051ff523ba8402b46094514df289c4977cdb365,buy,1,1.6129575,1789539041.204,1789539041.204,2026-09-16T06:10:41.203999996+00:00,2026-09-16T06:10:41.203999996+00:00
0x378c254dd87217076d17803449a31850a71e0638,buy,2,1.5731621221179029,1789539051.102,1789539057.97,2026-09-16T06:10:51.101999998+00:00,2026-09-16T06:10:57.970000029+00:00
0x03afdf296450f1fd66a9bdceaad117c8e99e5c0b,sell,1,1.4865405821630666,1789535462.1321185,1789535462.1321185,2026-09-16T05:11:02.132118463+00:00,2026-09-16T05:11:02.132118463+00:00
0x98ba4c6ee9bc6be805012e55c918b46f67221b49,buy,1,1.47,1789535174.9831436,1789535174.9831436,2026-09-16T05:06:14.983143568+00:00,2026-09-16T05:06:14.983143568+00:00
0xcbbfece866a198f01ebd93b4ebe2d674542bec7c,buy,1,1.47,1789530868.2,1789530868.2,2026-09-16T03:54:28.200000048+00:00,2026-09-16T03:54:28.200000048+00:00
0xbe493ceac5425c2634e62aa7b284045bcdb1c1dc,sell,2,1.4653041982287371,1789537235.5874932,1789538227.6806722,2026-09-16T05:40:35.587493181+00:00,2026-09-16T05:57:07.680672169+00:00
0x9ec2bcc1aa4a0f0716057dec17ec6a1389d2d743,sell,1,1.4397544821799257,1789535387.8277905,1789535387.8277905,2026-09-16T05:09:47.827790499+00:00,2026-09-16T05:09:47.827790499+00:00
0x68a8376828d11ec5c6532cb871a6d8a0ddbea7cb,buy,15,1.3825349999999998,1789539133.316,1789539235.629,2026-09-16T06:12:13.315999985+00:00,2026-09-16T06:13:55.628999949+00:00
0xf24022ba0fea5926d30fba8fece6d7a852732989,buy,3,1.35828,1789527521.076,1789529263.739,2026-09-16T02:58:41.075999975+00:00,2026-09-16T03:27:43.739000082+00:00
0x368564edf8ec2d3cbe8ec3ad265a3207e663b93c,buy,3,1.2985552090002566,1789527476.052,1789530821.0,2026-09-16T02:57:56.052000046+00:00,2026-09-16T03:53:41+00:00
0x46637448c9832bc6b3d302e2082fcc6232b3a4ba,buy,2,1.2935029038881172,1789538004.5210085,1789538013.697479,2026-09-16T05:53:24.521008492+00:00,2026-09-16T05:53:33.697479010+00:00
0x9d8939249ddfff51d9d7397f78e26d4ec6019252,sell,7,1.2887086707499673,1789527776.687084,1789527887.4740345,2026-09-16T03:02:56.687083960+00:00,2026-09-16T03:04:47.474034548+00:00
0x0d6d67d527462e27167a9f4182b5b462d88ca4d3,buy,1,1.2542387383827769,1789531478.6194873,1789531478.6194873,2026-09-16T04:04:38.619487286+00:00,2026-09-16T04:04:38.619487286+00:00
0x7854e417098202b3a98cb4fe168bbc2d5bf6fbff,sell,1,1.245147605740368,1789534331.3874,1789534331.3874,2026-09-16T04:52:11.387399912+00:00,2026-09-16T04:52:11.387399912+00:00
0xe4b5788f40442066140fd74552c8ee8ce42a034a,buy,1,1.2185117539546322,1789530571.2650177,1789530571.2650177,2026-09-16T03:49:31.265017748+00:00,2026-09-16T03:49:31.265017748+00:00
0xc252b35e96f8623f78d18faced77518acc68b185,buy,1,1.2152,1789530517.7651246,1789530517.7651246,2026-09-16T03:48:37.765124559+00:00,2026-09-16T03:48:37.765124559+00:00
0x0334dae5308f01e0d7e23b9d0a4bbecc58a56e15,buy,3,1.21275,1789530545.7651246,1789530616.267766,2026-09-16T03:49:05.765124559+00:00,2026-09-16T03:50:16.267765998+00:00
0x690de3a521741d3fba8bd95923518e79772ffcbf,buy,1,1.194671215640394,1789530352.3076737,1789530352.3076737,2026-09-16T03:45:52.307673693+00:00,2026-09-16T03:45:52.307673693+00:00
0xfbde170c8ef4aa8a622995317457d4dd67dbbc4b,sell,2,1.18302874266007,1789537360.7024,1789537366.7504,2026-09-16T05:42:40.702399969+00:00,2026-09-16T05:42:46.750400066+00:00
0x0d369277848b874b89605a9ade26d0f3039f8c93,buy,1,1.1587742237856098,1789538992.118,1789538992.118,2026-09-16T06:09:52.118000031+00:00,2026-09-16T06:09:52.118000031+00:00
0x371c3ddc3cb2a6f98195b12821f020087df2a85b,sell,1,1.1096258470268103,1789533024.3405,1789533024.3405,2026-09-16T04:30:24.340500116+00:00,2026-09-16T04:30:24.340500116+00:00
0x218f49de1159fe99c59e16907de16ba1ac42d498,sell,2,1.1024890254505646,1789538116.7563026,1789538128.857143,2026-09-16T05:55:16.756302595+00:00,2026-09-16T05:55:28.857142925+00:00
0x4280fd97f782a3fc6634fcc1c3285e13bcd029ec,sell,1,1.078650032243561,1789534977.9457858,1789534977.9457858,2026-09-16T05:02:57.945785761+00:00,2026-09-16T05:02:57.945785761+00:00
0xb359dc5f627ea13c0b502ff7974434ac8103a404,sell,1,1.0677781066254464,1789537705.0352,1789537705.0352,2026-09-16T05:48:25.035200119+00:00,2026-09-16T05:48:25.035200119+00:00
0xed3ad83572cce1e7db2ea644f19abf98fc096684,buy,1,1.0571465354426726,1789527647.0,1789527647.0,2026-09-16T03:00:47+00:00,2026-09-16T03:00:47+00:00
0xf134e7f84a2cfc459c46432537a71db31cc50025,sell,1,1.052315610345926,1789536426.834,1789536426.834,2026-09-16T05:27:06.834000111+00:00,2026-09-16T05:27:06.834000111+00:00
0xf24022ba0fea5926d30fba8fece6d7a852732989,sell,1,1.0395478849038844,1789537787.7229218,1789537787.7229218,2026-09-16T05:49:47.722921848+00:00,2026-09-16T05:49:47.722921848+00:00
0xa91392aea58fc1543b0d9b314b0cfab7e1dc7da6,buy,1,1.0145324414462846,1789531611.1543891,1789531611.1543891,2026-09-16T04:06:51.154389143+00:00,2026-09-16T04:06:51.154389143+00:00
0x76475295f23efe2a7c3edeb8feab5ddeb72783b9,sell,1,1.0067328246153031,1789535335.2710707,1789535335.2710707,2026-09-16T05:08:55.271070719+00:00,2026-09-16T05:08:55.271070719+00:00
0x362930cb6695b4623b300b96755cf1841a9b6766,buy,1,0.9813933178982366,1789530865.2,1789530865.2,2026-09-16T03:54:25.200000048+00:00,2026-09-16T03:54:25.200000048+00:00
0xd93fcfb0c238a4e3e3699997967fe35c5e8f2e4c,buy,1,0.9751,1789530732.0035336,1789530732.0035336,2026-09-16T03:52:12.003533602+00:00,2026-09-16T03:52:12.003533602+00:00
0xe3ba37b87eb64cd3f14ceb1ba4d4f1ebc72fd592,buy,1,0.9702,1789531057.7712083,1789531057.7712083,2026-09-16T03:57:37.771208286+00:00,2026-09-16T03:57:37.771208286+00:00
0x1931694c73fa7dbc92859657c225d09a26024592,buy,2,0.9702,1789527939.1478028,1789527943.169108,2026-09-16T03:05:39.147802830+00:00,2026-09-16T03:05:43.169107914+00:00
0xc16840a627035b8085f50843e28ba16176fe7757,buy,3,0.9688087294393452,1789531435.2061539,1789531442.897094,2026-09-16T04:03:55.206153870+00:00,2026-09-16T04:04:02.897094011+00:00
0x28f7219ce74a4e985d6ab83ac2147eb51ffe2f41,buy,1,0.934380216,1789528713.0546,1789528713.0546,2026-09-16T03:18:33.054600+00:00,2026-09-16T03:18:33.054600+00:00
0xf605c7d652a2aa7a0ab843e130a84b2c2afbdb75,sell,1,0.9077339535431022,1789532989.668,1789532989.668,2026-09-16T04:29:49.667999983+00:00,2026-09-16T04:29:49.667999983+00:00
0xa08725997a516ed72610a4e31a81521e35a24674,sell,1,0.841875487582506,1789536061.6792,1789536061.6792,2026-09-16T05:21:01.679199934+00:00,2026-09-16T05:21:01.679199934+00:00
0xef85438f84e39eea483fe18c03827c400b9ac5c4,buy,1,0.8404068258522317,1789531092.2120821,1789531092.2120821,2026-09-16T03:58:12.212082148+00:00,2026-09-16T03:58:12.212082148+00:00
0xa984149da86ad9cc8d67a47e3d7b57adb1415502,buy,1,0.8111428039896507,1789538793.249,1789538793.249,2026-09-16T06:06:33.249000072+00:00,2026-09-16T06:06:33.249000072+00:00
0x539f0cf2989a4d53f84b18b290c15e810aaa15b0,buy,1,0.80647875,1789528551.391478,1789528551.391478,2026-09-16T03:15:51.391478062+00:00,2026-09-16T03:15:51.391478062+00:00
0x8ed83349a051ab7d8c1baa92bba18cc211b6c4f2,buy,1,0.7862025527490719,1789530346.065913,1789530346.065913,2026-09-16T03:45:46.065912962+00:00,2026-09-16T03:45:46.065912962+00:00
0xa1a5a372dfae18884b2930b91df4f86cec8da1ad,buy,1,0.785862,1789530268.245249,1789530268.245249,2026-09-16T03:44:28.245249033+00:00,2026-09-16T03:44:28.245249033+00:00
0xa4a5cc8c29353f333d031f7df7a717ef86caa7de,buy,1,0.7682282742982939,1789530926.3,1789530926.3,2026-09-16T03:55:26.299999952+00:00,2026-09-16T03:55:26.299999952+00:00
0x7db57e5dce8ad40e22c9738a4a643f5e6f555780,buy,2,0.7591197516098032,1789539087.058,1789539093.926,2026-09-16T06:11:27.058000088+00:00,2026-09-16T06:11:33.926000118+00:00
0xa15abda1e48fab088bd37fbd4390641326036fc2,buy,1,0.7293949247209742,1789538571.9232,1789538571.9232,2026-09-16T06:02:51.923199892+00:00,2026-09-16T06:02:51.923199892+00:00
0xdc97637f36ee0b2eaf196cef46335c4a0eeef02e,sell,1,0.7238901728336433,1789535330.438269,1789535330.438269,2026-09-16T05:08:50.438268900+00:00,2026-09-16T05:08:50.438268900+00:00
0x77edd79cb7a68ea1623edecc215e48daa6329a4b,buy,1,0.7099159357007006,1789531433.6882052,1789531433.6882052,2026-09-16T04:03:53.688205242+00:00,2026-09-16T04:03:53.688205242+00:00
0xa1685b2cb971eea7e08506a6fc1212a8b5dafdff,buy,2,0.6992016595142816,1789538680.384,1789538744.1904,2026-09-16T06:04:40.384000063+00:00,2026-09-16T06:05:44.190399885+00:00
0x8908253a36effaf7c284dc044f22d90fc9a3139d,buy,6,0.6949013947120675,1789530970.6,1789535309.4961276,2026-09-16T03:56:10.599999905+00:00,2026-09-16T05:08:29.496127605+00:00
0xc348f4b6dbf1b156d802810db2f6d59f36c837bf,buy,2,0.6908834625,1789530965.7,1789530995.9,2026-09-16T03:56:05.700000048+00:00,2026-09-16T03:56:35.900000095+00:00
0x1c24cbbeafcd28d634ed13875b73d0eab59e6de5,sell,1,0.6660620187741757,1789533739.6582,1789533739.6582,2026-09-16T04:42:19.658200026+00:00,2026-09-16T04:42:19.658200026+00:00
0xdfb394da326cfa4e1b8ba52699dd01c9ee86c5a7,buy,1,0.662949665671781,1789530985.4,1789530985.4,2026-09-16T03:56:25.400000095+00:00,2026-09-16T03:56:25.400000095+00:00
0x47b6acc9d98d5e711486bf859913f4c0115af871,sell,1,0.6590951294885106,1789527881.4420772,1789527881.4420772,2026-09-16T03:04:41.442077160+00:00,2026-09-16T03:04:41.442077160+00:00
0x36f552bea24c2fabd6680414e41355542535b727,buy,1,0.6578060018828021,1789535434.8469248,1789535434.8469248,2026-09-16T05:10:34.846924782+00:00,2026-09-16T05:10:34.846924782+00:00
0xc2c66aec8165f0e94b692b088c5459e8ece2d493,sell,2,0.6544898478239698,1789531439.6588035,1789532090.7512314,2026-09-16T04:03:59.658803463+00:00,2026-09-16T04:14:50.751231432+00:00
0x399a150a60ebd8ee91461cbc99829cfc0ada9855,sell,1,0.6501609008193207,1789534768.368082,1789534768.368082,2026-09-16T04:59:28.368082047+00:00,2026-09-16T04:59:28.368082047+00:00
0xb814b53358501bdaed5e7286c797e176d43c6920,sell,1,0.6387531500032217,1789536398.5212,1789536398.5212,2026-09-16T05:26:38.521199942+00:00,2026-09-16T05:26:38.521199942+00:00
0x888c51006107bdc014d0d2f281ab243f5842aaaa,sell,2,0.6216190543599227,1789538325.064,1789538734.0096,2026-09-16T05:58:45.063999891+00:00,2026-09-16T06:05:34.009599924+00:00
0xaff726578eb3e36219ba17d8a12578a3160c1fcc,sell,3,0.6187965763799271,1789531898.434054,1789532949.3675,2026-09-16T04:11:38.434053898+00:00,2026-09-16T04:29:09.367500067+00:00
0xb69b196d919e120fcdfcb1d26d8b70320a378f1f,sell,2,0.6151377441380453,1789537678.424,1789537826.5528967,2026-09-16T05:47:58.424000025+00:00,2026-09-16T05:50:26.552896738+00:00
0xdf0944d413f83abeba6bc23891bc183bb9d6a77b,buy,1,0.6098489304919956,1789539227.65,1789539227.65,2026-09-16T06:13:47.650000095+00:00,2026-09-16T06:13:47.650000095+00:00
0x792c4efe6c9df1e3f3147e52309cec998c856067,buy,2,0.5883920924713814,1789530987.4,1789531036.959596,2026-09-16T03:56:27.400000095+00:00,2026-09-16T03:57:16.959595919+00:00
0x6ba9ad599e6271252817933831e3148936cf742a,buy,2,0.5878893089999999,1789529014.8546,1789530765.4024343,2026-09-16T03:23:34.854599953+00:00,2026-09-16T03:52:45.402434349+00:00
0xab078f1e310c3f6b9a6b6c91f23c6cb5f09fe61c,buy,1,0.5665968,1789530273.1782537,1789530273.1782537,2026-09-16T03:44:33.178253651+00:00,2026-09-16T03:44:33.178253651+00:00
0xf829bdab49a80dbcefec333beff4d2aa5db1fcef,sell,1,0.562498746036671,1789535559.9963553,1789535559.9963553,2026-09-16T05:12:39.996355295+00:00,2026-09-16T05:12:39.996355295+00:00
0xb35f51643dd273c2b74290357d425f8fc3c86886,sell,4,0.5617427724224149,1789533399.4065,1789535291.3731208,2026-09-16T04:36:39.406500101+00:00,2026-09-16T05:08:11.373120785+00:00
0x08b36fd2bd5390df9144216db48d44e1926a6499,buy,2,0.5471566772674322,1789535723.532,1789538667.784,2026-09-16T05:15:23.532000064+00:00,2026-09-16T06:04:27.783999920+00:00
0xed9d9777eed4bdde1b337739c0abf5d059aad7b2,sell,1,0.512050371595721,1789527788.0472703,1789527788.0472703,2026-09-16T03:03:08.047270298+00:00,2026-09-16T03:03:08.047270298+00:00
0x9c26bf36c5b53620abc504d3ff16adc824807a1b,sell,1,0.503775334097483,1789535146.7917995,1789535146.7917995,2026-09-16T05:05:46.791799545+00:00,2026-09-16T05:05:46.791799545+00:00
0x1adbf57c96c0a16ca350d1ffca130f11667ce6a8,sell,1,0.5016734771719157,1789534175.2562,1789534175.2562,2026-09-16T04:49:35.256200075+00:00,2026-09-16T04:49:35.256200075+00:00
0xd26a2bd8a59ea00bd836142cc6be9717361a3b51,buy,1,0.5001390397593922,1789529165.0504,1789529165.0504,2026-09-16T03:26:05.050400019+00:00,2026-09-16T03:26:05.050400019+00:00
0x9c26bf36c5b53620abc504d3ff16adc824807a1b,buy,1,0.49584323002220937,1789530727.9674127,1789530727.9674127,2026-09-16T03:52:07.967412710+00:00,2026-09-16T03:52:07.967412710+00:00
0x63e0c6b4390dcb1a8c9670d9b843d7a5a2383bee,sell,1,0.4926060777941503,1789532120.5,1789532120.5,2026-09-16T04:15:20.500000+00:00,2026-09-16T04:15:20.500000+00:00
0x4280fd97f782a3fc6634fcc1c3285e13bcd029ec,buy,1,0.49,1789527687.011984,1789527687.011984,2026-09-16T03:01:27.011984110+00:00,2026-09-16T03:01:27.011984110+00:00
0xf777b79d1105378cee614978c68b89383b0ca362,buy,1,0.48804,1789529426.5098,1789529426.5098,2026-09-16T03:30:26.509799957+00:00,2026-09-16T03:30:26.509799957+00:00
0x7895a0a2d2898401aefdacc8b205e7b6b5804f7a,sell,1,0.4878932533711692,1789532897.3085,1789532897.3085,2026-09-16T04:28:17.308500051+00:00,2026-09-16T04:28:17.308500051+00:00
0xe463e91b5ac588e24ac810d403795f08f86822d9,buy,1,0.4851,1789528380.2849534,1789528380.2849534,2026-09-16T03:13:00.284953356+00:00,2026-09-16T03:13:00.284953356+00:00
0x015f316f30450c87c92492df4405bd1c238007d8,buy,1,0.4851,1789535159.880638,1789535159.880638,2026-09-16T05:05:59.880637884+00:00,2026-09-16T05:05:59.880637884+00:00
0xf04707ba30b883d9a7ef5511ab9ddb95125d5d57,sell,1,0.48002005981714313,1789535201.4628701,1789535201.4628701,2026-09-16T05:06:41.462870121+00:00,2026-09-16T05:06:41.462870121+00:00
0x5ab2d1f5069dd2f9aeec3b0a8e923b1cdbe7fc44,buy,2,0.476955597125076,1789530592.3537495,1789530619.3957598,2026-09-16T03:49:52.353749514+00:00,2026-09-16T03:50:19.395759821+00:00
0xb8d1047861979e496ead3c37dd0370d122b095d2,sell,1,0.4627389355720328,1789537542.6464,1789537542.6464,2026-09-16T05:45:42.646399975+00:00,2026-09-16T05:45:42.646399975+00:00
0x7895a0a2d2898401aefdacc8b205e7b6b5804f7a,buy,3,0.44269539999999996,1789530280.5274236,1789530396.9964414,2026-09-16T03:44:40.527423620+00:00,2026-09-16T03:46:36.996441364+00:00
0xb102d533bd560fbeac85d88646f51218d66a8d49,sell,1,0.43169551956500885,1789527838.2130492,1789527838.2130492,2026-09-16T03:03:58.213049173+00:00,2026-09-16T03:03:58.213049173+00:00
0x82964982c02890483fe4b2ce66121e10c294a477,buy,1,0.4287610187751314,1789530586.097762,1789530586.097762,2026-09-16T03:49:46.097762108+00:00,2026-09-16T03:49:46.097762108+00:00
0xfefc03fbb02f682d87e852a0cccbe393e62494a5,sell,1,0.4244586039436911,1789534928.7116172,1789534928.7116172,2026-09-16T05:02:08.711617231+00:00,2026-09-16T05:02:08.711617231+00:00
0x4bf00015f2e85d44e76305b475a2cc3d5cb9ae65,buy,1,0.4077482214605331,1789530567.3297997,1789530567.3297997,2026-09-16T03:49:27.329799652+00:00,2026-09-16T03:49:27.329799652+00:00
0x912a54a98f2f4e34de6bd406e08ec901ba8d0ef7,buy,2,0.4075499588132963,1789531201.923736,1789531219.293916,2026-09-16T04:00:01.923736095+00:00,2026-09-16T04:00:19.293915987+00:00
0xfefc03fbb02f682d87e852a0cccbe393e62494a5,buy,1,0.40626478067484245,1789530493.252669,1789530493.252669,2026-09-16T03:48:13.252669095+00:00,2026-09-16T03:48:13.252669095+00:00
0x8f6581ed8367be44a0a667aafa5671c487f05020,buy,1,0.4058311210644746,1789530558.2206407,1789530558.2206407,2026-09-16T03:49:18.220640659+00:00,2026-09-16T03:49:18.220640659+00:00
0x23e59d153ce3749dde9ce684d1a12cdd311e603c,buy,1,0.40497981208972256,1789538580.592,1789538580.592,2026-09-16T06:03:00.592000008+00:00,2026-09-16T06:03:00.592000008+00:00
0xba8c79d7754274ea438f83cad48718554be76f96,buy,1,0.40462311687627855,1789531379.6492307,1789531379.6492307,2026-09-16T04:02:59.649230719+00:00,2026-09-16T04:02:59.649230719+00:00
0xe3bd7db2cf3995f50efff974ada6f918ac68692c,sell,1,0.40454763410624517,1789536061.6792,1789536061.6792,2026-09-16T05:21:01.679199934+00:00,2026-09-16T05:21:01.679199934+00:00
0x4900a41c086e7c14683a618ca67c18afbd35337d,buy,1,0.40341605810309383,1789529007.6114,1789529007.6114,2026-09-16T03:23:27.611399889+00:00,2026-09-16T03:23:27.611399889+00:00
0xa94fb35292b10e8172695e3bd7980b49191bebf1,buy,1,0.40260930343658946,1789529076.9248,1789529076.9248,2026-09-16T03:24:36.924799919+00:00,2026-09-16T03:24:36.924799919+00:00
0x35db4d9df0e5c161bddb3c6b62bf44d1d160270a,buy,1,0.4001928,1789530662.0777385,1789530662.0777385,2026-09-16T03:51:02.077738523+00:00,2026-09-16T03:51:02.077738523+00:00
0xbe0ca442d6b7d81e0faa7dbfd09331019f893f89,buy,1,0.3987861066962431,1789535272.8473804,1789535272.8473804,2026-09-16T05:07:52.847380400+00:00,2026-09-16T05:07:52.847380400+00:00
0x6446b9817b282df1051ea8d0cff042847fb34600,buy,2,0.398257051194452,1789530144.416767,1789530174.316815,2026-09-16T03:42:24.416766882+00:00,2026-09-16T03:42:54.316814899+00:00
0xd416c92a9899840ceac62031a4936eb46522a37f,sell,1,0.3857282844765786,1789534118.3166,1789534118.3166,2026-09-16T04:48:38.316600084+00:00,2026-09-16T04:48:38.316600084+00:00
0x6f7a08594370b39d23f87913e8527a433e415c7a,sell,2,0.35811397938241396,1789529326.7146,1789536924.4465168,2026-09-16T03:28:46.714600086+00:00,2026-09-16T05:35:24.446516752+00:00
0x8908253a36effaf7c284dc044f22d90fc9a3139d,sell,3,0.3466442352241714,1789534591.4093704,1789538124.8235295,2026-09-16T04:56:31.409370422+00:00,2026-09-16T05:55:24.823529482+00:00
0x514677b2ffdd0cb98bd5831897ffa986794620ce,sell,1,0.34504110830435775,1789531152.4087403,1789531152.4087403,2026-09-16T03:59:12.408740282+00:00,2026-09-16T03:59:12.408740282+00:00
0x9a6bb5d6a2ef968da3c12634ebea2615dc7d4bb5,buy,2,0.34503663238526255,1789539312.1988246,1789539356.8139079,2026-09-16T06:15:12.198824644+00:00,2026-09-16T06:15:56.813907862+00:00
0x6d22c8a7fa7018ad176c53cc9ca0df69795622e9,sell,1,0.3440444506173385,1789528534.3009322,1789528534.3009322,2026-09-16T03:15:34.300932169+00:00,2026-09-16T03:15:34.300932169+00:00
0x514677b2ffdd0cb98bd5831897ffa986794620ce,buy,1,0.335857274610827,1789530620.707499,1789530620.707499,2026-09-16T03:50:20.707499027+00:00,2026-09-16T03:50:20.707499027+00:00
0x8dd66d34a93bb2e49c52ca6fdc0ac0c05c9e2172,buy,1,0.33455194181531084,1789539108.975,1789539108.975,2026-09-16T06:11:48.974999905+00:00,2026-09-16T06:11:48.974999905+00:00
0xefe3010eaf9afeda1f50a446e85a8f8f5596ec6d,buy,1,0.3344816559218079,1789538755.6816,1789538755.6816,2026-09-16T06:05:55.681600094+00:00,2026-09-16T06:05:55.681600094+00:00
0x1e0cf3c380579586d15331c34267ef08864eea27,sell,1,0.33158492033821396,1789535199.4492028,1789535199.4492028,2026-09-16T05:06:39.449202776+00:00,2026-09-16T05:06:39.449202776+00:00
0xfe343dc8a41e57725ef407647f1bc4e0037a9452,sell,1,0.3300605404149882,1789531152.508569,1789531152.508569,2026-09-16T03:59:12.508569002+00:00,2026-09-16T03:59:12.508569002+00:00
0xe55b5829a06eb333118eaacc66edfc4796cf181b,buy,1,0.3246850840328357,1789539203.511,1789539203.511,2026-09-16T06:13:23.510999918+00:00,2026-09-16T06:13:23.510999918+00:00
0x23bf7a10f21ae365448c094b3ee3413d0d55740a,buy,2,0.32271570074342504,1789527653.7356858,1789528978.035,2026-09-16T03:00:53.735685825+00:00,2026-09-16T03:22:58.035000086+00:00
0xfe343dc8a41e57725ef407647f1bc4e0037a9452,buy,1,0.3213870710960067,1789530620.909305,1789530620.909305,2026-09-16T03:50:20.909305096+00:00,2026-09-16T03:50:20.909305096+00:00
0xced113516647ea678d8ac70ddd24d22bd25b526b,buy,1,0.3046346623793678,1789530150.0544865,1789530150.0544865,2026-09-16T03:42:30.054486513+00:00,2026-09-16T03:42:30.054486513+00:00
0x14d6217818368e45167022c004e20a42b5d5fa20,sell,2,0.30418362673771837,1789535785.3784,1789535914.8944,2026-09-16T05:16:25.378400087+00:00,2026-09-16T05:18:34.894399881+00:00
0xf134e7f84a2cfc459c46432537a71db31cc50025,buy,1,0.294,1789531541.260171,1789531541.260171,2026-09-16T04:05:41.260170937+00:00,2026-09-16T04:05:41.260170937+00:00
0x70062e892b027f0e26900a14f97a384e6d2ca0c2,buy,1,0.294,1789528998.5574,1789528998.5574,2026-09-16T03:23:18.557399988+00:00,2026-09-16T03:23:18.557399988+00:00
0xa802afd896e4574dced437cd179cf49b87bcbaaa,sell,1,0.29396213376161967,1789528554.7102,1789528554.7102,2026-09-16T03:15:54.710200071+00:00,2026-09-16T03:15:54.710200071+00:00
0x660fa2c5350833408a20389957a97b586e0578b6,buy,1,0.29303332065,1789530872.8,1789530872.8,2026-09-16T03:54:32.799999952+00:00,2026-09-16T03:54:32.799999952+00:00
0xcf4e890f43b6fdccae192a414aa0b6247e19663e,sell,2,0.2914876341315268,1789533575.583,1789535868.0076,2026-09-16T04:39:35.582999945+00:00,2026-09-16T05:17:48.007600069+00:00
0xf48bf3857ca5774e9b84f9d9506d1e066e556276,sell,1,0.29061104899506396,1789531834.7498896,1789531834.7498896,2026-09-16T04:10:34.749889612+00:00,2026-09-16T04:10:34.749889612+00:00
0x1a5861a1d957e24eafb5d28111e593bd118f06c5,sell,2,0.28645983170735184,1789527876.7170439,1789528070.644474,2026-09-16T03:04:36.717043877+00:00,2026-09-16T03:07:50.644474030+00:00
0xf3507e71c5c2deb5f56e9d5c88e4deb880033729,buy,3,0.2846131088045804,1789528877.7368,1789530067.6028385,2026-09-16T03:21:17.736799955+00:00,2026-09-16T03:41:07.602838516+00:00
0x3205c07eb8d4f59fa709d64ca68c51d427094be4,buy,2,0.2800315957301439,1789531406.0615385,1789536177.5408,2026-09-16T04:03:26.061538458+00:00,2026-09-16T05:22:57.540800095+00:00
0xdb93342558502d4f522e774eac55d71bff8e6130,buy,1,0.2793,1789531149.913025,1789531149.913025,2026-09-16T03:59:09.913024902+00:00,2026-09-16T03:59:09.913024902+00:00
0x5a5c8e28afff836db854d7817f5937b18946104c,sell,1,0.26788421567970366,1789537413.7232,1789537413.7232,2026-09-16T05:43:33.723200083+00:00,2026-09-16T05:43:33.723200083+00:00
0x3d12cd00dcbbe947552ae408020c475394dc8b6d,sell,1,0.25204536629760665,1789531152.209083,1789531152.209083,2026-09-16T03:59:12.209083080+00:00,2026-09-16T03:59:12.209083080+00:00
0x97cf77c586e6a15d1efc1d9bf75e210ab4891e61,sell,1,0.24942212161999702,1789528239.4387484,1789528239.4387484,2026-09-16T03:10:39.438748360+00:00,2026-09-16T03:10:39.438748360+00:00
0xe28f3ed9774960e86f6f594dbbc4c1529ab17a6f,sell,2,0.2461975569581326,1789532117.4,1789532120.0,2026-09-16T04:15:17.400000095+00:00,2026-09-16T04:15:20+00:00
0x9a12a536ab0455949eeb3725b7a7ad10dc0ca7ea,buy,1,0.24613913911817198,1789528344.5958722,1789528344.5958722,2026-09-16T03:12:24.595872164+00:00,2026-09-16T03:12:24.595872164+00:00
0x7c9457a775015eee6e098cb1a4ba6cf9b0fdf3c0,sell,1,0.2458141489176376,1789532160.5706666,1789532160.5706666,2026-09-16T04:16:00.570666552+00:00,2026-09-16T04:16:00.570666552+00:00
0x3d12cd00dcbbe947552ae408020c475394dc8b6d,buy,1,0.24526140749176234,1789530620.707499,1789530620.707499,2026-09-16T03:50:20.707499027+00:00,2026-09-16T03:50:20.707499027+00:00
0xbad991f744ff41f7b69c48288e3666cab201ef75,buy,1,0.243775,1789528827.135,1789528827.135,2026-09-16T03:20:27.134999990+00:00,2026-09-16T03:20:27.134999990+00:00
0xee7ac1ed8dff95a5f57caec96b4fe05973c94c44,sell,1,0.2434042245595433,1789534058.359,1789534058.359,2026-09-16T04:47:38.358999968+00:00,2026-09-16T04:47:38.358999968+00:00
0xcf251e0699333d73bcd58e931d5a12e8f2e7bdc7,buy,2,0.24255,1789534559.7494,1789536629.761423,2026-09-16T04:55:59.749399900+00:00,2026-09-16T05:30:29.761423111+00:00
0x588295adf8c8a80b055b9fcdf0b73ee863c6e97d,buy,1,0.24255,1789531993.359506,1789531993.359506,2026-09-16T04:13:13.359505892+00:00,2026-09-16T04:13:13.359505892+00:00
0x6d22c8a7fa7018ad176c53cc9ca0df69795622e9,buy,1,0.24255,1789538569.504,1789538569.504,2026-09-16T06:02:49.503999949+00:00,2026-09-16T06:02:49.503999949+00:00
0xdc6af65e8a9c5b02958e93ea1f9e5d54b5ce1262,buy,4,0.24253776471260385,1789530591.0420103,1789530627.4680016,2026-09-16T03:49:51.042010307+00:00,2026-09-16T03:50:27.468001604+00:00
0x7c2496e40e446016abe1fb670779e856656f64b5,buy,2,0.234024,1789530859.3,1789531086.4220223,2026-09-16T03:54:19.299999952+00:00,2026-09-16T03:58:06.422022343+00:00
0xb19e4456e26181897aaf08e76f09691a27d8cf47,sell,10,0.22848078393515056,1789531954.5081606,1789536940.864509,2026-09-16T04:12:34.508160591+00:00,2026-09-16T05:35:40.864509106+00:00
0x463c1d0dcd7634f2ac4cacc87f998be1108f6093,buy,1,0.22764671131391787,1789530504.0142348,1789530504.0142348,2026-09-16T03:48:24.014234781+00:00,2026-09-16T03:48:24.014234781+00:00
0xeade431400feb4f859dd16156baa1e6e4c93281c,sell,1,0.22755938141584034,1789537990.0,1789537990.0,2026-09-16T05:53:10+00:00,2026-09-16T05:53:10+00:00
0x588295adf8c8a80b055b9fcdf0b73ee863c6e97d,sell,1,0.22742908973280096,1789533347.247,1789533347.247,2026-09-16T04:35:47.246999979+00:00,2026-09-16T04:35:47.246999979+00:00
0x7cb4d560c1513676f2a2c3330eec9e3380f82bf8,sell,1,0.2269413692600632,1789533782.0108,1789533782.0108,2026-09-16T04:43:02.010799885+00:00,2026-09-16T04:43:02.010799885+00:00
0x9f0a0d91dcb95314d1fa41fb039d2a6ebbcc18bf,sell,2,0.22185734517044672,1789532987.457,1789533871.5448,2026-09-16T04:29:47.457000017+00:00,2026-09-16T04:44:31.544800043+00:00
0x8ab83793cafe1f88d3c875187a70344c31652c22,buy,1,0.22144225552006758,1789531325.6102564,1789531325.6102564,2026-09-16T04:02:05.610256433+00:00,2026-09-16T04:02:05.610256433+00:00
0x5f1d998a2681d13e41b16276640535ae1f422bbe,sell,2,0.2199919309103343,1789528220.2370174,1789529315.1456,2026-09-16T03:10:20.237017393+00:00,2026-09-16T03:28:35.145600080+00:00
0x412219470302bbd678d2b9170f807853db4e03e5,sell,1,0.21543780151294975,1789534924.596486,1789534924.596486,2026-09-16T05:02:04.596486092+00:00,2026-09-16T05:02:04.596486092+00:00
0x698afb8a3d1fc4867d0db52b5f78fd99bf2476ee,sell,2,0.2114022092772802,1789531087.819623,1789531954.6082928,2026-09-16T03:58:07.819622993+00:00,2026-09-16T04:12:34.608292818+00:00
0x2ed95f0e63ec4b4a7d33438f04b5bb25ad945915,sell,3,0.2073089690309785,1789533034.089,1789537577.2208,2026-09-16T04:30:34.088999987+00:00,2026-09-16T05:46:17.220799923+00:00
0x6b411c8aeb50813367bb16f4ee902cb8cc2691f4,buy,1,0.20624890343247773,1789534223.5442,1789534223.5442,2026-09-16T04:50:23.544199944+00:00,2026-09-16T04:50:23.544199944+00:00
0x3f6163f2ac7d93d7928d4647098dbcd85f6435d1,buy,1,0.20324126942388743,1789532648.6715,1789532648.6715,2026-09-16T04:24:08.671499968+00:00,2026-09-16T04:24:08.671499968+00:00
0xbf7649c1c99f6fd0120df7509d2be3fb09a3b46c,buy,1,0.20322343747347418,1789539027.064,1789539027.064,2026-09-16T06:10:27.063999891+00:00,2026-09-16T06:10:27.063999891+00:00
0xed67db030d30d7188007f4444d9101c85d31a372,buy,1,0.2030687233922667,1789535485.893394,1789535485.893394,2026-09-16T05:11:25.893393993+00:00,2026-09-16T05:11:25.893393993+00:00
0xfef5e3e0e1639b0d28e1e52e19e03c4a79b613b8,buy,1,0.2029893223283737,1789531410.9189744,1789531410.9189744,2026-09-16T04:03:30.918974400+00:00,2026-09-16T04:03:30.918974400+00:00
0xed3a9e617b7307abe3a5a4f14dbd6609b3fad027,buy,1,0.2027268296196952,1789531444.2126496,1789531444.2126496,2026-09-16T04:04:04.212649584+00:00,2026-09-16T04:04:04.212649584+00:00
0x7b31b9753deb642c84c8a2cb769eb2669db6b2b4,sell,1,0.2022783424179164,1789533467.244,1789533467.244,2026-09-16T04:37:47.243999958+00:00,2026-09-16T04:37:47.243999958+00:00
0xdc563cd745192b04c207085497431feb1fd41ae7,sell,1,0.20137689376419124,1789534218.313,1789534218.313,2026-09-16T04:50:18.312999964+00:00,2026-09-16T04:50:18.312999964+00:00
0xe4b5788f40442066140fd74552c8ee8ce42a034a,sell,1,0.19964757050858925,1789537542.7472,1789537542.7472,2026-09-16T05:45:42.747200012+00:00,2026-09-16T05:45:42.747200012+00:00
0x86a0b3763fdd594bdb77cf7b3dbd82f67abc5409,buy,1,0.19786956182514037,1789530673.6815863,1789530673.6815863,2026-09-16T03:51:13.681586266+00:00,2026-09-16T03:51:13.681586266+00:00
0x24d721bbd26e99995bb173b7f254333c5cf8677e,buy,1,0.19765856486532124,1789533144.237,1789533144.237,2026-09-16T04:32:24.236999989+00:00,2026-09-16T04:32:24.236999989+00:00
0x3f6163f2ac7d93d7928d4647098dbcd85f6435d1,sell,2,0.19640578033671935,1789532713.293,1789534393.1558,2026-09-16T04:25:13.292999983+00:00,2026-09-16T04:53:13.155800104+00:00
0x1d69c571f7fff7e37ddca9efc44842b549730cf8,sell,1,0.19639252227549614,1789529786.1195574,1789529786.1195574,2026-09-16T03:36:26.119557381+00:00,2026-09-16T03:36:26.119557381+00:00
0xdc563cd745192b04c207085497431feb1fd41ae7,buy,1,0.1961601015052973,1789530973.1,1789530973.1,2026-09-16T03:56:13.099999905+00:00,2026-09-16T03:56:13.099999905+00:00
0x17c9a6681c3dba9ba03fb5d802a9f6aa3e928ac2,sell,1,0.19573429403582862,1789534515.7872,1789534515.7872,2026-09-16T04:55:15.787199974+00:00,2026-09-16T04:55:15.787199974+00:00
0xc0b23dc40a1466a6671080eec48362deb3d32ff1,buy,1,0.19404,1789531323.6875215,1789531323.6875215,2026-09-16T04:02:03.687521458+00:00,2026-09-16T04:02:03.687521458+00:00
0xd46f58a12d1c7e130c0f8f2d5bc9f83f2bf2bcaa,buy,1,0.19404,1789531605.7472432,1789531605.7472432,2026-09-16T04:06:45.747243166+00:00,2026-09-16T04:06:45.747243166+00:00
0xeba68f02e7af992b3870422d2ab64b316f20604c,buy,1,0.1937458833720871,1789530606.1774638,1789530606.1774638,2026-09-16T03:50:06.177463770+00:00,2026-09-16T03:50:06.177463770+00:00
0xb19e4456e26181897aaf08e76f09691a27d8cf47,buy,8,0.1918940118528916,1789530409.0533807,1789538987.068,2026-09-16T03:46:49.053380728+00:00,2026-09-16T06:09:47.068000078+00:00
0x84ae7426eabe2fc0623273ca0e7f4dfbcdb7b846,buy,2,0.19012,1789527982.9800267,1789531798.0013232,2026-09-16T03:06:22.980026722+00:00,2026-09-16T04:09:58.001323223+00:00
0xf9284c163187ddda551faee849582ccbd6554e49,sell,1,0.18669011904986432,1789528414.4660454,1789528414.4660454,2026-09-16T03:13:34.466045380+00:00,2026-09-16T03:13:34.466045380+00:00
0x01f470eea950bcc04d964750189993e6a0532dc1,sell,1,0.18637463030120097,1789534013.9944,1789534013.9944,2026-09-16T04:46:53.994400024+00:00,2026-09-16T04:46:53.994400024+00:00
0x408a1cf558879f98000f3b83c41d55843a8f063b,sell,1,0.18471862031845154,1789534570.5136,1789534570.5136,2026-09-16T04:56:10.513600111+00:00,2026-09-16T04:56:10.513600111+00:00
0x2955629032534a0294713fc105202427190b51eb,sell,4,0.1757026729041463,1789528133.577896,1789530926.9,2026-09-16T03:08:53.577896118+00:00,2026-09-16T03:55:26.900000095+00:00
0xc921d2e7f77193c42520aa4248f2769080f3d126,sell,1,0.17035671713397704,1789528254.8202398,1789528254.8202398,2026-09-16T03:10:54.820239782+00:00,2026-09-16T03:10:54.820239782+00:00
0xb16e9fc5153ce4bef10972785d74e990614090e8,sell,1,0.1680027528679086,1789537001.3307734,1789537001.3307734,2026-09-16T05:36:41.330773354+00:00,2026-09-16T05:36:41.330773354+00:00
0x2b5eb0db8c7d77493b7a9c02705339715e9332a4,buy,2,0.1674649936918025,1789538521.2208,1789539021.61,2026-09-16T06:02:01.220799923+00:00,2026-09-16T06:10:21.609999895+00:00
0xbf7649c1c99f6fd0120df7509d2be3fb09a3b46c,sell,1,0.1664262880393175,1789538285.752,1789538285.752,2026-09-16T05:58:05.752000093+00:00,2026-09-16T05:58:05.752000093+00:00
0x96477abe876a3e5474e4913249da69e26e5e2728,buy,1,0.164934,1789529355.6874,1789529355.6874,2026-09-16T03:29:15.687400103+00:00,2026-09-16T03:29:15.687400103+00:00
0xcea5c73c5691ab5057a6833874f42055799dd474,buy,1,0.16458904802937802,1789531145.0214224,1789531145.0214224,2026-09-16T03:59:05.021422386+00:00,2026-09-16T03:59:05.021422386+00:00
0xe7cb3d9f743caca99b087f903d780e54753262ff,buy,1,0.16183041977920787,1789536194.1068,1789536194.1068,2026-09-16T05:23:14.106800079+00:00,2026-09-16T05:23:14.106800079+00:00
0xef4e9abd2df4ebc520422fcace5dc5c000d02ec5,sell,1,0.159732945215998,1789534537.718,1789534537.718,2026-09-16T04:55:37.717999935+00:00,2026-09-16T04:55:37.717999935+00:00
0xcf4e890f43b6fdccae192a414aa0b6247e19663e,buy,1,0.1572043371543924,1789534051.0152,1789534051.0152,2026-09-16T04:47:31.015199900+00:00,2026-09-16T04:47:31.015199900+00:00
0xfdaf72e3cd6ced581cc4735afc6d45410c65c5a8,sell,2,0.15693758110580297,1789534723.3021963,1789534752.344656,2026-09-16T04:58:43.302196264+00:00,2026-09-16T04:59:12.344655991+00:00
0xef4e9abd2df4ebc520422fcace5dc5c000d02ec5,buy,1,0.15474544994391876,1789530702.6407537,1789530702.6407537,2026-09-16T03:51:42.640753746+00:00,2026-09-16T03:51:42.640753746+00:00
0x82349f52536137c884b31589fd5d4ddb4626646f,buy,1,0.14770982109951222,1789531311.7463248,1789531311.7463248,2026-09-16T04:01:51.746324778+00:00,2026-09-16T04:01:51.746324778+00:00
0x2ea462f78858e6d784b26ad3ba5a641d642af0ad,sell,1,0.13996146174963392,1789532684.6505,1789532684.6505,2026-09-16T04:24:44.650500059+00:00,2026-09-16T04:24:44.650500059+00:00
0x47174114e71ca12e73a3f9fa1e7d5bd67269b774,sell,1,0.13909628323269954,1789528037.066578,1789528037.066578,2026-09-16T03:07:17.066577911+00:00,2026-09-16T03:07:17.066577911+00:00
0x3bf0578191116a685e16b9d244652baaf7253917,sell,1,0.13814734164896447,1789528034.9553928,1789528034.9553928,2026-09-16T03:07:14.955392838+00:00,2026-09-16T03:07:14.955392838+00:00
0x368564edf8ec2d3cbe8ec3ad265a3207e663b93c,sell,1,0.13775072763232718,1789531333.705983,1789531333.705983,2026-09-16T04:02:13.705982924+00:00,2026-09-16T04:02:13.705982924+00:00
0x16070de6bc86d011f88fdc5883aa29498bd8a911,sell,1,0.13191760209285014,1789533845.087,1789533845.087,2026-09-16T04:44:05.086999893+00:00,2026-09-16T04:44:05.086999893+00:00
0x35db416c1a67d295f46f9c798f28aefa7584696e,sell,1,0.12772728800460853,1789534791.5019033,1789534791.5019033,2026-09-16T04:59:51.501903296+00:00,2026-09-16T04:59:51.501903296+00:00
0xcbab3465a42235bf306a8004419e9c956fffa671,buy,1,0.12489147161305734,1789539174.322,1789539174.322,2026-09-16T06:12:54.322000027+00:00,2026-09-16T06:12:54.322000027+00:00
0x6a8dac8581e020ccc818b478b83528adf9f80b8e,sell,1,0.12316656287103395,1789537748.984,1789537748.984,2026-09-16T05:49:08.983999968+00:00,2026-09-16T05:49:08.983999968+00:00
0x7ab495075b3a93eeb5c5f2670c557f3a36fe128d,buy,1,0.12141935434778516,1789529138.2908,1789529138.2908,2026-09-16T03:25:38.290800095+00:00,2026-09-16T03:25:38.290800095+00:00
0x52403c8fea64bb7e10fa8bc5b33f2cd2359842b9,buy,2,0.12135360004156429,1789538599.6432,1789539041.305,2026-09-16T06:03:19.643199921+00:00,2026-09-16T06:10:41.305000067+00:00
0x20e9997cec6bc87e16cd6ec7903a68ab506b3080,sell,1,0.11328718747357258,1789537052.3867252,1789537052.3867252,2026-09-16T05:37:32.386725187+00:00,2026-09-16T05:37:32.386725187+00:00
0xc80ad45acbd566c67b3a561dcaba773216bc723e,buy,1,0.1113546317871067,1789538520.9184,1789538520.9184,2026-09-16T06:02:00.918400049+00:00,2026-09-16T06:02:00.918400049+00:00
0x9a3c72f01e5c2e5e43bef9887155b4931ff0d0ba,sell,1,0.11040005427575388,1789534352.3122,1789534352.3122,2026-09-16T04:52:32.312200069+00:00,2026-09-16T04:52:32.312200069+00:00
0x4662826c9fa5808791f4b18a02b0d581f61143d2,sell,1,0.10920865439394695,1789538283.6352,1789538283.6352,2026-09-16T05:58:03.635200024+00:00,2026-09-16T05:58:03.635200024+00:00
0x7492224c70e402d5891391f1d10ef96280ca060b,buy,1,0.10557124035439408,1789535494.552164,1789535494.552164,2026-09-16T05:11:34.552164078+00:00,2026-09-16T05:11:34.552164078+00:00
0x8b3c0a57bc85644b0be7a4f889642602cc2c34f4,sell,1,0.10208102849947663,1789532085.903941,1789532085.903941,2026-09-16T04:14:45.903940916+00:00,2026-09-16T04:14:45.903940916+00:00
0xcf392f62151fe078a5c26c6fd7e6bc5f15d9735a,buy,1,0.10158038141357015,1789538672.5216,1789538672.5216,2026-09-16T06:04:32.521600007+00:00,2026-09-16T06:04:32.521600007+00:00
0xafbe18d9123ae2ed003318cd2a89597301bc55df,buy,2,0.10115961601761791,1789538524.8496,1789538575.9552,2026-09-16T06:02:04.849600077+00:00,2026-09-16T06:02:55.955199957+00:00
0x92f1306c01b13f384617b6583bbf654a9fa9996e,sell,1,0.09989515487466982,1789528012.0339546,1789528012.0339546,2026-09-16T03:06:52.033954620+00:00,2026-09-16T03:06:52.033954620+00:00
0xb223af6bbb2cc9f6697d73ec5204bba30443d23b,sell,1,0.09870615409778974,1789528443.2183754,1789528443.2183754,2026-09-16T03:14:03.218375444+00:00,2026-09-16T03:14:03.218375444+00:00
0x883d7f3d2164cb484f097b034f32629fa251fe91,buy,1,0.098,1789539144.931,1789539144.931,2026-09-16T06:12:24.930999994+00:00,2026-09-16T06:12:24.930999994+00:00
0x1a69c0fc30f0045a355ee002a4fca25686a9f4a5,buy,1,0.098,1789539053.223,1789539053.223,2026-09-16T06:10:53.223000050+00:00,2026-09-16T06:10:53.223000050+00:00
0xf9cb8475a5bfe5acd46f734aebf0dd33b60c1060,buy,1,0.097608,1789529460.2108,1789529460.2108,2026-09-16T03:31:00.210799932+00:00,2026-09-16T03:31:00.210799932+00:00
0x999ffc38b97d8d6fa21fbd8109d39d6a04ff851c,sell,1,0.09747619901909635,1789534797.210249,1789534797.210249,2026-09-16T04:59:57.210248947+00:00,2026-09-16T04:59:57.210248947+00:00
0x678ff794230146a64802f8d66895fa451bd1863a,sell,1,0.09734275326746186,1789534844.779795,1789534844.779795,2026-09-16T05:00:44.779794931+00:00,2026-09-16T05:00:44.779794931+00:00
0x5ed35a54d2cfeb531c9070ed4dfc27c305344ada,buy,2,0.09702,1789528843.0298,1789531186.6499572,2026-09-16T03:20:43.029799938+00:00,2026-09-16T03:59:46.649957180+00:00
0xed0e290cee16acc5eba616af1557e658a6fd2a72,buy,1,0.09702,1789532782.839,1789532782.839,2026-09-16T04:26:22.838999987+00:00,2026-09-16T04:26:22.838999987+00:00
0x67ff4f9ab75d73cc4abd1414089fecd8e27714ba,buy,1,0.09702,1789529343.6154,1789529343.6154,2026-09-16T03:29:03.615400076+00:00,2026-09-16T03:29:03.615400076+00:00
0xed1ed6bed9736aeaf55d95686e2e8c05565fe747,sell,1,0.09349837184784673,1789528601.6904,1789528601.6904,2026-09-16T03:16:41.690399885+00:00,2026-09-16T03:16:41.690399885+00:00
0x4f92999f3746a34efdbac7227a6640ea776745e2,sell,1,0.0919557910185326,1789533477.495,1789533477.495,2026-09-16T04:37:57.494999886+00:00,2026-09-16T04:37:57.494999886+00:00
0x116cda031c0f1c23954052e595ffac12f804307d,buy,2,0.0881665343303157,1789533544.629,1789533555.885,2026-09-16T04:39:04.628999949+00:00,2026-09-16T04:39:15.884999990+00:00
0xbf6cc1f7b3cc58ff1be5211ca2db75c29e8fec7c,buy,1,0.08710161519864383,1789535478.241458,1789535478.241458,2026-09-16T05:11:18.241457939+00:00,2026-09-16T05:11:18.241457939+00:00
0xe36f225f049f5540988d451b1d0b161a3dd5a2c5,sell,1,0.08689987663246922,1789535145.7849658,1789535145.7849658,2026-09-16T05:05:45.784965754+00:00,2026-09-16T05:05:45.784965754+00:00
0x3b5cb055931ab2160e84bf219eddf288b3702a02,sell,1,0.08621794465991355,1789528266.984687,1789528266.984687,2026-09-16T03:11:06.984687090+00:00,2026-09-16T03:11:06.984687090+00:00
0x5bf5016c2b921f0cd7e5ed93917184b69d35904e,buy,1,0.0832377091940741,1789533513.3735,1789533513.3735,2026-09-16T04:38:33.373500109+00:00,2026-09-16T04:38:33.373500109+00:00
0x1e5fbd612b834ee6a7ce6eaa7e6aab8e0ea12a75,sell,1,0.08303350030627255,1789527558.062753,1789527558.062753,2026-09-16T02:59:18.062752961+00:00,2026-09-16T02:59:18.062752961+00:00
0x036b2e4241e6754f8a36cc1a46bf7505d3078703,sell,1,0.0816900450700716,1789534914.882284,1789534914.882284,2026-09-16T05:01:54.882283926+00:00,2026-09-16T05:01:54.882283926+00:00
0xed1ed6bed9736aeaf55d95686e2e8c05565fe747,buy,2,0.08157250509809275,1789527470.625,1789528211.6917443,2026-09-16T02:57:50.625000+00:00,2026-09-16T03:10:11.691744328+00:00
0x2589f2c70799487cea39791439869334ade86d88,sell,6,0.08123605013653758,1789528551.8941412,1789528612.1528,2026-09-16T03:15:51.894141197+00:00,2026-09-16T03:16:52.152800083+00:00
0xcef7e025740028a5b0f73b80177e7be8d06de535,buy,1,0.08118421310834059,1789535503.0095673,1789535503.0095673,2026-09-16T05:11:43.009567261+00:00,2026-09-16T05:11:43.009567261+00:00
0xc1244cadede96da9f0e0d59f2c0d374679f7d094,buy,1,0.08111130369043187,1789528778.6458,1789528778.6458,2026-09-16T03:19:38.645800114+00:00,2026-09-16T03:19:38.645800114+00:00
0x65c55b53c252325649eb8607cb9f6121ea716937,buy,1,0.08110787341233996,1789531334.7179487,1789531334.7179487,2026-09-16T04:02:14.717948675+00:00,2026-09-16T04:02:14.717948675+00:00
0xddd16ea81b895d84c59f5ac90edc478f172e8659,buy,1,0.08106874539005822,1789531331.4796581,1789531331.4796581,2026-09-16T04:02:11.479658127+00:00,2026-09-16T04:02:11.479658127+00:00
0x2988b3d5bcd09236f3cf1a34329091f3974f3fec,buy,1,0.08096544789920845,1789538584.624,1789538584.624,2026-09-16T06:03:04.624000072+00:00,2026-09-16T06:03:04.624000072+00:00
0x3107f5a2bfef199cd3c9b383b92eb3185896d784,buy,1,0.08093795922400393,1789538671.1104,1789538671.1104,2026-09-16T06:04:31.110399961+00:00,2026-09-16T06:04:31.110399961+00:00
0x05fc1c99bb6f9ed82bf329a73645c9d360c392fc,sell,1,0.08021892677755459,1789534026.67,1789534026.67,2026-09-16T04:47:06.670000076+00:00,2026-09-16T04:47:06.670000076+00:00
0x4b78e5f2a155fca97c2f1431d0d86c016ed7b0ff,sell,1,0.07858657505423491,1789534266.5004,1789534266.5004,2026-09-16T04:51:06.500400066+00:00,2026-09-16T04:51:06.500400066+00:00
0x14078a75f65dc072fe76960aa2769157e443b1d1,buy,3,0.077616,1789532578.9245,1789532586.06,2026-09-16T04:22:58.924499989+00:00,2026-09-16T04:23:06.059999943+00:00
0x0ba1c8949eedfba13fad2dc7c5eb90456cc19013,sell,1,0.07682182528961014,1789532247.2542222,1789532247.2542222,2026-09-16T04:17:27.254222155+00:00,2026-09-16T04:17:27.254222155+00:00
0xcef7e025740028a5b0f73b80177e7be8d06de535,sell,1,0.07566101328293083,1789534795.9083455,1789534795.9083455,2026-09-16T04:59:55.908345461+00:00,2026-09-16T04:59:55.908345461+00:00
0x154b9f869e8839195cabce575dcfb8afbd9f3117,buy,1,0.07309419644277323,1789534958.5138953,1789534958.5138953,2026-09-16T05:02:38.513895273+00:00,2026-09-16T05:02:38.513895273+00:00
0x7e7546959053ea2dd1e919a2c7b21eaf47d572e0,buy,1,0.0729426469399888,1789530688.5143306,1789530688.5143306,2026-09-16T03:51:28.514330626+00:00,2026-09-16T03:51:28.514330626+00:00
0xbf6cc1f7b3cc58ff1be5211ca2db75c29e8fec7c,sell,1,0.07227959195884372,1789535091.3152618,1789535091.3152618,2026-09-16T05:04:51.315261841+00:00,2026-09-16T05:04:51.315261841+00:00
0x895e7eefc15dcbec786cd30badc264d69a5b4867,sell,1,0.07140534049300463,1789538077.8319328,1789538077.8319328,2026-09-16T05:54:37.831932783+00:00,2026-09-16T05:54:37.831932783+00:00
0xad84ca8f023225df1817b6de8c4f0c606557c167,sell,1,0.0708556356366903,1789533568.146,1789533568.146,2026-09-16T04:39:28.145999908+00:00,2026-09-16T04:39:28.145999908+00:00
0x885bb38520be02c88d9b14b07e65059430809be7,sell,1,0.0687648457233246,1789534555.323,1789534555.323,2026-09-16T04:55:55.322999954+00:00,2026-09-16T04:55:55.322999954+00:00
0x0a771437ee59dcd30429dda71a1a011db8957bd1,sell,1,0.06834211001240953,1789529484.1536,1789529484.1536,2026-09-16T03:31:24.153599977+00:00,2026-09-16T03:31:24.153599977+00:00
0x65c55b53c252325649eb8607cb9f6121ea716937,sell,1,0.0682964410327196,1789534021.3382,1789534021.3382,2026-09-16T04:47:01.338200092+00:00,2026-09-16T04:47:01.338200092+00:00
0x9fd634393707ad07739d63c81011ba067681a19a,sell,1,0.06780532232249246,1789528123.8262317,1789528123.8262317,2026-09-16T03:08:43.826231718+00:00,2026-09-16T03:08:43.826231718+00:00
0x53426fb8d9f01b8419bdcd92b8266b3d733c490d,sell,1,0.06701837670639095,1789534512.568,1789534512.568,2026-09-16T04:55:12.568000078+00:00,2026-09-16T04:55:12.568000078+00:00
0x68ac51f7f0ab45044876612e7c82cf1660a7212b,sell,1,0.06638370481508327,1789534896.3551977,1789534896.3551977,2026-09-16T05:01:36.355197668+00:00,2026-09-16T05:01:36.355197668+00:00
0x51fd6c662b1dfa0de922d1c663e4041821768748,buy,1,0.0658370115959701,1789538605.4896,1789538605.4896,2026-09-16T06:03:25.489599943+00:00,2026-09-16T06:03:25.489599943+00:00
0x3671be38ecb045bac6081986ab668afbd20db15e,buy,1,0.06513508253389906,1789539289.1782565,1789539289.1782565,2026-09-16T06:14:49.178256512+00:00,2026-09-16T06:14:49.178256512+00:00
0xf0ed62f8877c293221dec1e0198ebf9bbd74a6d2,sell,1,0.06492061542681953,1789532188.9964445,1789532188.9964445,2026-09-16T04:16:28.996444464+00:00,2026-09-16T04:16:28.996444464+00:00
0xc5986fbdc94a47a96886b57a00385536aeeddd35,sell,1,0.06484007989657438,1789531831.545655,1789531831.545655,2026-09-16T04:10:31.545655012+00:00,2026-09-16T04:10:31.545655012+00:00
0xab17a15f8e77bb9d45b4a44b1cd27e96cab1f99d,buy,1,0.06181927711937571,1789538787.391,1789538787.391,2026-09-16T06:06:27.391000032+00:00,2026-09-16T06:06:27.391000032+00:00
0xddb8d005f0a9b137bd47812c5822a626df335718,sell,1,0.06145781881253544,1789537648.4864,1789537648.4864,2026-09-16T05:47:28.486399889+00:00,2026-09-16T05:47:28.486399889+00:00
0xa721e490507c0fc7cfbf4fcfe3fafd93fdce36bb,sell,1,0.06131991113234963,1789532612.19,1789532612.19,2026-09-16T04:23:32.190000057+00:00,2026-09-16T04:23:32.190000057+00:00
0x260879b14cf6ad61c81eab332eca9433a549f1e6,buy,1,0.060743327578314806,1789528357.8661785,1789528357.8661785,2026-09-16T03:12:37.866178513+00:00,2026-09-16T03:12:37.866178513+00:00
0xe10dedf92234fe012ce534551c0fd7496ef975cc,buy,1,0.060714897839692805,1789538811.934,1789538811.934,2026-09-16T06:06:51.934000015+00:00,2026-09-16T06:06:51.934000015+00:00
0x788159b2fc582750cc665bd88482215d3fff1250,sell,1,0.060600733962771366,1789528958.418,1789528958.418,2026-09-16T03:22:38.417999983+00:00,2026-09-16T03:22:38.417999983+00:00
0x288a5072eaf6421e93baad9b26d59d242efe9e48,sell,4,0.06051445777438406,1789528133.577896,1789530926.9,2026-09-16T03:08:53.577896118+00:00,2026-09-16T03:55:26.900000095+00:00
0x33634a42b2ebaecc7156bd9a4b463dd8f3fc6afb,buy,1,0.0582855,1789531000.7,1789531000.7,2026-09-16T03:56:40.700000048+00:00,2026-09-16T03:56:40.700000048+00:00
0x404367884c995aa010dfef85701fef872614f1ff,sell,1,0.05730737394781195,1789534370.8226,1789534370.8226,2026-09-16T04:52:50.822599888+00:00,2026-09-16T04:52:50.822599888+00:00
0xa1b635a796a798c58d4e04247afa32c0c87220fe,sell,1,0.056783673670624674,1789534452.6104,1789534452.6104,2026-09-16T04:54:12.610399961+00:00,2026-09-16T04:54:12.610399961+00:00
0x9a2d8d4f4184a2b56b3c05e7704386ec0f6a5ec4,sell,1,0.05652691363995071,1789537250.3264,1789537250.3264,2026-09-16T05:40:50.326400042+00:00,2026-09-16T05:40:50.326400042+00:00
0x32bc88a9922f14c700b5fab047c391e3e08b7d11,sell,1,0.05617882605989295,1789535119.1038725,1789535119.1038725,2026-09-16T05:05:19.103872538+00:00,2026-09-16T05:05:19.103872538+00:00
0xb2ea03e5ae44df38598ea2022f33f7a5e5aff920,buy,1,0.055268525180185366,1789538509.528,1789538509.528,2026-09-16T06:01:49.528000115+00:00,2026-09-16T06:01:49.528000115+00:00
0x3afd2ccc92ccbdc48b18636de167852c81b17d5d,sell,1,0.05519704688477637,1789537640.7248,1789537640.7248,2026-09-16T05:47:20.724800110+00:00,2026-09-16T05:47:20.724800110+00:00
0xc069384401929b54abe5a61cc637863ed303fc2d,sell,1,0.05514890686179546,1789534615.1440704,1789534615.1440704,2026-09-16T04:56:55.144070387+00:00,2026-09-16T04:56:55.144070387+00:00
0xf493b17c72e8c68bad0f50fd453736fac08928eb,buy,1,0.05323485621867184,1789535822.2252,1789535822.2252,2026-09-16T05:17:02.225199938+00:00,2026-09-16T05:17:02.225199938+00:00
0x9b190752b3686b25b7c8ae2085bac073717615dc,buy,1,0.05318657741398016,1789535641.5052,1789535641.5052,2026-09-16T05:14:01.505199909+00:00,2026-09-16T05:14:01.505199909+00:00
0xf79530f911d8d12b38dab41d1f85d25e2041bacd,sell,1,0.05303338375170641,1789535684.376,1789535684.376,2026-09-16T05:14:44.375999928+00:00,2026-09-16T05:14:44.375999928+00:00
0xbe7a6e80f19b242c109dc71d1b86238862b5d86d,sell,1,0.05240363286874272,1789534546.8726,1789534546.8726,2026-09-16T04:55:46.872600079+00:00,2026-09-16T04:55:46.872600079+00:00
0xef730526582a5b6ace5506a6c16f960b29049f71,buy,2,0.05226796879503239,1789529347.8406,1789530033.5751743,2026-09-16T03:29:07.840600014+00:00,2026-09-16T03:40:33.575174332+00:00
0x8e6b35a59a00f02d58f2947aede22bbca097d9e4,sell,1,0.05177638901120665,1789535691.7052,1789535691.7052,2026-09-16T05:14:51.705199957+00:00,2026-09-16T05:14:51.705199957+00:00
0x3d0049fb046bc0756911ebad4abca4e9e22ebcee,buy,1,0.05134381717179379,1789531343.319658,1789531343.319658,2026-09-16T04:02:23.319658041+00:00,2026-09-16T04:02:23.319658041+00:00
0x83c95b5b7e9c9c4209a8d96df9fe0f2235d8f066,sell,1,0.051190052602764866,1789532192.0097778,1789532192.0097778,2026-09-16T04:16:32.009777784+00:00,2026-09-16T04:16:32.009777784+00:00
0x910d051607ecba7ec107beff6a114ba77233e087,buy,1,0.05035465437130196,1789531505.6389744,1789531505.6389744,2026-09-16T04:05:05.638974428+00:00,2026-09-16T04:05:05.638974428+00:00
0x3226c61be894a20aa3e1fde48edc056259751361,sell,1,0.05031607026015112,1789533804.4446,1789533804.4446,2026-09-16T04:43:24.444600105+00:00,2026-09-16T04:43:24.444600105+00:00
0x80e490d44cbe4e465184b9ae9da4265198eb3fe1,buy,1,0.04958165059227022,1789535609.3772,1789535609.3772,2026-09-16T05:13:29.377199888+00:00,2026-09-16T05:13:29.377199888+00:00
0x42d69fdf6672a14f9d65f333d7c211ffd13b6e77,sell,2,0.04932660389168367,1789534353.117,1789535028.9922552,2026-09-16T04:52:33.117000103+00:00,2026-09-16T05:03:48.992255211+00:00
0xae661835d66c7eb4ddc2ad0ee9b3214631589386,sell,1,0.049182548739329805,1789537487.0048,1789537487.0048,2026-09-16T05:44:47.004800081+00:00,2026-09-16T05:44:47.004800081+00:00
0x81e81e1ba472adda6abe7593bd270d352e8e4bc4,buy,1,0.049,1789527923.7663116,1789527923.7663116,2026-09-16T03:05:23.766311646+00:00,2026-09-16T03:05:23.766311646+00:00
0xf83e1c0fbd0615913dc12be6bc2ad7b13cf0a055,buy,1,0.049,1789531627.2756948,1789531627.2756948,2026-09-16T04:07:07.275694847+00:00,2026-09-16T04:07:07.275694847+00:00
0x0bb9f7c03eb9c1a31c25b3b7e61e2c503c30b81d,buy,1,0.04888571263570622,1789527655.3442078,1789527655.3442078,2026-09-16T03:00:55.344207764+00:00,2026-09-16T03:00:55.344207764+00:00
0xc6d2f12d30f51d4c6feae1b67c68ee5a42e2b342,buy,1,0.0488775,1789531536.200342,1789531536.200342,2026-09-16T04:05:36.200341940+00:00,2026-09-16T04:05:36.200341940+00:00
0x1a5861a1d957e24eafb5d28111e593bd118f06c5,buy,2,0.04851,1789530948.5,1789530954.1,2026-09-16T03:55:48.500000+00:00,2026-09-16T03:55:54.099999905+00:00
0xdeda0aa0cd222ce330eaf88de0fec0ce4c832828,buy,2,0.04851,1789531153.2073693,1789531157.200514,2026-09-16T03:59:13.207369328+00:00,2026-09-16T03:59:17.200514078+00:00
0xb3238929542bb34ac05f7e90e3b7eeeab7619ab0,buy,1,0.04851,1789538503.5808,1789538503.5808,2026-09-16T06:01:43.580800056+00:00,2026-09-16T06:01:43.580800056+00:00
0x59412ef856ce78786ce1b9fbcb0a92eed13bf341,sell,1,0.04817732458367307,1789528324.4893475,1789528324.4893475,2026-09-16T03:12:04.489347458+00:00,2026-09-16T03:12:04.489347458+00:00
0xfefaf388bf9d558b68d9e00e2983c2df93e176d1,sell,1,0.04760336864980028,1789528191.786285,1789528191.786285,2026-09-16T03:09:51.786284924+00:00,2026-09-16T03:09:51.786284924+00:00
0x93c82118ed2cf4ab22f86521b04916f1ca0f5212,sell,1,0.047475964241337834,1789535168.7407744,1789535168.7407744,2026-09-16T05:06:08.740774393+00:00,2026-09-16T05:06:08.740774393+00:00
0xc6d2f12d30f51d4c6feae1b67c68ee5a42e2b342,sell,1,0.04740971306970626,1789533878.4862,1789533878.4862,2026-09-16T04:44:38.486200094+00:00,2026-09-16T04:44:38.486200094+00:00
0x54b788caf38763569b9ddd26314d2ebf31e780fb,sell,1,0.04606689925406116,1789534833.4632504,1789534833.4632504,2026-09-16T05:00:33.463250399+00:00,2026-09-16T05:00:33.463250399+00:00
0x53426fb8d9f01b8419bdcd92b8266b3d733c490d,buy,1,0.044312107398857416,1789534486.0096,1789534486.0096,2026-09-16T04:54:46.009599924+00:00,2026-09-16T04:54:46.009599924+00:00
0x77de97911c6dce30ac6c345e0678bd19aaccc5f1,buy,2,0.044269539999999996,1789528413.3601863,1789529535.2584,2026-09-16T03:13:33.360186338+00:00,2026-09-16T03:32:15.258399963+00:00
0x4be8ad83f082a1aed6a22b9331fada9f1c24a8c4,buy,1,0.0441,1789531874.3021615,1789531874.3021615,2026-09-16T04:11:14.302161455+00:00,2026-09-16T04:11:14.302161455+00:00
0x742b278560f91c762ad1f0580b37ec3c91592099,sell,3,0.04377306929652383,1789528934.3746,1789529060.8288,2026-09-16T03:22:14.374599934+00:00,2026-09-16T03:24:20.828799963+00:00
0x45bcff8f25e9b8dd01634191e56dbf9a319f6128,buy,2,0.043251306081624044,1789538714.8576,1789538779.311,2026-09-16T06:05:14.857599974+00:00,2026-09-16T06:06:19.311000109+00:00
0x9b190752b3686b25b7c8ae2085bac073717615dc,sell,1,0.04294096885555605,1789535629.8588,1789535629.8588,2026-09-16T05:13:49.858799934+00:00,2026-09-16T05:13:49.858799934+00:00
0x765a7c163a4ff540da0023284eea5bb16cdae373,sell,1,0.042925618522064495,1789534740.1267936,1789534740.1267936,2026-09-16T04:59:00.126793623+00:00,2026-09-16T04:59:00.126793623+00:00
0x904cb088b9a2a81deaffeb463ea2f1b64736a301,sell,1,0.04171724075378508,1789533294.987,1789533294.987,2026-09-16T04:34:54.986999989+00:00,2026-09-16T04:34:54.986999989+00:00
0x90738366a044c13ea0a1393d1761d7625ed3f0a9,sell,2,0.04062634299586966,1789529315.1456,1789533297.801,2026-09-16T03:28:35.145600080+00:00,2026-09-16T04:34:57.801000118+00:00
0x05960f84dcdcdaf5a5c70a6406bb9df42c279be5,buy,1,0.04061499899759548,1789532650.782,1789532650.782,2026-09-16T04:24:10.782000065+00:00,2026-09-16T04:24:10.782000065+00:00
0x170c5b69504eb7dde8a1a08e55b676738032273f,buy,1,0.04056547392485756,1789530157.0009623,1789530157.0009623,2026-09-16T03:42:37.000962257+00:00,2026-09-16T03:42:37.000962257+00:00
0x9cf3afdaf86be9ef464d1835bb24ce1ade3795f2,buy,1,0.040534526807985576,1789528858.4216,1789528858.4216,2026-09-16T03:20:58.421600103+00:00,2026-09-16T03:20:58.421600103+00:00
0x5c7e3ac0a34b892a3b999c07a2a3882fab83712a,buy,2,0.04051890824288525,1789528774.32,1789531244.3508997,2026-09-16T03:19:34.319999933+00:00,2026-09-16T04:00:44.350899696+00:00
0x8b2090648acb45fa9e839b6f87e108380eed7980,buy,1,0.04045042881263913,1789538602.6672,1789538602.6672,2026-09-16T06:03:22.667200089+00:00,2026-09-16T06:03:22.667200089+00:00
0xac843103223af5ab0e6b68abbbff7ff2d784375e,buy,1,0.04041573563508519,1789539042.012,1789539042.012,2026-09-16T06:10:42.012000084+00:00,2026-09-16T06:10:42.012000084+00:00
0x84828e2bfd655fbfdeee464592d7b5edd9083323,buy,1,0.04035510760294757,1789533266.847,1789533266.847,2026-09-16T04:34:26.846999884+00:00,2026-09-16T04:34:26.846999884+00:00
0xb64e6db5defa8668512ae1e54f955fb1c67c8bb1,sell,1,0.03982447248911357,1789532113.2,1789532113.2,2026-09-16T04:15:13.200000048+00:00,2026-09-16T04:15:13.200000048+00:00
0x855d0e6c3753e441aa5b218a5e416b674eb2494e,buy,1,0.03968735099249426,1789538629.7824,1789538629.7824,2026-09-16T06:03:49.782399893+00:00,2026-09-16T06:03:49.782399893+00:00
0x9155224b1ca664c366278bc9ab1e7aa7a96b69d7,buy,1,0.03968708179597861,1789538631.3952,1789538631.3952,2026-09-16T06:03:51.395200014+00:00,2026-09-16T06:03:51.395200014+00:00
0x9c5990741bb60b363aabc0f74632660b330d7f87,buy,1,0.03963476119549448,1789529116.7624,1789529116.7624,2026-09-16T03:25:16.762399912+00:00,2026-09-16T03:25:16.762399912+00:00
0x547a10b63ab4c784a49da5805610b9ee2d74377c,sell,6,0.03936901759265889,1789532106.0,1789532113.0,2026-09-16T04:15:06+00:00,2026-09-16T04:15:13+00:00
0xbb21016a9f51db55e545e75fab5e6088490b5f27,sell,6,0.039349343496520556,1789532106.0,1789532113.0,2026-09-16T04:15:06+00:00,2026-09-16T04:15:13+00:00
0xabef5cdfa79287acc6831223bec06e31875019da,sell,6,0.03926111730391367,1789532106.0,1789532113.0,2026-09-16T04:15:06+00:00,2026-09-16T04:15:13+00:00
0x2aa460bce4bd548fe402c8797de1db122fbcd7b6,sell,6,0.03921082679739315,1789532106.0,1789532113.0,2026-09-16T04:15:06+00:00,2026-09-16T04:15:13+00:00
0xab79b5c4a2e88758db7069e71b30635650a2aca9,sell,1,0.03901476039628543,1789532741.7345,1789532741.7345,2026-09-16T04:25:41.734499931+00:00,2026-09-16T04:25:41.734499931+00:00
0xd9b19ae1ae4f3b30eb3fadddbf2328498316b980,buy,1,0.038715185324144655,1789531365.8864958,1789531365.8864958,2026-09-16T04:02:45.886495829+00:00,2026-09-16T04:02:45.886495829+00:00
0xece7baf9118dbffa91ac1bebd816bf254f32434f,buy,1,0.03842070071638691,1789538606.8,1789538606.8,2026-09-16T06:03:26.799999952+00:00,2026-09-16T06:03:26.799999952+00:00
0x4e484adcc5650e3a90aab95afea6fc09184b5e20,buy,1,0.03838373442185226,1789538511.3424,1789538511.3424,2026-09-16T06:01:51.342400074+00:00,2026-09-16T06:01:51.342400074+00:00
0x7458c2251baf3f97f700b3826541b8d2ffc48160,sell,1,0.03774347034441224,1789535670.1192,1789535670.1192,2026-09-16T05:14:30.119199991+00:00,2026-09-16T05:14:30.119199991+00:00
0xd083d2e970004cdc80600c8309c49b36588e1fad,sell,1,0.03713021326456909,1789535965.2952,1789535965.2952,2026-09-16T05:19:25.295200109+00:00,2026-09-16T05:19:25.295200109+00:00
0x896ff98445ede107839a46df3cc302ad2ec4c166,sell,1,0.03710217093331455,1789532323.8933334,1789532323.8933334,2026-09-16T04:18:43.893333435+00:00,2026-09-16T04:18:43.893333435+00:00
0xc8307065617249235c2582a649f16f8e7a776f1e,sell,1,0.03572317378402694,1789535957.3636,1789535957.3636,2026-09-16T05:19:17.363600016+00:00,2026-09-16T05:19:17.363600016+00:00
0x0339fc776ce3828d07820f979b47d46026071dbd,buy,1,0.03568843897242103,1789529141.007,1789529141.007,2026-09-16T03:25:41.006999969+00:00,2026-09-16T03:25:41.006999969+00:00
0x7d2993924016f5bd7c8c1e936e0b7119297f58fb,buy,1,0.035398836768550906,1789533515.082,1789533515.082,2026-09-16T04:38:35.082000017+00:00,2026-09-16T04:38:35.082000017+00:00
0x00000000cf1cd5867be5d90b99a6ebd683bc031c,sell,1,0.03433133488340193,1789533593.7882,1789533593.7882,2026-09-16T04:39:53.788199902+00:00,2026-09-16T04:39:53.788199902+00:00
0xce9df13a38fca853b6c3ef850d5a172e80363864,sell,1,0.03372078617255715,1789536787.9755843,1789536787.9755843,2026-09-16T05:33:07.975584269+00:00,2026-09-16T05:33:07.975584269+00:00
0xdb6cb34ab02fe251806a4ede94889a5352322305,sell,1,0.03175861338292975,1789527625.839069,1789527625.839069,2026-09-16T03:00:25.839068890+00:00,2026-09-16T03:00:25.839068890+00:00
0x623bd58628b91cb3dad894a8c3956f53b776d3a7,sell,1,0.031662439193606555,1789531151.3106256,1789531151.3106256,2026-09-16T03:59:11.310625553+00:00,2026-09-16T03:59:11.310625553+00:00
0xb9b709ad5cd8fdbb1d7927fc2091ad1debed9642,sell,1,0.031295009124233386,1789535672.4284,1789535672.4284,2026-09-16T05:14:32.428400040+00:00,2026-09-16T05:14:32.428400040+00:00
0x292b51c522e645e43130489cfee3150a2deafbbc,buy,1,0.030817203910298692,1789538618.392,1789538618.392,2026-09-16T06:03:38.391999960+00:00,2026-09-16T06:03:38.391999960+00:00
0x6f8adc605edf0da9f3970d12405e8e47e9ac7454,buy,1,0.030402559423131217,1789531998.5663874,1789531998.5663874,2026-09-16T04:13:18.566387415+00:00,2026-09-16T04:13:18.566387415+00:00
0x045336526854f9cfbd36c1b6afccae811405bd64,buy,1,0.030273147214507447,1789535096.7521641,1789535096.7521641,2026-09-16T05:04:56.752164125+00:00,2026-09-16T05:04:56.752164125+00:00
0x4dd69b23ab6f16f3f8219dba636354b67349b0e0,sell,4,0.029739958034695486,1789532106.0,1789532113.0,2026-09-16T04:15:06+00:00,2026-09-16T04:15:13+00:00
0x56c69177e88ea8c1c44fe5ae713fe1aabd09b94d,sell,4,0.029723914688646377,1789532106.0,1789532113.0,2026-09-16T04:15:06+00:00,2026-09-16T04:15:13+00:00
0xd1836f28f43e3f451120db79f3e40629e3438cd3,sell,4,0.029723880057532886,1789532106.0,1789532113.0,2026-09-16T04:15:06+00:00,2026-09-16T04:15:13+00:00
0xa37c7dc1f519c427518b409b423aee0b319e71ec,sell,4,0.029704895772553863,1789532106.0,1789532113.0,2026-09-16T04:15:06+00:00,2026-09-16T04:15:13+00:00
0x3c86d511803afb9b7478a15527274f9b464bab89,sell,4,0.02969279710791832,1789532106.0,1789532113.0,2026-09-16T04:15:06+00:00,2026-09-16T04:15:13+00:00
0x384ea7b9754386f59894312f0bcf2b2d624b36f2,sell,4,0.02968550618721239,1789532106.0,1789532113.0,2026-09-16T04:15:06+00:00,2026-09-16T04:15:13+00:00
0x8004ce0fc1d60da4ebc15c8e0557532f44cdba9b,sell,4,0.029675848769842927,1789532106.0,1789532113.0,2026-09-16T04:15:06+00:00,2026-09-16T04:15:13+00:00
0xfb5ea923b63f2dfd2dd609bf56511d0cb28b91c3,sell,4,0.029664203733314805,1789532106.0,1789532113.0,2026-09-16T04:15:06+00:00,2026-09-16T04:15:13+00:00
0x7bca08c776a278f49cee431f66ec07013e53709c,sell,4,0.029660612681912002,1789532106.0,1789532113.0,2026-09-16T04:15:06+00:00,2026-09-16T04:15:13+00:00
0xfcaaae0c322be427d4cff22d1f5318c12e262975,sell,4,0.02965690015272476,1789532106.0,1789532113.0,2026-09-16T04:15:06+00:00,2026-09-16T04:15:13+00:00
0xc7ea727095266741e48a949dd14a102d123b4e52,sell,4,0.02965249876427425,1789532106.0,1789532113.0,2026-09-16T04:15:06+00:00,2026-09-16T04:15:13+00:00
0x4883d497b43e981cffa0c15c0008e0c9413af57a,sell,4,0.02964529587447818,1789532106.0,1789532113.0,2026-09-16T04:15:06+00:00,2026-09-16T04:15:13+00:00
0xec230a7dbc09c9715f2918c36d7f217e178ab4cd,sell,4,0.029641374733080667,1789532106.0,1789532113.0,2026-09-16T04:15:06+00:00,2026-09-16T04:15:13+00:00
0xf70d7aacbd551dc76636d7d90369ee12ba20dd5f,sell,4,0.029637111328266016,1789532106.0,1789532113.0,2026-09-16T04:15:06+00:00,2026-09-16T04:15:13+00:00
0x9cd71850a7f491e5c46b2cddd11c811a17532dc9,sell,4,0.029633617479563813,1789532106.0,1789532113.0,2026-09-16T04:15:06+00:00,2026-09-16T04:15:13+00:00
0xe28f3ed9774960e86f6f594dbbc4c1529ab17a6f,buy,1,0.029106,1789532331.527111,1789532331.527111,2026-09-16T04:18:51.527111053+00:00,2026-09-16T04:18:51.527111053+00:00
0x56e8b103dcfebfc3d9d594cc444c95de5c4d2643,buy,1,0.029106,1789538774.766,1789538774.766,2026-09-16T06:06:14.766000032+00:00,2026-09-16T06:06:14.766000032+00:00
0x43fecfbb9b06ebe000bf1abdc098b090b80a618e,sell,1,0.028257155401348745,1789534852.4910688,1789534852.4910688,2026-09-16T05:00:52.491068840+00:00,2026-09-16T05:00:52.491068840+00:00
0xcb45b32f1381be6dd6992041556edc4281ceae9a,buy,1,0.02555346944529715,1789539090.593,1789539090.593,2026-09-16T06:11:30.592999935+00:00,2026-09-16T06:11:30.592999935+00:00
0x56b36af95614bd5ef8e9279da81e9cc65edb177d,sell,1,0.02553365923324682,1789529516.5468,1789529516.5468,2026-09-16T03:31:56.546799898+00:00,2026-09-16T03:31:56.546799898+00:00
0x379c27672ee75c574b24aa463a595100b3b99db5,sell,1,0.024501398194663352,1789531553.9097435,1789531553.9097435,2026-09-16T04:05:53.909743547+00:00,2026-09-16T04:05:53.909743547+00:00
0xb179fa373c86fda3beb7adb2524758797c10c574,sell,1,0.023850555850272896,1789529913.3709407,1789529913.3709407,2026-09-16T03:38:33.370940685+00:00,2026-09-16T03:38:33.370940685+00:00
0xeaf91dbaee1c9efa2aaf323fe876548a0744ee66,sell,1,0.023699010478312937,1789535830.8596,1789535830.8596,2026-09-16T05:17:10.859600067+00:00,2026-09-16T05:17:10.859600067+00:00
0x0d420e7c70140d1686e08354d468feda1eaa9b11,buy,1,0.02341486100709408,1789538798.299,1789538798.299,2026-09-16T06:06:38.299000025+00:00,2026-09-16T06:06:38.299000025+00:00
0x8adbfae06c613c7e4e356ab385554d9d459f2a86,sell,1,0.02333696952244257,1789534412.5716,1789534412.5716,2026-09-16T04:53:32.571599960+00:00,2026-09-16T04:53:32.571599960+00:00
0x1e16633bd36b7dfdd759b27587595a3f39b3b87d,buy,1,0.023273245445005655,1789538583.9184,1789538583.9184,2026-09-16T06:03:03.918400049+00:00,2026-09-16T06:03:03.918400049+00:00
0x8e6b35a59a00f02d58f2947aede22bbca097d9e4,buy,1,0.023183876597367543,1789535440.9886105,1789535440.9886105,2026-09-16T05:10:40.988610506+00:00,2026-09-16T05:10:40.988610506+00:00
0x25e484c57354f7bdda691084c97ce83e0d20b7fe,buy,1,0.021213432231737658,1789538590.672,1789538590.672,2026-09-16T06:03:10.671999931+00:00,2026-09-16T06:03:10.671999931+00:00
0xfd84958c76fa6332c79bfd0c34b9baae258a814b,buy,1,0.02025252089228795,1789530773.6764822,1789530773.6764822,2026-09-16T03:52:53.676482201+00:00,2026-09-16T03:52:53.676482201+00:00
0x5f4f198ba4c66f3a347a53682f5f851ebc6af1d8,buy,1,0.02022489266787772,1789528150.9700398,1789528150.9700398,2026-09-16T03:09:10.970039845+00:00,2026-09-16T03:09:10.970039845+00:00
0x9d7eadc9f830c76365ea2e402650a4f4314fcb62,buy,1,0.02020400707125757,1789528234.1105194,1789528234.1105194,2026-09-16T03:10:34.110519409+00:00,2026-09-16T03:10:34.110519409+00:00
0x59c553e72416c7ea76f47be131c9ad794871391e,buy,1,0.02010710654376629,1789532024.0,1789532024.0,2026-09-16T04:13:44+00:00,2026-09-16T04:13:44+00:00
0xcff47b04bddd029c68453b85f373cc2d5366e3e0,sell,1,0.019849756691189144,1789535094.83918,1789535094.83918,2026-09-16T05:04:54.839179993+00:00,2026-09-16T05:04:54.839179993+00:00
0x7ae5333221a7dcd26eeb0194374ecd6d2be94479,buy,1,0.01957648686,1789530644.0160973,1789530644.0160973,2026-09-16T03:50:44.016097307+00:00,2026-09-16T03:50:44.016097307+00:00
0x90738366a044c13ea0a1393d1761d7625ed3f0a9,buy,2,0.019536357327681615,1789533968.5232,1789536842.9236135,2026-09-16T04:46:08.523200035+00:00,2026-09-16T05:34:02.923613548+00:00
0x3c523a57e98637938302a1114b0311e793636ddc,buy,1,0.0195216,1789528678.1464,1789528678.1464,2026-09-16T03:17:58.146399975+00:00,2026-09-16T03:17:58.146399975+00:00
0xcabe8d7e6c7a96dca2657e63e3d2c8711f9406d1,sell,1,0.019420526846421357,1789532298.5813334,1789532298.5813334,2026-09-16T04:18:18.581333399+00:00,2026-09-16T04:18:18.581333399+00:00
0x17c485b4d433ab5aaa1f1cdde3715c7e8e6ed2c3,buy,1,0.019404,1789528188.6697736,1789528188.6697736,2026-09-16T03:09:48.669773579+00:00,2026-09-16T03:09:48.669773579+00:00
0xd33558a492d4a413fb8ac118824af9e22a127fb7,buy,1,0.019404,1789531287.1555555,1789531287.1555555,2026-09-16T04:01:27.155555487+00:00,2026-09-16T04:01:27.155555487+00:00
0xb179fa373c86fda3beb7adb2524758797c10c574,buy,1,0.019404,1789529952.2309358,1789529952.2309358,2026-09-16T03:39:12.230935812+00:00,2026-09-16T03:39:12.230935812+00:00
0xe80a9aa3ca442e7ca1e24d76a660c0ee5f683e52,sell,1,0.019068118970187935,1789527948.3968043,1789527948.3968043,2026-09-16T03:05:48.396804333+00:00,2026-09-16T03:05:48.396804333+00:00
0x57c014e3fca462789060f8b65e9c029d9f0118cf,sell,1,0.01858881360296485,1789534308.5512,1789534308.5512,2026-09-16T04:51:48.551199913+00:00,2026-09-16T04:51:48.551199913+00:00
0x587c07d5f6bcbf3ebc4c2773c119ed72870268ee,buy,1,0.017793513981436977,1789535477.6373577,1789535477.6373577,2026-09-16T05:11:17.637357712+00:00,2026-09-16T05:11:17.637357712+00:00
0xb6945a4f560504a51ddc3fa4ab6013c4559a00eb,sell,1,0.01714032869426143,1789538008.252101,1789538008.252101,2026-09-16T05:53:28.252100945+00:00,2026-09-16T05:53:28.252100945+00:00
0x28162c93e451dcf167108a51878423ba5a1a6956,buy,1,0.016140927126152445,1789538577.1648,1789538577.1648,2026-09-16T06:02:57.164799929+00:00,2026-09-16T06:02:57.164799929+00:00
0x69cdd22e49f087871283912024f91034cad1c84a,sell,1,0.01604662526074196,1789537711.5872,1789537711.5872,2026-09-16T05:48:31.587199926+00:00,2026-09-16T05:48:31.587199926+00:00
0x522d51b589ac495ab20a205bd32dcf5beb8d1d0f,buy,1,0.015644018426068232,1789528313.8328896,1789528313.8328896,2026-09-16T03:11:53.832889557+00:00,2026-09-16T03:11:53.832889557+00:00
0x3f9f71d0edafedb92045e41137f4a57553ccbea0,buy,1,0.0155232,1789530677.515901,1789530677.515901,2026-09-16T03:51:17.515901089+00:00,2026-09-16T03:51:17.515901089+00:00
0x2b9433597feb4817426a76c66849052290580539,sell,1,0.01524911512600248,1789534385.9126,1789534385.9126,2026-09-16T04:53:05.912600040+00:00,2026-09-16T04:53:05.912600040+00:00
0x1b36374d5a26c45726632162188f7162dcf39639,sell,5,0.015175525906267183,1789528209.9826899,1789533728.5922,2026-09-16T03:10:09.982689857+00:00,2026-09-16T04:42:08.592200041+00:00
0xae3e13042a21c7415f3a05016a4221528b35b9f6,sell,1,0.015151474606511514,1789534813.233675,1789534813.233675,2026-09-16T05:00:13.233675003+00:00,2026-09-16T05:00:13.233675003+00:00
0x90742a7bd8518c7b8539badb850fec0cffc39612,sell,1,0.01503964089855083,1789529755.7161415,1789529755.7161415,2026-09-16T03:35:55.716141462+00:00,2026-09-16T03:35:55.716141462+00:00
0x4ad44f94f1ef91d54ca62aa517c5fb098ebb1c3c,sell,1,0.01455736624609632,1789537668.9488,1789537668.9488,2026-09-16T05:47:48.948800087+00:00,2026-09-16T05:47:48.948800087+00:00
0xba47a33accb9e013dd6817ea981ef6591aca6a39,sell,1,0.013507558418110832,1789534353.3182,1789534353.3182,2026-09-16T04:52:33.318200111+00:00,2026-09-16T04:52:33.318200111+00:00
0x6c59240e64a85376cd6cf566ba078b179caeedbf,sell,1,0.013399605218587476,1789527495.75,1789527495.75,2026-09-16T02:58:15.750000+00:00,2026-09-16T02:58:15.750000+00:00
0x2b66d53d7b030f64ee6a3df5346755bd1a0d798e,sell,1,0.012924547681117005,1789534365.692,1789534365.692,2026-09-16T04:52:45.691999912+00:00,2026-09-16T04:52:45.691999912+00:00
0x1b36374d5a26c45726632162188f7162dcf39639,buy,10,0.012355207577235312,1789528576.5404,1789535055.0692482,2026-09-16T03:16:16.540400028+00:00,2026-09-16T05:04:15.069248199+00:00
0x492f7c5357f1cac773ff204218b5c00dd6710584,buy,1,0.012138128319865124,1789531383.7982905,1789531383.7982905,2026-09-16T04:03:03.798290491+00:00,2026-09-16T04:03:03.798290491+00:00
0xb5abc2c12fb9b20a4bc471caf0d49446143bfde1,sell,1,0.012006525446745584,1789534855.695754,1789534855.695754,2026-09-16T05:00:55.695754051+00:00,2026-09-16T05:00:55.695754051+00:00
0x4ad44f94f1ef91d54ca62aa517c5fb098ebb1c3c,buy,1,0.01199586434900075,1789535485.087927,1789535485.087927,2026-09-16T05:11:25.087927103+00:00,2026-09-16T05:11:25.087927103+00:00
0x0c8048326b825d6089d4bd2bc9e52586ecc310d7,sell,1,0.011830766454308753,1789527988.509321,1789527988.509321,2026-09-16T03:06:28.509320974+00:00,2026-09-16T03:06:28.509320974+00:00
0x861fa17322fcb89de5fd7964e60589fdb59ca3be,buy,1,0.011331786192248013,1789535003.6200457,1789535003.6200457,2026-09-16T05:03:23.620045662+00:00,2026-09-16T05:03:23.620045662+00:00
0xc7389bb44f734881bc0a6ef34604df22c333ba72,sell,1,0.01132912236598346,1789527489.117,1789527489.117,2026-09-16T02:58:09.117000103+00:00,2026-09-16T02:58:09.117000103+00:00
0xff218cbb3359497cbb7ebf22cda20e47b775ee64,sell,1,0.011305129006790577,1789534146.9876,1789534146.9876,2026-09-16T04:49:06.987600088+00:00,2026-09-16T04:49:06.987600088+00:00
0x943277b82c45074d2556917e26eb7540b6287050,sell,1,0.010848946070335617,1789531199.1285348,1789531199.1285348,2026-09-16T03:59:59.128534794+00:00,2026-09-16T03:59:59.128534794+00:00
0x70bb9c7d457866ae8412a53852c95520fa425c5f,sell,1,0.010690562358126604,1789533680.3042,1789533680.3042,2026-09-16T04:41:20.304199934+00:00,2026-09-16T04:41:20.304199934+00:00
0x658acef2293988d6a03ac53c9486521c35258b3b,sell,1,0.0106889149079905,1789527561.6406882,1789527561.6406882,2026-09-16T02:59:21.640688181+00:00,2026-09-16T02:59:21.640688181+00:00
0xd81e909874f9afd0ea8fc61ce32f9a2dd2121087,sell,1,0.010628297951099404,1789533388.9545,1789533388.9545,2026-09-16T04:36:28.954499960+00:00,2026-09-16T04:36:28.954499960+00:00
0xcd5dc1fc17cfa54be1a16afb16541b5def29d8df,sell,1,0.010300111464258369,1789534866.2111273,1789534866.2111273,2026-09-16T05:01:06.211127281+00:00,2026-09-16T05:01:06.211127281+00:00
0xd92d735eda65497b12e827455e3cec9d03847a1a,buy,1,0.01021138681625696,1789530757.0274832,1789530757.0274832,2026-09-16T03:52:37.027483225+00:00,2026-09-16T03:52:37.027483225+00:00
0x2803c2df4cbfb581b03f5857ebc55c47f549d65a,buy,1,0.010188055905115088,1789529333.656,1789529333.656,2026-09-16T03:28:53.655999899+00:00,2026-09-16T03:28:53.655999899+00:00
0x40885d4dd0dbe80438630fa7f37655734811e2a4,buy,1,0.010095412478825953,1789538591.68,1789538591.68,2026-09-16T06:03:11.680000067+00:00,2026-09-16T06:03:11.680000067+00:00
0x539d84b07c598672e3881b8a708c761b596d1cc6,buy,1,0.0098,1789530948.5,1789530948.5,2026-09-16T03:55:48.500000+00:00,2026-09-16T03:55:48.500000+00:00
0x21d5996bbc760627d71f857f321249b61da96351,buy,1,0.0098,1789531909.6488752,1789531909.6488752,2026-09-16T04:11:49.648875237+00:00,2026-09-16T04:11:49.648875237+00:00
0x1260ef190b554864c410326882178ccc6481cc10,buy,1,0.009702,1789528744.3412,1789528744.3412,2026-09-16T03:19:04.341200113+00:00,2026-09-16T03:19:04.341200113+00:00
0xb85f0e5f8b72cf5c81d82f7fc6c35703f5d229ad,buy,1,0.009702,1789530618.9921477,1789530618.9921477,2026-09-16T03:50:18.992147684+00:00,2026-09-16T03:50:18.992147684+00:00
0x539d84b07c598672e3881b8a708c761b596d1cc6,sell,1,0.009629056991939276,1789530965.8,1789530965.8,2026-09-16T03:56:05.799999952+00:00,2026-09-16T03:56:05.799999952+00:00
0xad223df983dbb09aec07331978e161a5b7bd6ec6,sell,1,0.009518218043268252,1789527558.3694332,1789527558.3694332,2026-09-16T02:59:18.369433165+00:00,2026-09-16T02:59:18.369433165+00:00
0xe5173b0dbae94017452426e3f0eddeb5a2193065,sell,1,0.009213341002697096,1789537261.0112,1789537261.0112,2026-09-16T05:41:01.011199951+00:00,2026-09-16T05:41:01.011199951+00:00
0xcb3dfd813ade80200ca7ac932fff1417e3cb79a1,buy,1,0.009064604649830294,1789534505.4254,1789534505.4254,2026-09-16T04:55:05.425400019+00:00,2026-09-16T04:55:05.425400019+00:00
0x507987982fb9da92a7da7751624598b251acc050,sell,1,0.008162506707258436,1789527513.9405,1789527513.9405,2026-09-16T02:58:33.940500021+00:00,2026-09-16T02:58:33.940500021+00:00
0x5a2ec8fc323180c33638bc02cbaaf139ecf37d94,sell,1,0.008136318336889313,1789528418.9900134,1789528418.9900134,2026-09-16T03:13:38.990013361+00:00,2026-09-16T03:13:38.990013361+00:00
0x20f9a11d2668a675e2381151c709b1996de1da5e,buy,1,0.008131561265123023,1789528149.1604528,1789528149.1604528,2026-09-16T03:09:09.160452843+00:00,2026-09-16T03:09:09.160452843+00:00
0xc9dfb7e76a4d14114643a46d5bf3616bf154c94b,buy,1,0.00805882468244293,1789535642.6096,1789535642.6096,2026-09-16T05:14:02.609600067+00:00,2026-09-16T05:14:02.609600067+00:00
0x7eb103fb3ab84b08c5f58907c7755d95e507b49a,sell,1,0.007633755825536411,1789533719.9406,1789533719.9406,2026-09-16T04:41:59.940599918+00:00,2026-09-16T04:41:59.940599918+00:00
0x09d619b19f45f8a5d9c86ee90580887d9424d663,sell,1,0.00753547107140988,1789532304.0053334,1789532304.0053334,2026-09-16T04:18:24.005333424+00:00,2026-09-16T04:18:24.005333424+00:00
0x42826cef7fd14001728df68359a7c2224dee04ef,sell,1,0.00749434867624703,1789538012.2857144,1789538012.2857144,2026-09-16T05:53:32.285714388+00:00,2026-09-16T05:53:32.285714388+00:00
0x731097ac3088b7f23142490a8dd6f50c6a90ab12,sell,1,0.007176523026366562,1789538819.307,1789538819.307,2026-09-16T06:06:59.306999922+00:00,2026-09-16T06:06:59.306999922+00:00
0x8c3b9a8dc0ec1cedcdab6b87c97f469cd8ba74d0,buy,1,0.007111736794550014,1789533992.2648,1789533992.2648,2026-09-16T04:46:32.264800072+00:00,2026-09-16T04:46:32.264800072+00:00
0x1bbc0c1cfe4cfc510804739aa1aa697aeb851011,buy,1,0.007070953790043296,1789534427.3598,1789534427.3598,2026-09-16T04:53:47.359800100+00:00,2026-09-16T04:53:47.359800100+00:00
0x3d1797bf7d690342cdbfa2654a38a6b7206eb0ae,buy,1,0.007032429262960683,1789531588.5244818,1789531588.5244818,2026-09-16T04:06:28.524481773+00:00,2026-09-16T04:06:28.524481773+00:00
0x98a92a5d8363feabe26047824f579b332c32a988,sell,1,0.006815902021229431,1789532194.8222222,1789532194.8222222,2026-09-16T04:16:34.822222233+00:00,2026-09-16T04:16:34.822222233+00:00
0xd99f5b7dc9fd674d6dedd7f583c3691c4ab3f2ff,sell,1,0.006615342800125684,1789537769.9634762,1789537769.9634762,2026-09-16T05:49:29.963476181+00:00,2026-09-16T05:49:29.963476181+00:00
0x149f9e276e77cb13bc0fee312127122025455c49,buy,1,0.00638265474,1789532164.7893333,1789532164.7893333,2026-09-16T04:16:04.789333344+00:00,2026-09-16T04:16:04.789333344+00:00
0x4933228adcedc76e1f726d113cf0bef24ba55504,sell,1,0.006196206426284929,1789532499.0684445,1789532499.0684445,2026-09-16T04:21:39.068444490+00:00,2026-09-16T04:21:39.068444490+00:00
0x4933228adcedc76e1f726d113cf0bef24ba55504,buy,1,0.006122820996078781,1789531330.062906,1789531330.062906,2026-09-16T04:02:10.062906027+00:00,2026-09-16T04:02:10.062906027+00:00
0x8c7d734e2d28c08b7286a46f0b151e791d3abecf,buy,2,0.0058212,1789530760.8617983,1789531141.727078,2026-09-16T03:52:40.861798286+00:00,2026-09-16T03:59:01.727077961+00:00
0xf7f15c060c53ef137c8edcea795d0e278c93b45c,sell,1,0.005770376990070234,1789533375.387,1789533375.387,2026-09-16T04:36:15.387000084+00:00,2026-09-16T04:36:15.387000084+00:00
0xab4638b54e1d12eb8e65539d5cba2765811560e6,sell,1,0.005746782186297899,1789535047.3166287,1789535047.3166287,2026-09-16T05:04:07.316628695+00:00,2026-09-16T05:04:07.316628695+00:00
0xa6d2209d2237d785ad2078cef30c251045c2d482,buy,1,0.005691032650577356,1789528116.0852196,1789528116.0852196,2026-09-16T03:08:36.085219622+00:00,2026-09-16T03:08:36.085219622+00:00
0x0974705dba672386fae3329ffffac129879c5342,sell,1,0.005642009650761487,1789533530.8605,1789533530.8605,2026-09-16T04:38:50.860500097+00:00,2026-09-16T04:38:50.860500097+00:00
0x379cc4bb3eda8cf3ca053d779fb835b7422ba4e8,sell,6,0.005312002975918934,1789532106.0,1789532113.3,2026-09-16T04:15:06+00:00,2026-09-16T04:15:13.299999952+00:00
0x711845b607f9cf587e784dca8f0ff2cb3ee9ce18,sell,1,0.00492155348868881,1789537293.0656,1789537293.0656,2026-09-16T05:41:33.065599917+00:00,2026-09-16T05:41:33.065599917+00:00
0x73617259d94b37a4d069989daa37162ed28f27fc,buy,1,0.004851,1789534088.6396,1789534088.6396,2026-09-16T04:48:08.639600039+00:00,2026-09-16T04:48:08.639600039+00:00
0xe1b075e6d987aa31d7a62be014d83356fbab1771,buy,1,0.004851,1789528853.5928,1789528853.5928,2026-09-16T03:20:53.592799902+00:00,2026-09-16T03:20:53.592799902+00:00
0x8b77af2f1f0153c898148f279e71d3e24c176183,sell,1,0.00482838590403594,1789533296.4945,1789533296.4945,2026-09-16T04:34:56.494499922+00:00,2026-09-16T04:34:56.494499922+00:00
0x78bb46a3359bcd6cac3455c95b16eea928e185aa,buy,1,0.004445057016346388,1789531159.3967438,1789531159.3967438,2026-09-16T03:59:19.396743774+00:00,2026-09-16T03:59:19.396743774+00:00
0x09632791d1a1beac212e0a9138a1238abc0eaa69,sell,1,0.004205291366242103,1789534584.7988,1789534584.7988,2026-09-16T04:56:24.798799992+00:00,2026-09-16T04:56:24.798799992+00:00
0xdbecff5e4c8417a542f53903412e20beb04eed1b,sell,1,0.004162941527524634,1789533762.1926,1789533762.1926,2026-09-16T04:42:42.192600012+00:00,2026-09-16T04:42:42.192600012+00:00
0xbdedc063f61566c3085dd858a1078df09a26aee0,buy,2,0.0040796364313620305,1789535476.2277904,1789538558.1136,2026-09-16T05:11:16.227790356+00:00,2026-09-16T06:02:38.113600016+00:00
0xbcd5a3a8fc50949d881a331f79763d8f72fa6e09,buy,1,0.004043556991350374,1789539292.539667,1789539292.539667,2026-09-16T06:14:52.539666891+00:00,2026-09-16T06:14:52.539666891+00:00
0x85083bada66f5e545d83eca444aeaf1e58bd7eda,buy,1,0.003968037127434915,1789539205.632,1789539205.632,2026-09-16T06:13:25.631999969+00:00,2026-09-16T06:13:25.631999969+00:00
0x2229698be33202137ba212ed6fd6a01fe505f67e,buy,1,0.00294,1789538506.7056,1789538506.7056,2026-09-16T06:01:46.705600023+00:00,2026-09-16T06:01:46.705600023+00:00
0xdbf09a3e99117c3131cfbce8ed64068ef1df00e8,sell,1,0.002773166287360753,1789535197.334852,1789535197.334852,2026-09-16T05:06:37.334851980+00:00,2026-09-16T05:06:37.334851980+00:00
0x47e02fb0860c303a5434885d5ab02d985f4e84d5,sell,1,0.002348298072070034,1789537321.3904,1789537321.3904,2026-09-16T05:42:01.390399933+00:00,2026-09-16T05:42:01.390399933+00:00
0xe48797eb4ff223565701006472711d1197b2a342,sell,1,0.00209849475137831,1789532169.208889,1789532169.208889,2026-09-16T04:16:09.208889008+00:00,2026-09-16T04:16:09.208889008+00:00
0xbdedc063f61566c3085dd858a1078df09a26aee0,sell,1,0.002000093575571879,1789536371.5136,1789536371.5136,2026-09-16T05:26:11.513600111+00:00,2026-09-16T05:26:11.513600111+00:00
0xbabba65772e591b7b399bfa8f3c405a36577a68f,buy,1,0.0017199,1789535861.1804,1789535861.1804,2026-09-16T05:17:41.180399895+00:00,2026-09-16T05:17:41.180399895+00:00
0xbabba65772e591b7b399bfa8f3c405a36577a68f,sell,2,0.001661002394208386,1789536731.219393,1789538733.2032,2026-09-16T05:32:11.219393015+00:00,2026-09-16T06:05:33.203200102+00:00
0x0bcb2ff60825998b8eedfdd1434b79dc03ccf327,sell,1,0.001657291903554605,1789533311.5695,1789533311.5695,2026-09-16T04:35:11.569499969+00:00,2026-09-16T04:35:11.569499969+00:00
0x3031b8e1400072af0ce02e3aea0a0efd0ad51caa,buy,3,0.001223487338724874,1789527962.069241,1789530181.3639643,2026-09-16T03:06:02.069241047+00:00,2026-09-16T03:43:01.363964319+00:00
0x19bb294144222e0eeb3f8235f6ebd31a43be41a5,buy,1,0.001215455838065,1789531563.3210256,1789531563.3210256,2026-09-16T04:06:03.321025610+00:00,2026-09-16T04:06:03.321025610+00:00
0x2b46cde4e5e175218fdf99a9e7df39f2cbebd286,sell,1,0.001164507300392206,1789534980.4628701,1789534980.4628701,2026-09-16T05:03:00.462870121+00:00,2026-09-16T05:03:00.462870121+00:00
0xd8e88b6b22b2bf5cfb9ce98d2646bbcc99ea915e,sell,1,0.000980955836852739,1789528165.8488681,1789528165.8488681,2026-09-16T03:09:25.848868132+00:00,2026-09-16T03:09:25.848868132+00:00
0xe4df921bb3f1e685410986f349241ea430d573d1,buy,1,0.0008096135544,1789539196.138,1789539196.138,2026-09-16T06:13:16.138000011+00:00,2026-09-16T06:13:16.138000011+00:00
0xe4df921bb3f1e685410986f349241ea430d573d1,sell,1,0.000795992679068811,1789538510.2336,1789538510.2336,2026-09-16T06:01:50.233599901+00:00,2026-09-16T06:01:50.233599901+00:00
0xba41f2ab5077ff00451a2512ea6721cfd22b905f,sell,1,0.000768627585110968,1789534853.5926793,1789534853.5926793,2026-09-16T05:00:53.592679262+00:00,2026-09-16T05:00:53.592679262+00:00
0x9e9bae867391ef072a14879d8bcbe08f43339e71,sell,1,0.000678467346336342,1789532997.4065,1789532997.4065,2026-09-16T04:29:57.406500101+00:00,2026-09-16T04:29:57.406500101+00:00
0xbab68c97f51699dda87491f521b83307d04e96ae,sell,1,0.000600847558533118,1789527896.8235686,1789527896.8235686,2026-09-16T03:04:56.823568583+00:00,2026-09-16T03:04:56.823568583+00:00
0x7ad1b12e60e114ddd6c607f442bed3abcef83753,buy,1,0.000404523381400252,1789539326.6630754,1789539326.6630754,2026-09-16T06:15:26.663075447+00:00,2026-09-16T06:15:26.663075447+00:00
0xc94b20fc61de98cdcbe80fe509b8958febf9d741,sell,1,0.000368152824133517,1789535577.011845,1789535577.011845,2026-09-16T05:12:57.011845112+00:00,2026-09-16T05:12:57.011845112+00:00
0x6c39dbf7d1a6ee9f42a0211f0f59db38123da995,sell,1,0.000128455935833175,1789530394.5905702,1789530394.5905702,2026-09-16T03:46:34.590570211+00:00,2026-09-16T03:46:34.590570211+00:00
0x545322d21d3e186639a1571aab35833855db1ce2,sell,1,7.6676396385304e-05,1789536418.7016,1789536418.7016,2026-09-16T05:26:58.701600075+00:00,2026-09-16T05:26:58.701600075+00:00
