tx,block,transaction_index,timestamp,utc_approx,exact_header,side,buy_eth,sell_eth,gross_eth,swap_logs,actor,transaction_sender,transaction_to,tokens,price_eth,bin_utc,wallet_tokens_before,fraction_sold
0x28a4d246d4fbd8d4d3447ac28437a49104d9e3cb42af835ac52558c745e5979e,64214492,3,1789532106.0,2026-09-16T04:15:06+00:00,True,sell,0.0,0.007980386645609261,0.007980386645609261,1,0x547a10b63ab4c784a49da5805610b9ee2d74377c,0x547a10b63ab4c784a49da5805610b9ee2d74377c,0x65050a9b7e5075a2ba5ced7b1b64ee66262c40dc,70.92420065076105,0.00011365623902273009,2026-09-16 04:15:00+00:00,1418.484013015221,0.049999999999999996
0xe7e38f6d17722b9561a9e79e128744c802a7e4dbfa84e270a65063a0e00a9966,64214492,5,1789532106.0,2026-09-16T04:15:06+00:00,True,sell,0.0,0.00797931957071568,0.00797931957071568,1,0xbb21016a9f51db55e545e75fab5e6088490b5f27,0xbb21016a9f51db55e545e75fab5e6088490b5f27,0x65050a9b7e5075a2ba5ced7b1b64ee66262c40dc,70.91504639563125,0.00011365571148646131,2026-09-16 04:15:00+00:00,1418.300927912625,0.05
0x29ee214930c38780bf663904fd5801c025811e4b39e1f7386c8d51b634e5b475,64214492,6,1789532106.0,2026-09-16T04:15:06+00:00,True,sell,0.0,5.7218635545565615,5.7218635545565615,1,0x5638484ba2d2f1d1d35020572b0aa439a9869192,0x5638484ba2d2f1d1d35020572b0aa439a9869192,0x65050a9b7e5075a2ba5ced7b1b64ee66262c40dc,50937.12010469342,0.00011327773748042518,2026-09-16 04:15:00+00:00,1018742.4020938685,0.049999999999999996
0x8a0162b7264d582b68eeba3d2d69be48324b5e1abba085441fdc28142023282f,64214492,12,1789532106.0,2026-09-16T04:15:06+00:00,True,sell,0.0,0.0079394189055385,0.0079394189055385,1,0x2aa460bce4bd548fe402c8797de1db122fbcd7b6,0x2aa460bce4bd548fe402c8797de1db122fbcd7b6,0x65050a9b7e5075a2ba5ced7b1b64ee66262c40dc,70.79620218356025,0.00011327721345684985,2026-09-16 04:15:00+00:00,1415.9240436712053,0.049999999999999996
0x27f89b7746893ff8182f6871300ee60f7a1948cdce3a0e8bf6c11bd51e146caf,64214492,15,1789532106.0,2026-09-16T04:15:06+00:00,True,sell,0.0,0.008874522399920788,0.008874522399920788,1,0x4883d497b43e981cffa0c15c0008e0c9413af57a,0x4883d497b43e981cffa0c15c0008e0c9413af57a,0x65050a9b7e5075a2ba5ced7b1b64ee66262c40dc,79.1349552404421,0.00011327662771529588,2026-09-16 04:15:00+00:00,1582.6991048088419,0.05
0x2a4f4ecb83a5beab27ebf86715a2475ee59688a4a6dd1dbd98986fc5925c02a4,64214492,17,1789532106.0,2026-09-16T04:15:06+00:00,True,sell,0.0,0.00887791081914712,0.00887791081914712,1,0xfcaaae0c322be427d4cff22d1f5318c12e262975,0xfcaaae0c322be427d4cff22d1f5318c12e262975,0x65050a9b7e5075a2ba5ced7b1b64ee66262c40dc,79.16557952849051,0.0001132760417516127,2026-09-16 04:15:00+00:00,1583.31159056981,0.05
0x3c6f5ddf5caec7125d32fc92366f6f348681577d4499536cec52442ff12eb090,64214492,20,1789532106.0,2026-09-16T04:15:06+00:00,True,sell,0.0,0.008892769880794607,0.008892769880794607,1,0x4dd69b23ab6f16f3f8219dba636354b67349b0e0,0x4dd69b23ab6f16f3f8219dba636354b67349b0e0,0x65050a9b7e5075a2ba5ced7b1b64ee66262c40dc,79.29849041473608,0.00011327545480871471,2026-09-16 04:15:00+00:00,1585.9698082947216,0.05
0x7ca351c28e9997aca113b64667fcd3c66f194b1ff6456d5516c8b03b30d637f3,64214492,24,1789532106.0,2026-09-16T04:15:06+00:00,True,sell,0.0,0.008878964094759637,0.008878964094759637,1,0x7bca08c776a278f49cee431f66ec07013e53709c,0x7bca08c776a278f49cee431f66ec07013e53709c,0x65050a9b7e5075a2ba5ced7b1b64ee66262c40dc,79.17579157500354,0.00011327486877854688,2026-09-16 04:15:00+00:00,1583.515831500071,0.049999999999999996
0x566a4bb92c7a5e7f6c6e7bff124d03047e4a9eacf2c69d6abf3b8dba5a0666f9,64214492,25,1789532106.0,2026-09-16T04:15:06+00:00,True,sell,0.0,0.008870906447614492,0.008870906447614492,1,0x9cd71850a7f491e5c46b2cddd11c811a17532dc9,0x9cd71850a7f491e5c46b2cddd11c811a17532dc9,0x65050a9b7e5075a2ba5ced7b1b64ee66262c40dc,79.10434871893425,0.00011327428328171444,2026-09-16 04:15:00+00:00,1582.086974378685,0.049999999999999996
0x7b26471dae2a6235c3932883b9cf91042aca4c9784575c8d54ab4b2d9024b8c0,64214492,27,1789532106.0,2026-09-16T04:15:06+00:00,True,sell,0.0,0.007948399835775938,0.007948399835775938,1,0xabef5cdfa79287acc6831223bec06e31875019da,0xabef5cdfa79287acc6831223bec06e31875019da,0x65050a9b7e5075a2ba5ced7b1b64ee66262c40dc,70.87844709262326,0.00011327375867337228,2026-09-16 04:15:00+00:00,1417.5689418524653,0.049999999999999996
0x68044d063fa633a9559a2ce9c0ea198bfc252a56af53f79aa3164fe0092d5ac4,64214492,30,1789532106.0,2026-09-16T04:15:06+00:00,True,sell,0.0,0.008873107443204253,0.008873107443204253,1,0xec230a7dbc09c9715f2918c36d7f217e178ab4cd,0xec230a7dbc09c9715f2918c36d7f217e178ab4cd,0x65050a9b7e5075a2ba5ced7b1b64ee66262c40dc,79.12475109322489,0.00011327317303413979,2026-09-16 04:15:00+00:00,1582.4950218644976,0.05
0x7ea6ad63ac01390b7ac28901658d3611ef6f28d832119681e6bb1c5cf6c717e6,64214492,32,1789532106.0,2026-09-16T04:15:06+00:00,True,sell,0.0,0.008879930639835528,0.008879930639835528,1,0xfb5ea923b63f2dfd2dd609bf56511d0cb28b91c3,0xfb5ea923b63f2dfd2dd609bf56511d0cb28b91c3,0x65050a9b7e5075a2ba5ced7b1b64ee66262c40dc,79.18600559761443,0.0001132725869460811,2026-09-16 04:15:00+00:00,1583.7201119522886,0.049999999999999996
0x4452e620aed119efa8808150a6b8fe3441fa2cb34eb931774003a26d325b5bb5,64214492,33,1789532106.0,2026-09-16T04:15:06+00:00,True,sell,0.0,0.008883322203749457,0.008883322203749457,1,0x8004ce0fc1d60da4ebc15c8e0557532f44cdba9b,0x8004ce0fc1d60da4ebc15c8e0557532f44cdba9b,0x65050a9b7e5075a2ba5ced7b1b64ee66262c40dc,79.21665952713377,0.00011327200063569149,2026-09-16 04:15:00+00:00,1584.3331905426758,0.04999999999999999
0x6242ca9fad41ae31bf8de7d12aa5f1d6821eeef0d166c540d9bffc4f28756b49,64214492,34,1789532106.0,2026-09-16T04:15:06+00:00,True,sell,0.0,0.008880984339892994,0.008880984339892994,1,0xd1836f28f43e3f451120db79f3e40629e3438cd3,0xd1836f28f43e3f451120db79f3e40629e3438cd3,0x65050a9b7e5075a2ba5ced7b1b64ee66262c40dc,79.19622159683303,0.00011327141448112062,2026-09-16 04:15:00+00:00,1583.9244319366608,0.049999999999999996
0x01a576ec84114865957df2962be2103c5ce6693bf598e574f3b8b8d6cc4f09e8,64214492,35,1789532106.0,2026-09-16T04:15:06+00:00,True,sell,0.0,0.008882084207713015,0.008882084207713015,1,0xa37c7dc1f519c427518b409b423aee0b319e71ec,0xa37c7dc1f519c427518b409b423aee0b319e71ec,0x65050a9b7e5075a2ba5ced7b1b64ee66262c40dc,79.2064395731694,0.00011327082825547418,2026-09-16 04:15:00+00:00,1584.1287914633883,0.049999999999999996
0x4413ba17aed6a7b09c6bdcd5a9b74d54094ae94147930caaf8f6e03ca4b24cd0,64214492,36,1789532106.0,2026-09-16T04:15:06+00:00,True,sell,0.0,0.00888433054218077,0.00888433054218077,1,0x384ea7b9754386f59894312f0bcf2b2d624b36f2,0x384ea7b9754386f59894312f0bcf2b2d624b36f2,0x65050a9b7e5075a2ba5ced7b1b64ee66262c40dc,79.22688145923651,0.00011327024188308517,2026-09-16 04:15:00+00:00,1584.5376291847301,0.05
0xfd0a87bd4356e25d3792656c1abc53664ead9c8876d36347700e8a889d7c11ec,64214492,37,1789532106.0,2026-09-16T04:15:06+00:00,True,sell,0.0,0.008871687921030161,0.008871687921030161,1,0xf70d7aacbd551dc76636d7d90369ee12ba20dd5f,0xf70d7aacbd551dc76636d7d90369ee12ba20dd5f,0x65050a9b7e5075a2ba5ced7b1b64ee66262c40dc,79.11454891955857,0.00011326965634663302,2026-09-16 04:15:00+00:00,1582.2909783911712,0.05000000000000001
0x7f45363af9eaccead860f802bde5ba6366cafac7df8902c507c7c07fa824e26f,64214492,38,1789532106.0,2026-09-16T04:15:06+00:00,True,sell,0.0,0.008887678707184272,0.008887678707184272,1,0x56c69177e88ea8c1c44fe5ae713fe1aabd09b94d,0x56c69177e88ea8c1c44fe5ae713fe1aabd09b94d,0x65050a9b7e5075a2ba5ced7b1b64ee66262c40dc,79.25755912948114,0.00011326906975629742,2026-09-16 04:15:00+00:00,1585.1511825896225,0.05000000000000001
0x5f9dc6320eb83fad62fc4e95fb650d179fdf9f4f7d5e417315a275fd4d0322a6,64214492,39,1789532106.0,2026-09-16T04:15:06+00:00,True,sell,0.0,0.008886485770240779,0.008886485770240779,1,0x3c86d511803afb9b7478a15527274f9b464bab89,0x3c86d511803afb9b7478a15527274f9b464bab89,0x65050a9b7e5075a2ba5ced7b1b64ee66262c40dc,79.2473312598994,0.00011326848324621472,2026-09-16 04:15:00+00:00,1584.946625197988,0.05
0xd85f325a348d45b82725e25b6cd2d2544d151a63132b7ee5f3f25f6e4c0d2b1a,64214492,41,1789532106.0,2026-09-16T04:15:06+00:00,True,sell,0.0,0.00887612759909175,0.00887612759909175,1,0xc7ea727095266741e48a949dd14a102d123b4e52,0xc7ea727095266741e48a949dd14a102d123b4e52,0x65050a9b7e5075a2ba5ced7b1b64ee66262c40dc,79.1553694575656,0.0001132678974212895,2026-09-16 04:15:00+00:00,1583.1073891513122,0.049999999999999996
0x2e4fb0219ff29bfcde704bbd6ae22596651cd2f3bc5a7f279be62edac7b638db,64214500,10,1789532106.0,2026-09-16T04:15:06+00:00,True,sell,0.0,0.007555424327382095,0.007555424327382095,1,0x547a10b63ab4c784a49da5805610b9ee2d74377c,,,67.377990618223,0.00011326732773667254,2026-09-16 04:15:00+00:00,1347.5598123644602,0.04999999999999999
0x3c58f5a8b6d4232161956b324cc341e3f49c21b62b3878e355ffce5761393946,64214500,14,1789532106.0,2026-09-16T04:15:06+00:00,True,sell,0.0,0.007554415885483592,0.007554415885483592,1,0xbb21016a9f51db55e545e75fab5e6088490b5f27,,,67.3692940758497,0.00011326682914724263,2026-09-16 04:15:00+00:00,1347.385881516994,0.049999999999999996
0x0c05facbef2b524cdb6772a8bcf8b7d467091105cd2c04bf61ea07fb28c7725b,64214500,15,1789532106.0,2026-09-16T04:15:06+00:00,True,sell,0.0,0.00844744540549356,0.00844744540549356,1,0x4dd69b23ab6f16f3f8219dba636354b67349b0e0,,,75.33356589399928,0.00011326627161940264,2026-09-16 04:15:00+00:00,1506.6713178799855,0.05
0xcac044da2a19b62257c038ddc75bf892b9d5b333ab010e6e5a83bec5d67583b6,64214500,20,1789532106.0,2026-09-16T04:15:06+00:00,True,sell,0.0,0.00843650949563433,0.00843650949563433,1,0xd1836f28f43e3f451120db79f3e40629e3438cd3,,,75.23641051699138,0.00011326571481469757,2026-09-16 04:15:00+00:00,1504.7282103398275,0.05000000000000001
0xeeba1df92fb0ef1e8f1343f4c93cae32cdd5f16f05b33971070dcb33f28053b1,64214500,21,1789532106.0,2026-09-16T04:15:06+00:00,True,sell,0.0,0.008437556501651814,0.008437556501651814,1,0xa37c7dc1f519c427518b409b423aee0b319e71ec,,,75.24611759451093,0.00011326515794225957,2026-09-16 04:15:00+00:00,1504.9223518902188,0.049999999999999996
0xc6f23cb31e200991866b0ed5b03ba0f9e731ff6b44442821125b509bc2d8de49,64214500,23,1789532106.0,2026-09-16T04:15:06+00:00,True,sell,0.0,0.00844296054733371,0.00844296054733371,1,0x56c69177e88ea8c1c44fe5ae713fe1aabd09b94d,,,75.29468117300708,0.00011326460071452884,2026-09-16 04:15:00+00:00,1505.8936234601415,0.05
0xf7f4c6b887bf38287269256baad586186dc1e0c3d49963f0e90197a707ea3f30,64214500,24,1789532106.0,2026-09-16T04:15:06+00:00,True,sell,0.0,0.007550335269042234,0.007550335269042234,1,0xabef5cdfa79287acc6831223bec06e31875019da,,,67.3345247379921,0.00011326410240041705,2026-09-16 04:15:00+00:00,1346.690494759842,0.049999999999999996
0xa5cd36c767390013d2b43024fd90927a4abcf87d43f524c56ad14081ad72e2f5,64214500,33,1789532106.0,2026-09-16T04:15:06+00:00,True,sell,0.0,0.007541540959716235,0.007541540959716235,1,0x2aa460bce4bd548fe402c8797de1db122fbcd7b6,,,67.25639207438225,0.0001132636046678146,2026-09-16 04:15:00+00:00,1345.1278414876451,0.049999999999999996
0x0ed3a18b9786a3b64ba8c179a99e3e51d695244095fa6022a0e2c2d0560b6b85,64214500,34,1789532106.0,2026-09-16T04:15:06+00:00,True,sell,0.0,5.417482798968905,5.417482798968905,1,0x5638484ba2d2f1d1d35020572b0aa439a9869192,0x5638484ba2d2f1d1d35020572b0aa439a9869192,0x65050a9b7e5075a2ba5ced7b1b64ee66262c40dc,48390.26409945875,0.00011290633990672308,2026-09-16 04:15:00+00:00,967805.2819891751,0.049999999999999996
0xa579bd8043fe816696a50c74a24ce7cb783814bbd684cacc8603cb7322399d92,64214500,35,1789532106.0,2026-09-16T04:15:06+00:00,True,sell,0.0,0.008407531003063944,0.008407531003063944,1,0x7bca08c776a278f49cee431f66ec07013e53709c,,,75.21700199625336,0.0001129057858969357,2026-09-16 04:15:00+00:00,1504.3400399250675,0.04999999999999999
0x9ac2abe09a7ad84e47908b4811ee6eb819515c055c08665ccfbf7a675715b762,64214500,36,1789532106.0,2026-09-16T04:15:06+00:00,True,sell,0.0,0.008402069894407551,0.008402069894407551,1,0xec230a7dbc09c9715f2918c36d7f217e178ab4cd,,,75.16851353856364,0.00011290523224836306,2026-09-16 04:15:00+00:00,1503.3702707712728,0.05
0x18976cf3fe4cc5d9b16bc2f229c22f0ffce84bd7e25e9f07ca2531c1332afbb7,64214500,37,1789532106.0,2026-09-16T04:15:06+00:00,True,sell,0.0,0.008406364136723316,0.008406364136723316,1,0xfcaaae0c322be427d4cff22d1f5318c12e262975,,,75.20730055206599,0.0001129046783181828,2026-09-16 04:15:00+00:00,1504.1460110413195,0.05000000000000001
0x5a1daf7b02ab852fb8c725caf5dfd4f072c8d944dc307df36d097428b9741d00,64214500,38,1789532106.0,2026-09-16T04:15:06+00:00,True,sell,0.0,0.008400904140840245,0.008400904140840245,1,0xf70d7aacbd551dc76636d7d90369ee12ba20dd5f,,,75.15882147358064,0.00011290412474914179,2026-09-16 04:15:00+00:00,1503.176429471613,0.05
0x11dfc75e93f38813b6207bee07044e608c98882b5ed09cf7ccac40fb3880daec,64214500,39,1789532106.0,2026-09-16T04:15:06+00:00,True,sell,0.0,0.008412791072978312,0.008412791072978312,1,0x384ea7b9754386f59894312f0bcf2b2d624b36f2,,,75.26553738627469,0.00011290357039818344,2026-09-16 04:15:00+00:00,1505.3107477254937,0.05
0xf8028bd4a284f7bba09acd76e11ea31ae31f1e94aa6d58856d77e18fad60ceca,64214500,40,1789532106.0,2026-09-16T04:15:06+00:00,True,sell,0.0,0.008411664348052628,0.008411664348052628,1,0x8004ce0fc1d60da4ebc15c8e0557532f44cdba9b,,,75.25582655077709,0.00011290301612282995,2026-09-16 04:15:00+00:00,1505.1165310155418,0.049999999999999996
0x69f0c18209e8f67468497dba14394d87329ea66200a290b47aa9022e6848e177,64214500,41,1789532106.0,2026-09-16T04:15:06+00:00,True,sell,0.0,0.008405114981210255,0.008405114981210255,1,0xc7ea727095266741e48a949dd14a102d123b4e52,,,75.19760098468731,0.00011290246228039716,2026-09-16 04:15:00+00:00,1503.9520196937463,0.05
0x0402ee716e14b6cc644c987cc2abe1c0dbc5617384560c5fe4991c754ecd40db,64214500,42,1789532106.0,2026-09-16T04:15:06+00:00,True,sell,0.0,0.008402906081984258,0.008402906081984258,1,0x4883d497b43e981cffa0c15c0008e0c9413af57a,,,75.17820747841999,0.00011290190858487437,2026-09-16 04:15:00+00:00,1503.5641495683997,0.05
0xa4148172176a5edf78f577558d85d221b0f9d7ab2ff1263f9ec99fb0c497c281,64214500,43,1789532106.0,2026-09-16T04:15:06+00:00,True,sell,0.0,0.008408285589598977,0.008408285589598977,1,0xfb5ea923b63f2dfd2dd609bf56511d0cb28b91c3,,,75.22670531773369,0.00011290135453623688,2026-09-16 04:15:00+00:00,1504.5341063546741,0.04999999999999999
0xddd5c070741e53857faf42996437eeb461a333882540199f17b5369d20b98c71,64214500,44,1789532106.0,2026-09-16T04:15:06+00:00,True,sell,0.0,0.0084147560825165,0.0084147560825165,1,0x3c86d511803afb9b7478a15527274f9b464bab89,,,75.28496469690441,0.00011290080006259912,2026-09-16 04:15:00+00:00,1505.6992939380884,0.049999999999999996
0x891e36665715526108e6984d3a4d743ff4f5c6803a65ce7164ab8475f1e5981c,64214500,45,1789532106.0,2026-09-16T04:15:06+00:00,True,sell,0.0,0.00839953248697544,0.00839953248697544,1,0x9cd71850a7f491e5c46b2cddd11c811a17532dc9,,,75.14913128298753,0.00011290024659344779,2026-09-16 04:15:00+00:00,1502.9826256597507,0.049999999999999996
0xa1cbe657e827d2fde199d8d2a193941bba52f0787b06167a8996736665944e43,64214516,1,1789532108.0,2026-09-16T04:15:08+00:00,True,sell,0.0,0.007154356554490384,0.007154356554490384,1,0x547a10b63ab4c784a49da5805610b9ee2d74377c,,,64.00909108731184,0.00011289970802580212,2026-09-16 04:15:00+00:00,1280.181821746237,0.05
0x1da4d05661bd48eca034299ec5c8b32f496bc0e83b2db5e9106655f9d9f61468,64214516,4,1789532108.0,2026-09-16T04:15:08+00:00,True,sell,0.0,0.00715340326725373,0.00715340326725373,1,0xbb21016a9f51db55e545e75fab5e6088490b5f27,,,64.00082937205721,0.000112899236669853,2026-09-16 04:15:00+00:00,1280.0165874411443,0.049999999999999996
0x350092b43fe523603cd6f65055ff53cc096a363c95ba2a13b042e8c974c3b4e9,64214516,7,1789532108.0,2026-09-16T04:15:08+00:00,True,sell,0.0,5.130469341839121,5.130469341839121,1,0x5638484ba2d2f1d1d35020572b0aa439a9869192,0x5638484ba2d2f1d1d35020572b0aa439a9869192,0x65050a9b7e5075a2ba5ced7b1b64ee66262c40dc,45970.75089448582,0.00011256143040560099,2026-09-16 04:15:00+00:00,919415.0178897162,0.05000000000000001
0x727007d603437dd902fddbea951c7a599a99b60643c25e0b3f75ed65b2a18563,64214516,16,1789532108.0,2026-09-16T04:15:08+00:00,True,sell,0.0,0.00712828897982676,0.00712828897982676,1,0xabef5cdfa79287acc6831223bec06e31875019da,,,63.96779850109249,0.00011256096140869795,2026-09-16 04:15:00+00:00,1279.3559700218498,0.05
0xf6eb04fa77c8c1e2ebccf177773d085c9ca37f2c4786ac7f3a227a56d80a50e9,64214516,30,1789532108.0,2026-09-16T04:15:08+00:00,True,sell,0.0,0.007119987909857413,0.007119987909857413,1,0x2aa460bce4bd548fe402c8797de1db122fbcd7b6,,,63.89357247066314,0.00011256049295892885,2026-09-16 04:15:00+00:00,1277.8714494132628,0.049999999999999996
0x724ff945be069d20e1b2bdcf00b98f2a91805481c8c55eabf11e866a0276f9e7,64214531,5,1789532110.0,2026-09-16T04:15:10+00:00,True,sell,0.0,0.006776186360781379,0.006776186360781379,1,0x547a10b63ab4c784a49da5805610b9ee2d74377c,,,60.80863653294625,0.00011255998362736726,2026-09-16 04:15:00+00:00,1216.172730658925,0.05
0x430fc3fb605f4fd5dfef8261f9c2486b7519196a591d581df9c05347c79d0576,64214531,7,1789532110.0,2026-09-16T04:15:10+00:00,True,sell,0.0,0.006775284917995541,0.006775284917995541,1,0xbb21016a9f51db55e545e75fab5e6088490b5f27,,,60.80078790345435,0.00011255953785876902,2026-09-16 04:15:00+00:00,1216.015758069087,0.049999999999999996
0xd4ad86c82d9b514edb7d06279f65c5fb96d34cd8778b36416f20efedd15d9b21,64214531,8,1789532110.0,2026-09-16T04:15:10+00:00,True,sell,0.0,0.007964676810004977,0.007964676810004977,1,0xd1836f28f43e3f451120db79f3e40629e3438cd3,,,71.47458999114181,0.00011255901383723891,2026-09-16 04:15:00+00:00,1429.4917998228361,0.05
0x5ff620a39999773e77771665b015e1346431de6fecc17722ed5b240ce897dd97,64214531,9,1789532110.0,2026-09-16T04:15:10+00:00,True,sell,0.0,4.859632404320965,4.859632404320965,1,0x5638484ba2d2f1d1d35020572b0aa439a9869192,0x5638484ba2d2f1d1d35020572b0aa439a9869192,0x65050a9b7e5075a2ba5ced7b1b64ee66262c40dc,43672.21334976153,0.00011223951052275866,2026-09-16 04:15:00+00:00,873444.2669952305,0.05000000000000001
0xa98d5e90931e6759dd1a12f8f7115409bab968d10a93e862f139a2d0f5adb70c,64214531,10,1789532110.0,2026-09-16T04:15:10+00:00,True,sell,0.0,0.00795228760088539,0.00795228760088539,1,0x4dd69b23ab6f16f3f8219dba636354b67349b0e0,,,71.56688759929932,0.00011223898806066927,2026-09-16 04:15:00+00:00,1431.3377519859862,0.05000000000000001
0xe1b7f7613050ad55b797ae2ef475620406ac6999c5b828b1a0c50d2a2d59f343,64214531,11,1789532110.0,2026-09-16T04:15:10+00:00,True,sell,0.0,0.007948145902018849,0.007948145902018849,1,0x56c69177e88ea8c1c44fe5ae713fe1aabd09b94d,,,71.52994711435672,0.00011223846587190287,2026-09-16 04:15:00+00:00,1430.5989422871344,0.049999999999999996
0x6228fdfaa7bc76caf68bf1821801802aa8ad16a8acbf0cd6ef46a839e3928b01,64214531,12,1789532110.0,2026-09-16T04:15:10+00:00,True,sell,0.0,0.007942982562571428,0.007942982562571428,1,0xa37c7dc1f519c427518b409b423aee0b319e71ec,,,71.48381171478539,0.00011223794402357855,2026-09-16 04:15:00+00:00,1429.676234295708,0.049999999999999996
0x6ad89480c47feb545dda326013b17cec38bbd124992f2f318d42d533c3fe2470,64214531,13,1789532110.0,2026-09-16T04:15:10+00:00,True,sell,0.0,0.007944995571567182,0.007944995571567182,1,0x384ea7b9754386f59894312f0bcf2b2d624b36f2,,,71.50226051696096,0.00011223742204421459,2026-09-16 04:15:00+00:00,1430.045210339219,0.05
0x48a5c44db3c8c425d14a868755a501d764086142a981735dc7a71c5acafba711,64214531,14,1789532110.0,2026-09-16T04:15:10+00:00,True,sell,0.0,0.007947009345902416,0.007947009345902416,1,0x3c86d511803afb9b7478a15527274f9b464bab89,,,71.5207164620592,0.00011223689993376163,2026-09-16 04:15:00+00:00,1430.414329241184,0.049999999999999996
0xb01f969f25f312a76ab9994157b4fcfc1d823bc00baf782ecfa10e2a8e74aa0e,64214531,15,1789532110.0,2026-09-16T04:15:10+00:00,True,sell,0.0,0.006752350984555915,0.006752350984555915,1,0xabef5cdfa79287acc6831223bec06e31875019da,,,60.76940857603787,0.00011223645631210547,2026-09-16 04:15:00+00:00,1215.3881715207574,0.049999999999999996
0x6c06245709a53b6206f5938d3048a6cc68af82b1142bf670c1e6f0a7f0af206a,64214531,16,1789532110.0,2026-09-16T04:15:10+00:00,True,sell,0.0,0.007943865205582256,0.007943865205582256,1,0x8004ce0fc1d60da4ebc15c8e0557532f44cdba9b,,,71.49303522323824,0.00011223593441046443,2026-09-16 04:15:00+00:00,1429.8607044647647,0.05
0xdca2c64f295b0b312e1c5a3798d4efba486b08e2564314035bf0e0233819de63,64214531,17,1789532110.0,2026-09-16T04:15:10+00:00,True,sell,0.0,0.007937682126802603,0.007937682126802603,1,0xc7ea727095266741e48a949dd14a102d123b4e52,,,71.43772093545294,0.00011223541291625566,2026-09-16 04:15:00+00:00,1428.754418709059,0.04999999999999999
0xb978747dc6974f6b5a621e219868d3471eaedf57f1158f30732dcc18ae6da566,64214531,18,1789532110.0,2026-09-16T04:15:10+00:00,True,sell,0.0,0.007940717408734928,0.007940717408734928,1,0xfb5ea923b63f2dfd2dd609bf56511d0cb28b91c3,,,71.46537005184702,0.0001122348912238455,2026-09-16 04:15:00+00:00,1429.3074010369405,0.049999999999999996
0x1541ae5981aa7dd11a6f5158bfc59d98eaada46a90eee9a0786e62c39b373006,64214531,19,1789532110.0,2026-09-16T04:15:10+00:00,True,sell,0.0,0.007932492060986696,0.007932492060986696,1,0x9cd71850a7f491e5c46b2cddd11c811a17532dc9,,,71.39167471883815,0.0001122343700730381,2026-09-16 04:15:00+00:00,1427.8334943767632,0.04999999999999999
0x4e085b6e67d0b3b4e664cdaaf1529b7555ef0c84589a9dc2cf912b8870e6123f,64214531,20,1789532110.0,2026-09-16T04:15:10+00:00,True,sell,0.0,0.007935524392334218,0.007935524392334218,1,0x4883d497b43e981cffa0c15c0008e0c9413af57a,,,71.419297104499,0.00011223384872422249,2026-09-16 04:15:00+00:00,1428.3859420899798,0.05
0x06dfd614b953d4277a9295dd70e2e0b74be3e503576f0536a00796e6e00e546b,64214531,21,1789532110.0,2026-09-16T04:15:10+00:00,True,sell,0.0,0.006744332452029839,0.006744332452029839,1,0x2aa460bce4bd548fe402c8797de1db122fbcd7b6,,,60.69889384712998,0.00011223340563539705,2026-09-16 04:15:00+00:00,1213.9778769425996,0.05
0xf2d497a978b05b99049deb9063c5dd8420abf2bf82d5be9fbe1577df9a315693,64214531,22,1789532110.0,2026-09-16T04:15:10+00:00,True,sell,0.0,0.007938527122099123,0.007938527122099123,1,0xfcaaae0c322be427d4cff22d1f5318c12e262975,,,71.44693552446269,0.0001122328840915489,2026-09-16 04:15:00+00:00,1428.9387104892537,0.05
0x53b99510395575e4392cafac31ba596a77e31e94223993b53bfb0d893bae0f91,64214531,23,1789532110.0,2026-09-16T04:15:10+00:00,True,sell,0.0,0.007934396086889135,0.007934396086889135,1,0xec230a7dbc09c9715f2918c36d7f217e178ab4cd,,,71.41008786163546,0.00011223236282031159,2026-09-16 04:15:00+00:00,1428.2017572327093,0.049999999999999996
0x57a542128f3a0ff78694c3f6e72225fd9d53896e3ef8f06e82ee87f200e16713,64214531,24,1789532110.0,2026-09-16T04:15:10+00:00,True,sell,0.0,0.007939477388166213,0.007939477388166213,1,0x7bca08c776a278f49cee431f66ec07013e53709c,,,71.4561518964407,0.00011223184121645637,2026-09-16 04:15:00+00:00,1429.123037928814,0.05
0x789d115c541b092a50db5acba6156b0ba351ff024691e0b1a21a9eff5ec70a9e,64214531,25,1789532110.0,2026-09-16T04:15:10+00:00,True,sell,0.0,0.007933299328133718,0.007933299328133718,1,0xf70d7aacbd551dc76636d7d90369ee12ba20dd5f,,,71.40088039990161,0.00011223132001969496,2026-09-16 04:15:00+00:00,1428.017607998032,0.05000000000000001
0x9724529786236ff5d109f8e7ca5d0f96e1f7f1d3d3c57bccaad8e4a4bbfc86cf,64214543,12,1789532111.0,2026-09-16T04:15:11+00:00,True,sell,0.0,0.006312700564478791,0.006312700564478791,1,0x547a10b63ab4c784a49da5805610b9ee2d74377c,,,57.768204706298945,0.00011038001053253351,2026-09-16 04:15:00+00:00,1155.364094125979,0.05
0xb684cf34bfe2755dc56935fcdde60331647322deba8faf3dedc6ada5d7072de0,64214543,18,1789532111.0,2026-09-16T04:15:11+00:00,True,sell,0.0,4.528528630540275,4.528528630540275,1,0x5638484ba2d2f1d1d35020572b0aa439a9869192,0x5638484ba2d2f1d1d35020572b0aa439a9869192,0x65050a9b7e5075a2ba5ced7b1b64ee66262c40dc,41488.60268227345,0.00011012750465634944,2026-09-16 04:15:00+00:00,829772.053645469,0.049999999999999996
0x4c8b83c212ece7e9ddb4afbce4689939cd474edc487ca69ca7045d5310558883,64214543,21,1789532111.0,2026-09-16T04:15:11+00:00,True,sell,0.0,0.006297426595466345,0.006297426595466345,1,0xbb21016a9f51db55e545e75fab5e6088490b5f27,,,57.76074850828164,0.00011012715371995472,2026-09-16 04:15:00+00:00,1155.2149701656326,0.05
0xb98b77852df18a896c7e4b40cda8b3e48f5334557633353442a0c7baccca8cfd,64214543,26,1789532111.0,2026-09-16T04:15:11+00:00,True,sell,0.0,0.006294156437311972,0.006294156437311972,1,0xabef5cdfa79287acc6831223bec06e31875019da,,,57.73093814723598,0.00011012680296635468,2026-09-16 04:15:00+00:00,1154.6187629447195,0.05
0x73ba1e750535ab54f387bce22a5006c76ac1ca0c57c5f4c6972c0ecca1080fd9,64214543,45,1789532111.0,2026-09-16T04:15:11+00:00,True,sell,0.0,0.006286832903028776,0.006286832903028776,1,0x2aa460bce4bd548fe402c8797de1db122fbcd7b6,,,57.663949154773476,0.00011012645262142983,2026-09-16 04:15:00+00:00,1153.2789830954696,0.049999999999999996
0x54e4f7b6531cedba01658127ae35f9b268dc3b480de884ff28aede9bad5f8552,64214560,6,1789532113.0,2026-09-16T04:15:13+00:00,True,sell,0.0,0.003589963139916983,0.003589963139916983,1,0x547a10b63ab4c784a49da5805610b9ee2d74377c,,,32.927876682590394,0.00011012620507206463,2026-09-16 04:15:00+00:00,1097.59588941968,0.03
0xc84dd61b1df09291ca43101b00e65ddb9b259c7b406a2f8728e7106017f062cd,64214560,8,1789532113.0,2026-09-16T04:15:13+00:00,True,sell,0.0,0.00358949325960567,0.00358949325960567,1,0xbb21016a9f51db55e545e75fab5e6088490b5f27,,,32.92362664972053,0.00011012600504165487,2026-09-16 04:15:00+00:00,1097.454221657351,0.030000000000000006
0xd658e1bf4ec4d11f663979d149fdd7922e8a4efc0f8146f957705c2313c43188,64214560,9,1789532113.0,2026-09-16T04:15:13+00:00,True,sell,0.0,0.004447455147521926,0.004447455147521926,1,0x4dd69b23ab6f16f3f8219dba636354b67349b0e0,,,40.793125931600606,0.0001101257572001612,2026-09-16 04:15:00+00:00,1359.7708643866868,0.030000000000000002
0x3b8b6e02d90f9b632e5b96e1789c2e817382fd9f5656369fbc03c97cb9d1945b,64214560,10,1789532113.0,2026-09-16T04:15:13+00:00,True,sell,0.0,0.004441709412000585,0.004441709412000585,1,0xd1836f28f43e3f451120db79f3e40629e3438cd3,,,40.74051629495083,0.00011012550967913609,2026-09-16 04:15:00+00:00,1358.0172098316943,0.03
0x8e4b37efc2b6dde076e83ea052da9ed06b0bac82b7b6513a451758f55d36a2c3,64214560,11,1789532113.0,2026-09-16T04:15:13+00:00,True,sell,0.0,0.004442272500617605,0.004442272500617605,1,0xa37c7dc1f519c427518b409b423aee0b319e71ec,,,40.745772677427674,0.00011012526212701024,2026-09-16 04:15:00+00:00,1358.1924225809223,0.030000000000000002
0x0c5244e4d5a25f0f73ed1668371cc9a8287b899bad776972941f991d0d780fbf,64214560,12,1789532113.0,2026-09-16T04:15:13+00:00,True,sell,0.0,0.004445129532109546,0.004445129532109546,1,0x56c69177e88ea8c1c44fe5ae713fe1aabd09b94d,,,40.77206985518333,0.00011012501441595063,2026-09-16 04:15:00+00:00,1359.0689951727777,0.030000000000000002
0x7d261adf2a33e8f86ca10c7736c0afdc5b2bdb48e8e66deef8a1edfa9295d90f,64214560,13,1789532113.0,2026-09-16T04:15:13+00:00,True,sell,0.0,0.004444545909258628,0.004444545909258628,1,0x3c86d511803afb9b7478a15527274f9b464bab89,,,40.76680838337374,0.00011012476673769278,2026-09-16 04:15:00+00:00,1358.8936127791249,0.03
0xf58bfbdbb03259f83ac0960ec6c7cc789c2fe28a1d45239752ec89b85e6dc563,64214560,14,1789532113.0,2026-09-16T04:15:13+00:00,True,sell,0.0,0.004443389000486125,0.004443389000486125,1,0x384ea7b9754386f59894312f0bcf2b2d624b36f2,,,40.75628849466774,0.00011012451912418361,2026-09-16 04:15:00+00:00,1358.542949822258,0.030000000000000002
0x427738d5a02f28f73d8fbe9f4d40e16bb93711b9e20074fe3017ec4b5ac8e1ba,64214560,15,1789532113.0,2026-09-16T04:15:13+00:00,True,sell,0.0,0.003587585797400852,0.003587585797400852,1,0xabef5cdfa79287acc6831223bec06e31875019da,,,32.906634743924506,0.00011012431920160062,2026-09-16 04:15:00+00:00,1096.8878247974835,0.030000000000000002
0x95320bfd9271e78b8619fa67772e16386ac32b6738e9b492f1e1db858ae39530,64214560,16,1789532113.0,2026-09-16T04:15:13+00:00,True,sell,0.0,2.5765518323117154,2.5765518323117154,1,0x5638484ba2d2f1d1d35020572b0aa439a9869192,0x5638484ba2d2f1d1d35020572b0aa439a9869192,0x65050a9b7e5075a2ba5ced7b1b64ee66262c40dc,23648.503528895868,0.00010998078458224183,2026-09-16 04:15:00+00:00,788283.4509631954,0.030000000000000006
0x642c007c8a0d2b75ac88bccc53b547e7378bcd98432fa1af232ff937d68974ce,64214560,17,1789532113.0,2026-09-16T04:15:13+00:00,True,sell,0.0,0.004433574057169643,0.004433574057169643,1,0xc7ea727095266741e48a949dd14a102d123b4e52,,,40.71950093320819,0.00010998053767724855,2026-09-16 04:15:00+00:00,1357.3166977736062,0.030000000000000002
0x20593a5d64c7938123041c116e6c5a055c41f8546d234f2d3d70636ac74360d3,64214560,18,1789532113.0,2026-09-16T04:15:13+00:00,True,sell,0.0,0.004436997012458587,0.004436997012458587,1,0x8004ce0fc1d60da4ebc15c8e0557532f44cdba9b,,,40.751030077245794,0.00010998029058190893,2026-09-16 04:15:00+00:00,1358.3676692415263,0.030000000000000002
0x80a15545400afebf24a82a5f0460814c59d57a4c51c458cac2b30f308c397c83,64214560,19,1789532113.0,2026-09-16T04:15:13+00:00,True,sell,0.0,0.004435270095145374,0.004435270095145374,1,0xfb5ea923b63f2dfd2dd609bf56511d0cb28b91c3,,,40.7352609295528,0.00010998004358301835,2026-09-16 04:15:00+00:00,1357.8420309850933,0.030000000000000002
0x6a1e972f3f37ba38d091f2fc45dc60f358d0182dbd997d6dd16c3aabf60a6bb0,64214560,20,1789532113.0,2026-09-16T04:15:13+00:00,True,sell,0.0,0.004430686483987185,0.004430686483987185,1,0x9cd71850a7f491e5c46b2cddd11c811a17532dc9,,,40.69325458973775,0.00010997979683966467,2026-09-16 04:15:00+00:00,1356.441819657925,0.03
0xb5ee3c38906d9fb0a01d2d7a69dd28c8d8c58accf928578c467f7873c0ccb7e3,64214560,21,1789532113.0,2026-09-16T04:15:13+00:00,True,sell,0.0,0.003578713667222384,0.003578713667222384,1,0x2aa460bce4bd548fe402c8797de1db122fbcd7b6,,,32.86845101822088,0.00010997959754257606,2026-09-16 04:15:00+00:00,1095.615033940696,0.03
0x77540db07cb223b75955fc775ad30687481be9e7dbd8d3a3d78c264c947de002,64214560,22,1789532113.0,2026-09-16T04:15:13+00:00,True,sell,0.0,0.004434098074755201,0.004434098074755201,1,0xfcaaae0c322be427d4cff22d1f5318c12e262975,,,40.72475324894373,0.00010997935060973295,2026-09-16 04:15:00+00:00,1357.491774964791,0.03
0x8e6a044b5f61151312c6498794e9f455a72f858bdd61cee6096c3f97012a344e,64214560,23,1789532113.0,2026-09-16T04:15:13+00:00,True,sell,0.0,0.004431801308579728,0.004431801308579728,1,0xec230a7dbc09c9715f2918c36d7f217e178ab4cd,,,40.703750081132206,0.00010997910380507268,2026-09-16 04:15:00+00:00,1356.7916693710738,0.029999999999999995
0x333e4e92e2fb368fc6615fb5272a0038096086e949be363818bcbe1994d153cd,64214560,24,1789532113.0,2026-09-16T04:15:13+00:00,True,sell,0.0,0.004431219938261893,0.004431219938261893,1,0xf70d7aacbd551dc76636d7d90369ee12ba20dd5f,,,40.698501827943915,0.00010997885703306547,2026-09-16 04:15:00+00:00,1356.6167275981306,0.029999999999999995
0x3fd084de5e938effb42b503c96892e25d380313d16a46e57ea8b67ac8b16339f,64214560,25,1789532113.0,2026-09-16T04:15:13+00:00,True,sell,0.0,0.004434640195922208,0.004434640195922208,1,0x7bca08c776a278f49cee431f66ec07013e53709c,,,40.7300065809712,0.00010997861007086332,2026-09-16 04:15:00+00:00,1357.6668860323732,0.030000000000000002
0xe41a0991371ddf9a259d2bf4d8ef0af90870fa3dce91328bf365021f1eab4494,64214560,26,1789532113.0,2026-09-16T04:15:13+00:00,True,sell,0.0,0.004432343000238914,0.004432343000238914,1,0x4883d497b43e981cffa0c15c0008e0c9413af57a,,,40.70899934956442,0.00010997836323686756,2026-09-16 04:15:00+00:00,1356.9666449854808,0.03
