tx,block,log_index,sender,recipient,tokens
0x5c63cfc70338c33bc99daf6929f17c01225442f2e8e9fd43dea24d20e230dfca,64168870,10,0x65ee0e9d98ed1564655ac51d78ffd6ef61f66404,0x6aa80dbbed9ae5ab45fbf61f9644fada3b29326e,16948.55577651093
0x5c63cfc70338c33bc99daf6929f17c01225442f2e8e9fd43dea24d20e230dfca,64168870,13,0x6aa80dbbed9ae5ab45fbf61f9644fada3b29326e,0x039ec98a76f111092d4751365ff09dd2aec301e8,16948.55577651093
0x5c63cfc70338c33bc99daf6929f17c01225442f2e8e9fd43dea24d20e230dfca,64168870,15,0x039ec98a76f111092d4751365ff09dd2aec301e8,0xb92fe925dc43a0ecde6c8b1a2709c170ec4fff4f,16948.55577651093
0x5c63cfc70338c33bc99daf6929f17c01225442f2e8e9fd43dea24d20e230dfca,64168870,18,0xb92fe925dc43a0ecde6c8b1a2709c170ec4fff4f,0xa82f4ba49b5e61ba8c1c3a1fababaa459761e324,16948.55577651093
0xf79546cce3882ce33bd77f569955387fd435f2da62c7cd48a8797b57db8833a1,64170138,19,0x65ee0e9d98ed1564655ac51d78ffd6ef61f66404,0x6aa80dbbed9ae5ab45fbf61f9644fada3b29326e,7003.664907517414
0xf79546cce3882ce33bd77f569955387fd435f2da62c7cd48a8797b57db8833a1,64170138,22,0xbbd8f14be91b0eab9dcc6538b8360de243c8a4ca,0x6aa80dbbed9ae5ab45fbf61f9644fada3b29326e,2000.6631825680347
0xf79546cce3882ce33bd77f569955387fd435f2da62c7cd48a8797b57db8833a1,64170138,29,0x8366a39cc670b4001a1121b8f6a443a643e40951,0x6aa80dbbed9ae5ab45fbf61f9644fada3b29326e,10999.11684802309
0xf79546cce3882ce33bd77f569955387fd435f2da62c7cd48a8797b57db8833a1,64170138,30,0x6aa80dbbed9ae5ab45fbf61f9644fada3b29326e,0x039ec98a76f111092d4751365ff09dd2aec301e8,20003.44493810854
0xf79546cce3882ce33bd77f569955387fd435f2da62c7cd48a8797b57db8833a1,64170138,32,0x039ec98a76f111092d4751365ff09dd2aec301e8,0xb92fe925dc43a0ecde6c8b1a2709c170ec4fff4f,20003.44493810854
0xf79546cce3882ce33bd77f569955387fd435f2da62c7cd48a8797b57db8833a1,64170138,35,0xb92fe925dc43a0ecde6c8b1a2709c170ec4fff4f,0xed3ad83572cce1e7db2ea644f19abf98fc096684,20003.44493810854
0x84b6cf5b49d8e41a23ed6fff2d6b3604b57aa0f1524fbd4e6e24c40af0f85645,64175840,19,0xe1f2358baa335db295766600c13d36c1629d8726,0xb300000b72deaeb607a12d5f54773d1c19c7028d,1015.4182867805455
0x84b6cf5b49d8e41a23ed6fff2d6b3604b57aa0f1524fbd4e6e24c40af0f85645,64175840,21,0xb300000b72deaeb607a12d5f54773d1c19c7028d,0xb477751b76cf82d00a686a1232f5fcd772414af3,1015.4182867805455
0x84b6cf5b49d8e41a23ed6fff2d6b3604b57aa0f1524fbd4e6e24c40af0f85645,64175840,22,0xb477751b76cf82d00a686a1232f5fcd772414af3,0x09ad820aac5779683b481c4674208a4e1b024afa,1015.4182867805455
0x84b6cf5b49d8e41a23ed6fff2d6b3604b57aa0f1524fbd4e6e24c40af0f85645,64175840,24,0x09ad820aac5779683b481c4674208a4e1b024afa,0x5f1d998a2681d13e41b16276640535ae1f422bbe,1015.4182867805455
0x202161b098a7b6798f90a15279afcd796aab4b5adb719a1d45caaa16057e22ca,64181594,118,0x8366a39cc670b4001a1121b8f6a443a643e40951,0x11bc74e240c13f7067529b21dfb9933ff7fcb136,20548.597823447366
0x1c6fd59041e6510df548fb09a0ebcb75d5c6325c5ec7121c1d1518381e9c7984,64184773,15,0x8366a39cc670b4001a1121b8f6a443a643e40951,0x11bc74e240c13f7067529b21dfb9933ff7fcb136,30632.518906833477
0x481699a375ed53a56da72ce6059325e1036869de3412cafbe6defc027108e22b,64185297,11,0x8366a39cc670b4001a1121b8f6a443a643e40951,0x11bc74e240c13f7067529b21dfb9933ff7fcb136,20367.642852727247
0x6fe03b5cef6ff9bf9f7a5b5623dd9b7453b88f31db964b78b04f32b4b3933ebf,64186725,97,0xa816e64800eb83dee36f304c16724f4d031b479c,0xb300000b72deaeb607a12d5f54773d1c19c7028d,2631.116236035757
0x6fe03b5cef6ff9bf9f7a5b5623dd9b7453b88f31db964b78b04f32b4b3933ebf,64186725,99,0xb300000b72deaeb607a12d5f54773d1c19c7028d,0xb477751b76cf82d00a686a1232f5fcd772414af3,2631.116236035757
0x6fe03b5cef6ff9bf9f7a5b5623dd9b7453b88f31db964b78b04f32b4b3933ebf,64186725,100,0xb477751b76cf82d00a686a1232f5fcd772414af3,0x09ad820aac5779683b481c4674208a4e1b024afa,2631.116236035757
0x6fe03b5cef6ff9bf9f7a5b5623dd9b7453b88f31db964b78b04f32b4b3933ebf,64186725,102,0x09ad820aac5779683b481c4674208a4e1b024afa,0x5f1d998a2681d13e41b16276640535ae1f422bbe,2157.5153135493206
0x6fe03b5cef6ff9bf9f7a5b5623dd9b7453b88f31db964b78b04f32b4b3933ebf,64186725,108,0x09ad820aac5779683b481c4674208a4e1b024afa,0x90738366a044c13ea0a1393d1761d7625ed3f0a9,473.6009224864363
0x2233acb276d556bd80a02dea6b29f49b015be45f77d2e2ee953c5d10996a436f,64199031,3,0x8366a39cc670b4001a1121b8f6a443a643e40951,0x98153cf43e104ed590078840c12628d4289bf3df,24105.409700408247
0x29e9c0be91b7d85ea3c17920a99f8bcad0e072c615369aa407a9c646c0c93bab,64201823,38,0xe4385370a92c6ab64758bc7a9f672e5c1d022ba1,0x5140087842da3cbc55ff69ba74b4239af219c4b6,18938.182373582356
0x645be7ef327d98c59d52a8733d19c2dfd4f5c7d97fe21212e312edae1d658ced,64203693,18,0x8366a39cc670b4001a1121b8f6a443a643e40951,0x4ff25ae1b4bf1cee786d5458b43f116d3203d374,37986.806723788504
0xa3121f313ee4258fe074ed5822354a85c41a3dd1563b4b98a1579b3a8245ff38,64203891,7,0x8366a39cc670b4001a1121b8f6a443a643e40951,0x4ff25ae1b4bf1cee786d5458b43f116d3203d374,146746.73377585702
0x48e21f909eaabb3ad6193aadf34bea453956ab1e69df22b6c2a19cea5661daae,64205967,6,0x5c67eb8ddda6dcec008c624520ffc4bb8bfd1490,0x1e3a56c1a7be6587bdbfa285d48797c4e121f173,6000.0
0xb253e57ad7aaf2aab1c9d4ef5cadbce20258b0ee91f951453512bb453d0b78c7,64209561,53,0x8366a39cc670b4001a1121b8f6a443a643e40951,0x6aa80dbbed9ae5ab45fbf61f9644fada3b29326e,9239.52869482488
0xb253e57ad7aaf2aab1c9d4ef5cadbce20258b0ee91f951453512bb453d0b78c7,64209561,54,0x6aa80dbbed9ae5ab45fbf61f9644fada3b29326e,0x039ec98a76f111092d4751365ff09dd2aec301e8,9239.52869482488
0xb253e57ad7aaf2aab1c9d4ef5cadbce20258b0ee91f951453512bb453d0b78c7,64209561,56,0x039ec98a76f111092d4751365ff09dd2aec301e8,0xb92fe925dc43a0ecde6c8b1a2709c170ec4fff4f,9239.52869482488
0xb253e57ad7aaf2aab1c9d4ef5cadbce20258b0ee91f951453512bb453d0b78c7,64209561,59,0xb92fe925dc43a0ecde6c8b1a2709c170ec4fff4f,0xa91392aea58fc1543b0d9b314b0cfab7e1dc7da6,9239.52869482488
0x1dd1fafa76a5ff880a2f6a1d0ce74cba8b62b55dcc70c49f5ef447cd8f769909,64210067,43,0x8366a39cc670b4001a1121b8f6a443a643e40951,0xfb0d8b94027c5109ae89c5f08b025cc598cf6f49,43576.50245821273
0xcffd4dc1969f69e7c6a6f849673c34fd102c7612808c18bb14a3ff4ab4e79709,64210162,3,0x8366a39cc670b4001a1121b8f6a443a643e40951,0xfb0d8b94027c5109ae89c5f08b025cc598cf6f49,43470.83557297506
0x5172035f1e5995044bbb5b3b6d3213369a55502accfa13b319632261f00e51ea,64210232,6,0x8366a39cc670b4001a1121b8f6a443a643e40951,0xfb0d8b94027c5109ae89c5f08b025cc598cf6f49,43365.55256330203
0x70614e80a2cfd3085ffcf7340233176e5830e43a3779f40eeec296027a3ab44e,64210361,4,0x8366a39cc670b4001a1121b8f6a443a643e40951,0xfb0d8b94027c5109ae89c5f08b025cc598cf6f49,43250.30270758807
0x458211fdf9b62b69267cc2b28a99c413a43b56f0c8f49c744097f81f134bf479,64213166,3,0x8366a39cc670b4001a1121b8f6a443a643e40951,0xfb0d8b94027c5109ae89c5f08b025cc598cf6f49,85459.17499878776
0x61c635d4e7afc281438d605a4842a53601df3b50038ea6ffe8cf174774753080,64216362,229,0x8366a39cc670b4001a1121b8f6a443a643e40951,0xa9076b5ba0aa393915cc4143653e7a01b96b5e12,30650.920483947637
0x5fb782a9a9acbdd592b84ef21204bb5372a25feec62db97611b852d988f20208,64217320,33,0x65ee0e9d98ed1564655ac51d78ffd6ef61f66404,0x6aa80dbbed9ae5ab45fbf61f9644fada3b29326e,17910.730012787797
0x5fb782a9a9acbdd592b84ef21204bb5372a25feec62db97611b852d988f20208,64217320,36,0x6aa80dbbed9ae5ab45fbf61f9644fada3b29326e,0x039ec98a76f111092d4751365ff09dd2aec301e8,17910.730012787797
0x5fb782a9a9acbdd592b84ef21204bb5372a25feec62db97611b852d988f20208,64217320,38,0x039ec98a76f111092d4751365ff09dd2aec301e8,0xb92fe925dc43a0ecde6c8b1a2709c170ec4fff4f,17910.730012787797
0x5fb782a9a9acbdd592b84ef21204bb5372a25feec62db97611b852d988f20208,64217320,41,0xb92fe925dc43a0ecde6c8b1a2709c170ec4fff4f,0xca8ab66188924815df38cac43165ae8c220f1a4b,17910.730012787797
