source,economic_source,tokens,transactions,recipients
canonical_swap_output,0x8366a39cc670b4001a1121b8f6a443a643e40951,783934.9553734326,67,26
other_custody_output,0x65ee0e9d98ed1564655ac51d78ffd6ef61f66404,78435.37587449331,17,8
verified_secondary_swap_output,0xbbd8f14be91b0eab9dcc6538b8360de243c8a4ca,52684.48156805413,43,16
outside_wallet_inventory,0xe4385370a92c6ab64758bc7a9f672e5c1d022ba1,18938.182373582356,1,1
other_custody_output,0xbbd8f14be91b0eab9dcc6538b8360de243c8a4ca,8671.31468120168,2,2
outside_wallet_inventory,0x5c67eb8ddda6dcec008c624520ffc4bb8bfd1490,6000.0,1,1
outside_wallet_inventory,0xa816e64800eb83dee36f304c16724f4d031b479c,2631.116236035757,1,2
outside_wallet_inventory,0xe1f2358baa335db295766600c13d36c1629d8726,1015.4182867805455,1,1
outside_wallet_inventory,0x8b77af2f1f0153c898148f279e71d3e24c176183,993.4627814487178,44,1
same_group_inventory_via_relay,0x90738366a044c13ea0a1393d1761d7625ed3f0a9,875.0590605761704,16,5
same_group_inventory_via_relay,0x5f1d998a2681d13e41b16276640535ae1f422bbe,499.8134854193138,9,2
outside_wallet_inventory,0x27268ad0190fea06a6a42587388e4fc94f480c67,328.945838740897,1,1
verified_secondary_swap_output,0x17df14744076421e165d04372f196885c6292417,276.78010379954003,1,1
outside_wallet_inventory,0xc07e69b06fe3a4d45fbd29c127a1a037ccbd71f9,270.0148524267977,4,2
outside_wallet_inventory,0xa86ac77dc885e68485b9ea2c38c4ea3d9b4bb5d2,207.54868007007914,1,1
outside_wallet_inventory,0xb35f51643dd273c2b74290357d425f8fc3c86886,203.31703071610508,3,1
outside_wallet_inventory,0x64003eecfba14a3d1bc0aa67516f075ac60c2518,173.57623318512077,1,1
outside_wallet_inventory,0x91a784c77e8c8875a5d87a4717a634f28c244c5a,164.8300050028629,1,1
outside_wallet_inventory,0x0339fc776ce3828d07820f979b47d46026071dbd,162.570156,2,2
outside_wallet_inventory,0xbf6cc1f7b3cc58ff1be5211ca2db75c29e8fec7c,159.47744876873244,2,1
outside_wallet_inventory,0xb8fd098d3d78b9b2d3d1b0531e5d8072087b7181,156.02843354190446,1,1
outside_wallet_inventory,0xfefaf388bf9d558b68d9e00e2983c2df93e176d1,150.00000000000003,2,1
outside_wallet_inventory,0x14d6217818368e45167022c004e20a42b5d5fa20,146.90018383849088,2,1
outside_wallet_inventory,0x0012112f103d3ea4420547efa49a4ebd135fe833,140.63723178973876,1,1
outside_wallet_inventory,0xf23b9d65f1fdb0b6d46db4b88a6641a4f5cde785,138.99210708855512,1,1
outside_wallet_inventory,0xcf302cebde84948d5752e25cec50d6453329fb4b,131.48612990316,1,1
outside_wallet_inventory,0x881877a0e28adbe56aaaf0f1aa3e4371c1dbfc53,126.76298421440231,1,1
outside_wallet_inventory,0x904cb088b9a2a81deaffeb463ea2f1b64736a301,126.02716968414592,1,1
outside_wallet_inventory,0x947a6dbc91d3b3d6d1f0b4c1d79c89997e99b125,125.24405903023286,1,1
outside_wallet_inventory,0xee7ac1ed8dff95a5f57caec96b4fe05973c94c44,120.42645884689136,1,1
outside_wallet_inventory,0xcf4e890f43b6fdccae192a414aa0b6247e19663e,117.6912087045439,1,1
outside_wallet_inventory,0xad84ca8f023225df1817b6de8c4f0c606557c167,117.19285084795445,1,1
outside_wallet_inventory,0x65c55b53c252325649eb8607cb9f6121ea716937,113.29308958911236,1,1
outside_wallet_inventory,0x9340360592f0f40f9e4a5d9ea214b18f48345189,112.79904716434929,1,1
same_group_inventory_via_relay,0x42d69fdf6672a14f9d65f333d7c211ffd13b6e77,112.20446638955798,2,1
same_group_inventory_via_relay,0x53426fb8d9f01b8419bdcd92b8266b3d733c490d,111.54655946927835,1,1
outside_wallet_inventory,0xc069384401929b54abe5a61cc637863ed303fc2d,110.38840241526896,1,1
outside_wallet_inventory,0x9b190752b3686b25b7c8ae2085bac073717615dc,102.59662839141998,1,1
outside_wallet_inventory,0x32bc88a9922f14c700b5fab047c391e3e08b7d11,94.92983150066925,1,1
outside_wallet_inventory,0x0974705dba672386fae3329ffffac129879c5342,88.1341841860319,1,1
outside_wallet_inventory,0x1e2b62cfd83372b4705f810a02370f138a4348e7,85.56972999999999,1,1
outside_wallet_inventory,0xd855616bd62f82e6a87d1a906bc0622306c9f163,85.01473349910097,2,1
outside_wallet_inventory,0x4b78e5f2a155fca97c2f1431d0d86c016ed7b0ff,82.17688837122,1,1
outside_wallet_inventory,0xadb9d864bddde2f12f6494c6a4e07a6f0010f8ba,81.59213287248488,1,1
outside_wallet_inventory,0x003c8e8e09d7e4b79bcc77f5c3d88a511ec20146,79.76668241251242,1,1
outside_wallet_inventory,0x34101568377686b2912a6b617e3aa92689e6c499,76.87746896775079,1,1
outside_wallet_inventory,0xa1b635a796a798c58d4e04247afa32c0c87220fe,76.49253547945807,1,1
outside_wallet_inventory,0xa400e8223cd92d78962735bd9c466cd30e4852ac,75.57454094260719,1,1
outside_wallet_inventory,0x35d9b8ecc806c0ede16c231e017fcc52f585db3c,73.84493426378924,1,1
outside_wallet_inventory,0x02b9e2edcc8388c22f7e87009ccc5f89366cd3a1,73.79521840159866,1,1
outside_wallet_inventory,0xddc2eba72e4169759a595afd63bfba78cb814109,73.67334881054163,1,1
outside_wallet_inventory,0xa162d72d4b6f2fb67d077bba24af44dfc7b608b6,70.58494515914313,2,2
outside_wallet_inventory,0x5403abf032abe30b9b97988a03da34f142414d25,68.46976307431787,1,1
outside_wallet_inventory,0xdb9e9500c01ce4eb04a35471f4346611ede7964f,67.81961707352184,2,1
outside_wallet_inventory,0x23dd0b4191b21aebb6e46f0738510e226ec62a4b,67.22485362157873,1,1
outside_wallet_inventory,0x4a81aed6281ea8c2658a5f2d6cab17f61c597fb5,66.0,1,1
outside_wallet_inventory,0x550b0eab7e87311ea12d9f50c842de3e09a10e91,64.82568466265336,1,1
outside_wallet_inventory,0xf878ba91fc4d0c83b363d03f041d9b81b8296757,64.33512913129347,1,1
outside_wallet_inventory,0x7458c2251baf3f97f700b3826541b8d2ffc48160,63.65475854067438,1,1
outside_wallet_inventory,0xb9b709ad5cd8fdbb1d7927fc2091ad1debed9642,63.4434231330394,1,1
same_group_inventory_via_relay,0x910d051607ecba7ec107beff6a114ba77233e087,63.027125707109704,1,1
outside_wallet_inventory,0x70bb9c7d457866ae8412a53852c95520fa425c5f,60.1245845064645,1,1
outside_wallet_inventory,0x84860b9ac8cb1060f13e17864b9ca9d86d3e62c6,59.61675972457937,1,1
outside_wallet_inventory,0x1b2e69d5dd0b6bb2fdb4efc1f8ea6e8f116a8657,59.092515102639595,1,1
outside_wallet_inventory,0x494caa6db551fd5073be1f237449139cb243f8df,58.23310943846763,1,1
outside_wallet_inventory,0xf980fbc2f9263e41118990aca6f7385ef117c724,58.12546956386609,1,1
outside_wallet_inventory,0x118e9e978767e9e7f42ff5b094dc5ba67db945d9,55.58186650739681,1,1
outside_wallet_inventory,0xf63682e4a76f36590eda52de2d4e765a0007d028,55.08370249338605,1,1
outside_wallet_inventory,0x2497dfb4e438be6eed733c47a47e37d30d4e1ccf,52.64516108232351,1,1
other_custody_output,0x17df14744076421e165d04372f196885c6292417,52.27296741310494,1,1
outside_wallet_inventory,0xb6518ab3a5b14c0c9d87cdb397e93746c36fe8ba,51.211,1,1
outside_wallet_inventory,0x31a93fec5e021c2ed9835cabf8009709661b8eeb,49.99999999999999,1,1
outside_wallet_inventory,0xe6347d89959424f7fdc9620fba675ecc0ce1caeb,48.624597933083805,1,1
same_group_inventory_via_relay,0x8908253a36effaf7c284dc044f22d90fc9a3139d,48.09426098108156,1,1
outside_wallet_inventory,0xbe493ceac5425c2634e62aa7b284045bcdb1c1dc,47.60643448522079,1,1
outside_wallet_inventory,0x8bf5936bb2d31d6ced69978869f0e25b3cf43636,47.14233335013125,1,1
outside_wallet_inventory,0xbc942bc9a373523287f112c27c2319ae509b32c3,45.66642487966564,1,1
outside_wallet_inventory,0x4f8789a05fc744f637a71c84ab866f5a0ca98628,45.168830107693225,1,1
outside_wallet_inventory,0x81c677f2c550734c7a7873dc87d8311e5d5728f3,44.77454673783517,1,1
outside_wallet_inventory,0xefda073f20335a26d97c1852d002eb1e24425b2a,44.03910179933355,1,1
outside_wallet_inventory,0xf7f15c060c53ef137c8edcea795d0e278c93b45c,44.018530242665726,1,1
outside_wallet_inventory,0xe1cfb4915a4729278ef66c769535504c9be2fb47,43.691605773823056,1,1
outside_wallet_inventory,0x973b8e29706a64b011c47797a8e0af6eb4f931f6,43.3406752024785,1,1
outside_wallet_inventory,0x6a64b0ddd48e41bfca37d7471b20744b898c790d,43.31659307809052,1,1
outside_wallet_inventory,0x1f3134df24cbe5a82f83f24e3ec87ce7513690f8,42.204259251480615,1,1
outside_wallet_inventory,0xecce3c38e0e5e21ee963fea964888e4b532a67c3,42.07778579396631,1,1
outside_wallet_inventory,0x3177045f1ea5c6eac2923414aae79407208c95a4,41.41066844732943,1,1
outside_wallet_inventory,0xf79530f911d8d12b38dab41d1f85d25e2041bacd,41.09629743111532,1,1
outside_wallet_inventory,0x8e5bbcddcf4d27ae6355f2e319fd7bb1e54e1bb0,40.46913455386709,1,1
outside_wallet_inventory,0x09c53534b33ed2ed66868e048e1f648bd1803353,40.26109390734348,1,1
outside_wallet_inventory,0x8e6b35a59a00f02d58f2947aede22bbca097d9e4,40.12389387499786,1,1
outside_wallet_inventory,0xd083d2e970004cdc80600c8309c49b36588e1fad,39.45395723191001,1,1
outside_wallet_inventory,0x394b8b7f9589292364eabfdee9e366f07adc9b69,39.32343257453745,2,1
outside_wallet_inventory,0x65e4c0e89deaee1df2afa44918fe4acd68b24a61,39.098269015193466,1,1
outside_wallet_inventory,0xe7cb3d9f743caca99b087f903d780e54753262ff,39.00474681916961,1,1
outside_wallet_inventory,0x9075b0da84c8fb06f400140b09e23072418dcf13,38.97849961138484,1,1
outside_wallet_inventory,0xb2cd73057f469b2411e7b93f8397748330c94ab1,38.56666858292316,2,1
outside_wallet_inventory,0xf4bd8fa1f25b47f82283f3ec5360411e2b5349fa,38.26241980420379,1,1
outside_wallet_inventory,0x5669fe29e253d4909d0e56b689e4c31ed954cd31,38.17667426133665,1,1
outside_wallet_inventory,0x346cd1bd24fabc7291d1c0c56b773858225dce9f,37.666621059839926,1,1
outside_wallet_inventory,0x7eca68ffb841e61215118912600da9fdb9316237,37.450749887985005,1,1
outside_wallet_inventory,0x2a3db8633f30cefd12d2d1cfbb5216ce529d436b,35.739707781946905,2,1
outside_wallet_inventory,0xdc8d9e8830f0517e527ec5e1e14affa64354643a,35.728463676,1,1
outside_wallet_inventory,0xbddbff130561a278814493778b4fbd3e4abfdba6,35.702977585883794,1,1
outside_wallet_inventory,0x12425231e03fa048648a44592d529eaf332be8ad,34.93979504642244,1,1
outside_wallet_inventory,0xd48fa22d6170048027f22b50d10502e3ec6e748d,34.1259931354056,1,1
outside_wallet_inventory,0x7318816e6de00ab0e5d07ebbafc025e5bb0591cd,33.90486815085243,1,1
outside_wallet_inventory,0xc49bd9d9b2ef29fab0b6f153d3b767b347477c65,32.87525885984247,1,1
outside_wallet_inventory,0xce6063f6d8deacd24455ed92e94dd9f95e95ef2e,32.669773925162495,1,1
outside_wallet_inventory,0x1978c059753db1b9696fc31030fcb29ab1849932,32.476398033913284,2,2
outside_wallet_inventory,0x6cb05fbf71fb59a28aa752cd72dcfcecbb2437e2,31.686313308210728,1,1
outside_wallet_inventory,0xa317f0d52971b1f7f77976a61c049fbd41439b5b,31.246460214731286,1,1
outside_wallet_inventory,0xb73b4727d2005918b5507446d7e0337de5b382be,30.849649433039517,1,1
outside_wallet_inventory,0x4089df79ee5e1ff797e8ac91bbf161842ddace83,30.21872375294229,1,1
outside_wallet_inventory,0x79660afba8a11fc89c9683a4e92b9e9b8d3b65e4,30.0,1,1
outside_wallet_inventory,0xe74e9b0f3449d3f8df9c503e065161f4c6d6c023,28.655383348467787,1,1
outside_wallet_inventory,0xa4ce500dc0a2efa0591d86c8b00acbf604584dc2,27.115423614378862,3,1
outside_wallet_inventory,0xba47a33accb9e013dd6817ea981ef6591aca6a39,26.98523674495732,1,1
outside_wallet_inventory,0x9a3c72f01e5c2e5e43bef9887155b4931ff0d0ba,26.660433475116633,1,1
outside_wallet_inventory,0xe955b862929f995e385a8310e07cf353aeabaf90,26.06420097948051,1,1
outside_wallet_inventory,0xdbecff5e4c8417a542f53903412e20beb04eed1b,26.046541314080393,1,1
outside_wallet_inventory,0x6d22a2081775c5ec4d995c44d504bbb1d1c0bb86,25.11312395082473,1,1
outside_wallet_inventory,0x266b032a1893122eac893e26aaddb94997778394,25.051216598176122,1,1
outside_wallet_inventory,0x2ed95f0e63ec4b4a7d33438f04b5bb25ad945915,25.0,1,1
outside_wallet_inventory,0xcaef0f46414a9cd6100e5c797c103d0533c95a6a,24.60708039955469,1,1
outside_wallet_inventory,0x3a0aeab30280c3f4758aa09ea3b344d1b9ddb3fb,24.31942926163583,1,1
outside_wallet_inventory,0x678ff794230146a64802f8d66895fa451bd1863a,23.823762725922393,1,1
outside_wallet_inventory,0xc9fcccc16f98301aa227dfdf66ccd2661db1b01b,23.186651021361243,1,1
outside_wallet_inventory,0x7fc565d6745aab2d0d45cb95f749a2d105c7b88c,22.812116216985622,1,1
outside_wallet_inventory,0xf8709567d1312c660e5f638a8c6e82657799c4ac,22.53272411210245,1,1
outside_wallet_inventory,0x86f8ff6ab98cf511b48bc4e29aacacd05e05d967,22.365846922782453,1,1
outside_wallet_inventory,0xcdd202d90db7a72712e6186e9542a2f0bde29b3f,22.119338028139193,1,1
outside_wallet_inventory,0x3f666cbf8b2440e2447f7780e501728cdae882ec,22.05467027569214,1,1
outside_wallet_inventory,0x9d5e3798b8dcc13aa457e3bcc15bd99a3f4a17a4,22.034421598808198,1,1
outside_wallet_inventory,0x4f92999f3746a34efdbac7227a6640ea776745e2,21.846076905941686,1,1
outside_wallet_inventory,0x62d28baddc06b01432982099a76231676e060e81,21.437812213467623,1,1
outside_wallet_inventory,0xe36f225f049f5540988d451b1d0b161a3dd5a2c5,21.34887806596123,1,1
outside_wallet_inventory,0xa3330236ef218f50c866ad34095f62cf23b56c55,20.42052516755691,1,1
outside_wallet_inventory,0x5b17f31b206a32a4bb66a584590b638cf7f91fae,19.81130268064573,1,1
outside_wallet_inventory,0x1abd545ca8250b9f89fddaf77daa2c429acbaf93,19.761613019477146,1,1
outside_wallet_inventory,0x8b7d0f3d55dc7d171cb9cacb090801462765d1ee,19.620172208606085,1,1
outside_wallet_inventory,0x05fc1c99bb6f9ed82bf329a73645c9d360c392fc,19.33562782783497,1,1
outside_wallet_inventory,0x4ef16e673281f0f529ae6bd5ed375f19c94d69ff,18.918648941596636,1,1
outside_wallet_inventory,0x1dbf61a0398894a634617dd46dcc1a6589a512bb,18.884142578636247,1,1
outside_wallet_inventory,0xaf2b277cadd6213d63bd9aaba47dde8ed768eab0,17.766863945001866,1,1
outside_wallet_inventory,0x6a1f8d7ce5a548c27186bd50aaa8995da32dd809,15.76454887557739,1,1
outside_wallet_inventory,0x06e4750d591758c9cb06927c98c3a7f21abbf10c,15.071430891175602,1,1
outside_wallet_inventory,0xc4d8c7cb58643e673f4ce545789ceba92236dd4d,14.981594041600001,1,1
outside_wallet_inventory,0x65fd495c0f767563c2b95bc289630421f226481e,14.493834854066248,1,1
outside_wallet_inventory,0x7338e0f39f914ba77716550515439d9b4c8c3760,13.127729534052337,1,1
outside_wallet_inventory,0x13de0e5344a5c4ddf857240c3a73591429ce9ebf,12.854806216668836,1,1
outside_wallet_inventory,0xbe7a6e80f19b242c109dc71d1b86238862b5d86d,12.675899518286485,1,1
outside_wallet_inventory,0xd69c0c1f6774e790524db2fe34ccd176f557985d,12.2488121703,1,1
outside_wallet_inventory,0x49740435645b0b991faa92f44beaf62d99e4c4b9,12.007979971859397,1,1
outside_wallet_inventory,0xe4e0048dd1a4ba5097851b32b6765963dd38e8c3,11.339821845300001,1,1
outside_wallet_inventory,0xe7be571b4bddad935bbd586050cfafba67e3b725,10.901471554964637,1,1
outside_wallet_inventory,0x4cc563f67f2596c6cf88e1f6edee134c5618eff5,10.777097764916155,1,1
outside_wallet_inventory,0x5849706185db8313b4a5a53da27d04888191883a,10.428954188442265,1,1
outside_wallet_inventory,0xd824dcb2c8a860eaa57153144955df76c352e8df,10.011559296852521,1,1
outside_wallet_inventory,0x09f853022bfce41ba91a2f1ec4f905801cef5f35,10.0,1,1
outside_wallet_inventory,0x72c03da5328b4e0bbd2a55582761920e14a52c9f,8.818109954417379,1,1
outside_wallet_inventory,0x0a8c6f56bafdd35dd1ed38c328307ad2cc0ddd7f,8.29861501983937,1,1
outside_wallet_inventory,0x6a8894946d22de70067dad03add6396f1af23f24,6.600355830834706,1,1
outside_wallet_inventory,0xa8e31bb0c478da110066a33020be1daa64225543,6.463781886348824,1,1
outside_wallet_inventory,0x0e75e9c88037bb81fc4297bcafe51fae5d3f1481,5.491921838504031,1,1
outside_wallet_inventory,0x53a4523b19f409e2d256b18b7d2797941a59f191,5.332577439923733,1,1
outside_wallet_inventory,0xb403519271264648ee4829911803220a540853c3,4.618117484179669,1,1
outside_wallet_inventory,0x874fa2618ce1412c6dbd1550d7dc9ad1f548e83d,4.152268228544538,1,1
outside_wallet_inventory,0x1416a4f604bc544fdfe0b56dda5704a38a1073a6,4.074069087657732,1,1
other_custody_output,0x8366a39cc670b4001a1121b8f6a443a643e40951,2.155676720988444,2,1
outside_wallet_inventory,0x879bc6f607f1c4080528e4382562152ea92bbd91,1.9895496069248764,1,1
outside_wallet_inventory,0x9bd82b2d3dc3c939f20a52ada028b06bc79e2498,1.6262073490071642,1,1
outside_wallet_inventory,0x3d25ff668ea1918256c4c911a5cbde61378e8d99,1.0122518009527213,1,1
outside_wallet_inventory,0xeca7e46dad52536132b36fea2673100154d8c844,5.969499999999994e-14,1,1
