tx,sender,destination,value_ETH,nonce,block
0xa5d95e7891e6993e126dac6bb9668850ab33732bd2e4511a5552d06368c923c8,0x47d579fe2962cca1f2936b30be1981eae391b1fe,0x8876789976decbfcbbbe364623c63652db8c0904,30.0,0,64289723
0xa001eb5ae96d68a88b0bfe29ba405b35697a237253aabe914a6cf439e7061c4e,0x47d579fe2962cca1f2936b30be1981eae391b1fe,0x8876789976decbfcbbbe364623c63652db8c0904,29.9,1,64289882
0x1774395e1a7925a5102ca150b5b0610246af8b812481e8e1289b575a218076e1,0x47d579fe2962cca1f2936b30be1981eae391b1fe,0x8876789976decbfcbbbe364623c63652db8c0904,1.0,2,64290332
0x3242550b0ac7462c9207d87f68d51f5830923be93a1804906267b00f520aca89,0x47d579fe2962cca1f2936b30be1981eae391b1fe,0xb300000b72deaeb607a12d5f54773d1c19c7028d,10.0,3,64379848
0xbd07dad72efb0054e99e533cdf24aa7371cf492b76c080de60393f2bf30698a1,0x456408c79e4bed7c58d04098438971255bfa98f0,0x8876789976decbfcbbbe364623c63652db8c0904,1.0,136,64379985
0xf960481668d4317c046ca9bf7cb1336dcb6a510f6bb318952a3856c04fb6333a,0x456408c79e4bed7c58d04098438971255bfa98f0,0x8876789976decbfcbbbe364623c63652db8c0904,1.0,137,64379990
0x0aca3d39d554d56286c01cec019bbd131f989ab1516470555add120f7a600b23,0x456408c79e4bed7c58d04098438971255bfa98f0,0x8876789976decbfcbbbe364623c63652db8c0904,1.0,138,64379996
0xc15561a3da68e98ab888e6a15cabc50e117eef83c7f311a97d37d60c6e9043d9,0x456408c79e4bed7c58d04098438971255bfa98f0,0x8876789976decbfcbbbe364623c63652db8c0904,1.0,139,64380002
0x6dc67b18eadfbc68165d92ad57839c31af545c43ed1e391eeeceaf039d8f5982,0x456408c79e4bed7c58d04098438971255bfa98f0,0x8876789976decbfcbbbe364623c63652db8c0904,1.0,140,64380007
0xded1105730363a232243a73f2151480ba71544240ab69e476290a717492bed9a,0x456408c79e4bed7c58d04098438971255bfa98f0,0x8876789976decbfcbbbe364623c63652db8c0904,1.0,141,64380014
0xa7322bea70db1fe4bdbd047ec0b5412eacf9c8c1d2a3bb2bc43aee3f54cf5313,0x456408c79e4bed7c58d04098438971255bfa98f0,0x8876789976decbfcbbbe364623c63652db8c0904,1.0,142,64380019
0xaf541066a322696c0b2b5ad93504e6dc5070e06838e49884648913620b12ec39,0x456408c79e4bed7c58d04098438971255bfa98f0,0x8876789976decbfcbbbe364623c63652db8c0904,1.0,143,64380025
0x92011a0a513adb0baba9fcbf6061deff4ebabcf35938cef93759905cfa43f2bb,0x456408c79e4bed7c58d04098438971255bfa98f0,0x8876789976decbfcbbbe364623c63652db8c0904,1.0,144,64380034
0xeddf86be6c64d9b09c030b811a80e7846303aa74b11f8d6ecf23ed27c0e7e298,0x456408c79e4bed7c58d04098438971255bfa98f0,0x8876789976decbfcbbbe364623c63652db8c0904,1.0,145,64380041
0x0ed48279632f04e7e3dc23a7a442eeb36fd6732962affb7f967e2a7334940337,0x47d579fe2962cca1f2936b30be1981eae391b1fe,0xb300000b72deaeb607a12d5f54773d1c19c7028d,9.0,4,64380381
0x29f9c4d79360e009cd30dfd9ce246881a27198b40827e1e56c0d36a4d04b240a,0x456408c79e4bed7c58d04098438971255bfa98f0,0x8876789976decbfcbbbe364623c63652db8c0904,0.5,146,64380649
0x04b8205099213c78d5d238ef9960e08fe07a268ec38bc8693e222e3f0669f756,0xf9d33da08b05e3a78b878ebbedc50485d6e49374,0x5399d94d2cab7c252a6034042e1917a0e5e17a18,0.0,56730,64380680
